{"model_id": {"0": "256-256-256", "1": "256-256-256", "2": "512-256", "3": "512-256", "4": "512-256-128", "5": "512-256-128", "6": "512-512", "7": "512-512"}, "optimizer": {"0": "Adam", "1": "Adam", "2": "Adam", "3": "Adam", "4": "Adam", "5": "Adam", "6": "Adam", "7": "Adam"}, "learning_rate": {"0": 0.001, "1": 0.01, "2": 0.001, "3": 0.01, "4": 0.001, "5": 0.01, "6": 0.001, "7": 0.01}, "input_prob": {"0": 0.0, "1": 0.0, "2": 0.0, "3": 0.0, "4": 0.0, "5": 0.0, "6": 0.0, "7": 0.0}, "hidden_prob": {"0": 0.0, "1": 0.0, "2": 0.0, "3": 0.0, "4": 0.0, "5": 0.0, "6": 0.0, "7": 0.0}, "weight_constraint": {"0": 0, "1": 0, "2": 0, "3": 0, "4": 0, "5": 0, "6": 0, "7": 0}, "loss": {"0": 0.14506833255290985, "1": 0.14960794150829315, "2": 0.20293062925338745, "3": 0.16832731664180756, "4": 0.1452406644821167, "5": 0.15948042273521423, "6": 0.16873015463352203, "7": 0.14523658156394958}, "accuracy": {"0": 0.9410677552223206, "1": 0.9408119916915894, "2": 0.9179663062095642, "3": 0.9325768351554871, "4": 0.9412136077880859, "5": 0.9368151426315308, "6": 0.9316182732582092, "7": 0.9422295689582825}, "val_loss": {"0": 0.16547663509845734, "1": 0.18220831453800201, "2": 0.21659332513809204, "3": 0.19618470966815948, "4": 0.1722225844860077, "5": 0.18250414729118347, "6": 0.19012756645679474, "7": 0.19509899616241455}, "val_accuracy": {"0": 0.9347690343856812, "1": 0.9309825301170349, "2": 0.9138572812080383, "3": 0.9242056012153625, "4": 0.932402491569519, "5": 0.930337131023407, "6": 0.9236246943473816, "7": 0.9291968941688538}, "training_time": {"0": 330.503106, "1": 326.109336, "2": 323.095061, "3": 319.805532, "4": 342.052464, "5": 343.742363, "6": 350.771393, "7": 340.160252}}