{"model_id": {"0": "512-256"}, "optimizer": {"0": "Adam"}, "learning_rate": {"0": 0.001}, "input_prob": {"0": 0.005}, "hidden_prob": {"0": 0.005}, "weight_constraint": {"0": 0}, "loss": {"0": 0.2358291745185852}, "accuracy": {"0": 0.9055549502372742}, "val_loss": {"0": 0.2123114913702011}, "val_accuracy": {"0": 0.9140939116477966}, "training_time": {"0": 374.147941}}