{"model_id": {"0": "256-256-256"}, "optimizer": {"0": "Adam"}, "learning_rate": {"0": 0.01}, "input_prob": {"0": 0.0005}, "hidden_prob": {"0": 0.05}, "weight_constraint": {"0": 0}, "loss": {"0": 0.25636935234069824}, "accuracy": {"0": 0.896418571472168}, "val_loss": {"0": 0.21304580569267273}, "val_accuracy": {"0": 0.9142014980316162}, "training_time": {"0": 393.699631}}