{"model_id": {"0": "256-256-256"}, "optimizer": {"0": "Adam"}, "learning_rate": {"0": 0.001}, "input_prob": {"0": 0.0005}, "hidden_prob": {"0": 0.0005}, "weight_constraint": {"0": 0}, "loss": {"0": 0.15470711886882782}, "accuracy": {"0": 0.9387442469596863}, "val_loss": {"0": 0.16099870204925537}, "val_accuracy": {"0": 0.9368343949317932}, "training_time": {"0": 458.340379}}