{"model_id": {"0": "512-256"}, "optimizer": {"0": "Adam"}, "learning_rate": {"0": 0.001}, "input_prob": {"0": 0.5}, "hidden_prob": {"0": 0.5}, "weight_constraint": {"0": 0}, "loss": {"0": 0.7758364677429199}, "accuracy": {"0": 0.6492465138435364}, "val_loss": {"0": 2.3589813709259033}, "val_accuracy": {"0": 0.3781760334968567}, "training_time": {"0": 380.385777}}