{"model_id": {"0": "256-256-256"}, "optimizer": {"0": "Adam"}, "learning_rate": {"0": 0.01}, "input_prob": {"0": 0.5}, "hidden_prob": {"0": 0.005}, "weight_constraint": {"0": 0}, "loss": {"0": 0.7466485500335693}, "accuracy": {"0": 0.6620020866394043}, "val_loss": {"0": 3.092426300048828}, "val_accuracy": {"0": 0.3179793953895569}, "training_time": {"0": 389.33912}}