{"model_id": {"0": "512-512"}, "optimizer": {"0": "Adam"}, "learning_rate": {"0": 0.01}, "input_prob": {"0": 0.005}, "hidden_prob": {"0": 0.005}, "weight_constraint": {"0": 0}, "loss": {"0": 0.19686657190322876}, "accuracy": {"0": 0.9222906231880188}, "val_loss": {"0": 0.19087852537631989}, "val_accuracy": {"0": 0.9243131875991821}, "training_time": {"0": 488.348162}}