{"model_id": {"0": "512-512"}, "optimizer": {"0": "Adam"}, "learning_rate": {"0": 0.01}, "input_prob": {"0": 0.0005}, "hidden_prob": {"0": 0.0005}, "weight_constraint": {"0": 0}, "loss": {"0": 0.15705975890159607}, "accuracy": {"0": 0.9392438530921936}, "val_loss": {"0": 0.17498309910297394}, "val_accuracy": {"0": 0.9333276152610779}, "training_time": {"0": 487.596473}}