{"model_id": {"0": "512-256-128"}, "optimizer": {"0": "Adam"}, "learning_rate": {"0": 0.001}, "input_prob": {"0": 0.005}, "hidden_prob": {"0": 0.0005}, "weight_constraint": {"0": 0}, "loss": {"0": 0.17041735351085663}, "accuracy": {"0": 0.9323282241821289}, "val_loss": {"0": 0.1675274819135666}, "val_accuracy": {"0": 0.9331124424934387}, "training_time": {"0": 416.5243}}