{"model_id": {"0": "512-512"}, "optimizer": {"0": "Adam"}, "learning_rate": {"0": 0.01}, "input_prob": {"0": 0.05}, "hidden_prob": {"0": 0.0005}, "weight_constraint": {"0": 0}, "loss": {"0": 0.26813602447509766}, "accuracy": {"0": 0.8885061740875244}, "val_loss": {"0": 0.37995976209640503}, "val_accuracy": {"0": 0.8557905554771423}, "training_time": {"0": 490.464569}}