{"model_id": {"0": "512-256-128"}, "optimizer": {"0": "Adam"}, "learning_rate": {"0": 0.001}, "input_prob": {"0": 0.0005}, "hidden_prob": {"0": 0.0005}, "weight_constraint": {"0": 0}, "loss": {"0": 0.1497691124677658}, "accuracy": {"0": 0.9407809376716614}, "val_loss": {"0": 0.16217947006225586}, "val_accuracy": {"0": 0.9371140599250793}, "training_time": {"0": 416.526737}}