{"model_id": {"0": "512-256-128"}, "optimizer": {"0": "Adam"}, "learning_rate": {"0": 0.01}, "input_prob": {"0": 0.05}, "hidden_prob": {"0": 0.0005}, "weight_constraint": {"0": 0}, "loss": {"0": 0.29464513063430786}, "accuracy": {"0": 0.8776199817657471}, "val_loss": {"0": 0.2914982736110687}, "val_accuracy": {"0": 0.8802090883255005}, "training_time": {"0": 468.92672}}