{"model_id": {"0": "512-512"}, "optimizer": {"0": "Adam"}, "learning_rate": {"0": 0.01}, "input_prob": {"0": 0.05}, "hidden_prob": {"0": 0.005}, "weight_constraint": {"0": 0}, "loss": {"0": 0.2918672561645508}, "accuracy": {"0": 0.8787171840667725}, "val_loss": {"0": 0.3131631016731262}, "val_accuracy": {"0": 0.874658465385437}, "training_time": {"0": 487.906679}}