{"model_id": {"0": "256-256-256"}, "optimizer": {"0": "Adam"}, "learning_rate": {"0": 0.001}, "input_prob": {"0": 0.005}, "hidden_prob": {"0": 0.0005}, "weight_constraint": {"0": 0}, "loss": {"0": 0.17095905542373657}, "accuracy": {"0": 0.9324931502342224}, "val_loss": {"0": 0.17216609418392181}, "val_accuracy": {"0": 0.9298207759857178}, "training_time": {"0": 394.700924}}