{"model_id": {"0": "512-256-128"}, "optimizer": {"0": "Adam"}, "learning_rate": {"0": 0.01}, "input_prob": {"0": 0.005}, "hidden_prob": {"0": 0.05}, "weight_constraint": {"0": 0}, "loss": {"0": 0.2736494243144989}, "accuracy": {"0": 0.8884631395339966}, "val_loss": {"0": 0.21283768117427826}, "val_accuracy": {"0": 0.9126955270767212}, "training_time": {"0": 465.673762}}