{"model_id": {"0": "512-256-128"}, "optimizer": {"0": "Adam"}, "learning_rate": {"0": 0.01}, "input_prob": {"0": 0.0005}, "hidden_prob": {"0": 0.05}, "weight_constraint": {"0": 0}, "loss": {"0": 0.2464505434036255}, "accuracy": {"0": 0.9005206227302551}, "val_loss": {"0": 0.21308866143226624}, "val_accuracy": {"0": 0.914567232131958}, "training_time": {"0": 417.386748}}