{"model_id": {"0": "512-512"}, "optimizer": {"0": "Adam"}, "learning_rate": {"0": 0.01}, "input_prob": {"0": 0.0005}, "hidden_prob": {"0": 0.5}, "weight_constraint": {"0": 0}, "loss": {"0": 0.5045958757400513}, "accuracy": {"0": 0.7886204123497009}, "val_loss": {"0": 0.4642348885536194}, "val_accuracy": {"0": 0.8114928603172302}, "training_time": {"0": 489.170191}}