{"model_id": {"0": "256-256-256"}, "optimizer": {"0": "Adam"}, "learning_rate": {"0": 0.001}, "input_prob": {"0": 0.0005}, "hidden_prob": {"0": 0.05}, "weight_constraint": {"0": 0}, "loss": {"0": 0.167866051197052}, "accuracy": {"0": 0.93198162317276}, "val_loss": {"0": 0.14410355687141418}, "val_accuracy": {"0": 0.9419547915458679}, "training_time": {"0": 435.474287}}