{"model_id": {"0": "256-256-256"}, "optimizer": {"0": "Adam"}, "learning_rate": {"0": 0.01}, "input_prob": {"0": 0.05}, "hidden_prob": {"0": 0.05}, "weight_constraint": {"0": 0}, "loss": {"0": 0.3686668872833252}, "accuracy": {"0": 0.8462522029876709}, "val_loss": {"0": 0.3453066051006317}, "val_accuracy": {"0": 0.8572104573249817}, "training_time": {"0": 390.134075}}