{"model_id": {"0": "512-256"}, "optimizer": {"0": "Adam"}, "learning_rate": {"0": 0.01}, "input_prob": {"0": 0.0005}, "hidden_prob": {"0": 0.005}, "weight_constraint": {"0": 0}, "loss": {"0": 0.18706537783145905}, "accuracy": {"0": 0.926079511642456}, "val_loss": {"0": 0.1857145130634308}, "val_accuracy": {"0": 0.9257115721702576}, "training_time": {"0": 378.155168}}