{"model_id": {"0": "256-256-256"}, "optimizer": {"0": "Adam"}, "learning_rate": {"0": 0.001}, "input_prob": {"0": 0.05}, "hidden_prob": {"0": 0.005}, "weight_constraint": {"0": 0}, "loss": {"0": 0.2512366771697998}, "accuracy": {"0": 0.8952568173408508}, "val_loss": {"0": 0.28135401010513306}, "val_accuracy": {"0": 0.8838235139846802}, "training_time": {"0": 392.607549}}