{"model_id": {"0": "256-256-256"}, "optimizer": {"0": "Adam"}, "learning_rate": {"0": 0.001}, "input_prob": {"0": 0.005}, "hidden_prob": {"0": 0.005}, "weight_constraint": {"0": 0}, "loss": {"0": 0.17414477467536926}, "accuracy": {"0": 0.9305521249771118}, "val_loss": {"0": 0.1606249213218689}, "val_accuracy": {"0": 0.9361459612846375}, "training_time": {"0": 392.636131}}