{"model_id": {"0": "512-256-128"}, "optimizer": {"0": "Adam"}, "learning_rate": {"0": 0.01}, "input_prob": {"0": 0.0005}, "hidden_prob": {"0": 0.0005}, "weight_constraint": {"0": 0}, "loss": {"0": 0.17798587679862976}, "accuracy": {"0": 0.9298062920570374}, "val_loss": {"0": 0.192286416888237}, "val_accuracy": {"0": 0.9249370694160461}, "training_time": {"0": 414.945174}}