{"model_id": {"0": "512-256-128"}, "optimizer": {"0": "Adam"}, "learning_rate": {"0": 0.01}, "input_prob": {"0": 0.5}, "hidden_prob": {"0": 0.05}, "weight_constraint": {"0": 0}, "loss": {"0": 0.7641283273696899}, "accuracy": {"0": 0.6557438373565674}, "val_loss": {"0": 3.2749123573303223}, "val_accuracy": {"0": 0.21146275103092194}, "training_time": {"0": 470.025204}}