{"model_id": {"0": "512-256-128"}, "optimizer": {"0": "Adam"}, "learning_rate": {"0": 0.01}, "input_prob": {"0": 0.005}, "hidden_prob": {"0": 0.005}, "weight_constraint": {"0": 0}, "loss": {"0": 0.2219865471124649}, "accuracy": {"0": 0.9116243720054626}, "val_loss": {"0": 0.1998308151960373}, "val_accuracy": {"0": 0.9207202792167664}, "training_time": {"0": 434.350234}}