{"model_id": {"0": "512-256"}, "optimizer": {"0": "Adam"}, "learning_rate": {"0": 0.001}, "input_prob": {"0": 0.0005}, "hidden_prob": {"0": 0.5}, "weight_constraint": {"0": 0}, "loss": {"0": 0.351100891828537}, "accuracy": {"0": 0.8531917333602905}, "val_loss": {"0": 0.27623051404953003}, "val_accuracy": {"0": 0.8918913006782532}, "training_time": {"0": 378.694773}}