{"model_id": {"0": "256-256-256"}, "optimizer": {"0": "Adam"}, "learning_rate": {"0": 0.01}, "input_prob": {"0": 0.005}, "hidden_prob": {"0": 0.005}, "weight_constraint": {"0": 0}, "loss": {"0": 0.2066715955734253}, "accuracy": {"0": 0.918327271938324}, "val_loss": {"0": 0.17774882912635803}, "val_accuracy": {"0": 0.9299929141998291}, "training_time": {"0": 388.376998}}