{"model_id": {"0": "512-256"}, "optimizer": {"0": "Adam"}, "learning_rate": {"0": 0.01}, "input_prob": {"0": 0.0005}, "hidden_prob": {"0": 0.0005}, "weight_constraint": {"0": 0}, "loss": {"0": 0.17319530248641968}, "accuracy": {"0": 0.9319553375244141}, "val_loss": {"0": 0.18656079471111298}, "val_accuracy": {"0": 0.9270024299621582}, "training_time": {"0": 377.08502}}