{"model_id": {"0": "512-256"}, "optimizer": {"0": "Adam"}, "learning_rate": {"0": 0.001}, "input_prob": {"0": 0.5}, "hidden_prob": {"0": 0.05}, "weight_constraint": {"0": 0}, "loss": {"0": 0.710720419883728}, "accuracy": {"0": 0.679007887840271}, "val_loss": {"0": 2.5501718521118164}, "val_accuracy": {"0": 0.36720380187034607}, "training_time": {"0": 384.135249}}