{"model_id": {"0": "256-256-256"}, "optimizer": {"0": "Adam"}, "learning_rate": {"0": 0.01}, "input_prob": {"0": 0.005}, "hidden_prob": {"0": 0.05}, "weight_constraint": {"0": 0}, "loss": {"0": 0.2755632698535919}, "accuracy": {"0": 0.8885252475738525}, "val_loss": {"0": 0.20705708861351013}, "val_accuracy": {"0": 0.9170413613319397}, "training_time": {"0": 390.27602}}