{"model_id": {"0": "512-256-128"}, "optimizer": {"0": "Adam"}, "learning_rate": {"0": 0.01}, "input_prob": {"0": 0.05}, "hidden_prob": {"0": 0.005}, "weight_constraint": {"0": 0}, "loss": {"0": 0.3112259805202484}, "accuracy": {"0": 0.8703194856643677}, "val_loss": {"0": 0.3365504741668701}, "val_accuracy": {"0": 0.8638153076171875}, "training_time": {"0": 460.424786}}