{"model_id": {"0": "512-512"}, "optimizer": {"0": "Adam"}, "learning_rate": {"0": 0.01}, "input_prob": {"0": 0.005}, "hidden_prob": {"0": 0.0005}, "weight_constraint": {"0": 0}, "loss": {"0": 0.17951391637325287}, "accuracy": {"0": 0.9299831986427307}, "val_loss": {"0": 0.20244534313678741}, "val_accuracy": {"0": 0.9215378165245056}, "training_time": {"0": 486.426204}}