{"model_id": {"0": "256-256-256"}, "optimizer": {"0": "Adam"}, "learning_rate": {"0": 0.001}, "input_prob": {"0": 0.0005}, "hidden_prob": {"0": 0.5}, "weight_constraint": {"0": 0}, "loss": {"0": 0.41151052713394165}, "accuracy": {"0": 0.8277499675750732}, "val_loss": {"0": 0.31734341382980347}, "val_accuracy": {"0": 0.8703125715255737}, "training_time": {"0": 395.136667}}