{"model_id": {"0": "512-512"}, "optimizer": {"0": "Adam"}, "learning_rate": {"0": 0.001}, "input_prob": {"0": 0.05}, "hidden_prob": {"0": 0.005}, "weight_constraint": {"0": 0}, "loss": {"0": 0.2891387939453125}, "accuracy": {"0": 0.8802040219306946}, "val_loss": {"0": 0.27772629261016846}, "val_accuracy": {"0": 0.8841462135314941}, "training_time": {"0": 489.394078}}