{"model_id": {"0": "512-256"}, "optimizer": {"0": "Adam"}, "learning_rate": {"0": 0.01}, "input_prob": {"0": 0.0005}, "hidden_prob": {"0": 0.05}, "weight_constraint": {"0": 0}, "loss": {"0": 0.2217089831829071}, "accuracy": {"0": 0.9108617901802063}, "val_loss": {"0": 0.1955556869506836}, "val_accuracy": {"0": 0.9204621315002441}, "training_time": {"0": 381.041191}}