{"model_id": {"0": "512-256"}, "optimizer": {"0": "Adam"}, "learning_rate": {"0": 0.001}, "input_prob": {"0": 0.005}, "hidden_prob": {"0": 0.5}, "weight_constraint": {"0": 0}, "loss": {"0": 0.36917105317115784}, "accuracy": {"0": 0.8455374836921692}, "val_loss": {"0": 0.28830772638320923}, "val_accuracy": {"0": 0.8854585886001587}, "training_time": {"0": 375.335803}}