{"model_id": {"0": "512-256"}, "optimizer": {"0": "Adam"}, "learning_rate": {"0": 0.001}, "input_prob": {"0": 0.05}, "hidden_prob": {"0": 0.05}, "weight_constraint": {"0": 0}, "loss": {"0": 0.31269606947898865}, "accuracy": {"0": 0.8682445287704468}, "val_loss": {"0": 0.2856026589870453}, "val_accuracy": {"0": 0.8799079060554504}, "training_time": {"0": 380.089097}}