{"model_id": {"0": "512-256"}, "optimizer": {"0": "Adam"}, "learning_rate": {"0": 0.01}, "input_prob": {"0": 0.5}, "hidden_prob": {"0": 0.005}, "weight_constraint": {"0": 0}, "loss": {"0": 0.7378607392311096}, "accuracy": {"0": 0.6671654582023621}, "val_loss": {"0": 3.233704090118408}, "val_accuracy": {"0": 0.49091026186943054}, "training_time": {"0": 379.325634}}