{"model_id": {"0": "256-256-256"}, "optimizer": {"0": "Adam"}, "learning_rate": {"0": 0.001}, "input_prob": {"0": 0.005}, "hidden_prob": {"0": 0.5}, "weight_constraint": {"0": 0}, "loss": {"0": 0.4273463785648346}, "accuracy": {"0": 0.8212072849273682}, "val_loss": {"0": 0.3243729770183563}, "val_accuracy": {"0": 0.866031289100647}, "training_time": {"0": 391.511831}}