{"model_id": {"0": "512-256-128"}, "optimizer": {"0": "Adam"}, "learning_rate": {"0": 0.001}, "input_prob": {"0": 0.01}, "hidden_prob": {"0": 0.1}, "weight_constraint": {"0": 0}, "loss": {"0": 0.2168593853712082}, "accuracy": {"0": 0.9105797410011292}, "val_loss": {"0": 0.161376491189003}, "val_accuracy": {"0": 0.934812068939209}, "training_time": {"0": 554.698888}}