{"model_id": {"0": "512-512"}, "optimizer": {"0": "Adam"}, "learning_rate": {"0": 0.001}, "input_prob": {"0": 0.01}, "hidden_prob": {"0": 0.1}, "weight_constraint": {"0": 0}, "loss": {"0": 0.23267482221126556}, "accuracy": {"0": 0.9051868319511414}, "val_loss": {"0": 0.17804154753684998}, "val_accuracy": {"0": 0.9310255646705627}, "training_time": {"0": 524.631618}}