{"model_id": {"0": "512-256"}, "optimizer": {"0": "Adam"}, "learning_rate": {"0": 0.001}, "input_prob": {"0": 0.01}, "hidden_prob": {"0": 0.1}, "weight_constraint": {"0": 0}, "loss": {"0": 0.2531582713127136}, "accuracy": {"0": 0.8958185911178589}, "val_loss": {"0": 0.20194870233535767}, "val_accuracy": {"0": 0.9186118841171265}, "training_time": {"0": 453.298571}}