{"model_id": {"0": "512-256-128"}, "optimizer": {"0": "Adam"}, "learning_rate": {"0": 0.01}, "input_prob": {"0": 0.01}, "hidden_prob": {"0": 0.1}, "weight_constraint": {"0": 0}, "loss": {"0": 0.33028873801231384}, "accuracy": {"0": 0.8651489019393921}, "val_loss": {"0": 0.24281632900238037}, "val_accuracy": {"0": 0.8993567228317261}, "training_time": {"0": 488.891693}}