{"model_id": {"0": "256-256-256"}, "optimizer": {"0": "Adam"}, "learning_rate": {"0": 0.01}, "input_prob": {"0": 0.01}, "hidden_prob": {"0": 0.1}, "weight_constraint": {"0": 0}, "loss": {"0": 0.3242611885070801}, "accuracy": {"0": 0.8667791485786438}, "val_loss": {"0": 0.23481927812099457}, "val_accuracy": {"0": 0.9051870703697205}, "training_time": {"0": 503.977441}}