{"model_id": {"0": "512-512"}, "optimizer": {"0": "Adam"}, "learning_rate": {"0": 0.01}, "input_prob": {"0": 0.01}, "hidden_prob": {"0": 0.1}, "weight_constraint": {"0": 0}, "loss": {"0": 0.2874421775341034}, "accuracy": {"0": 0.8823626637458801}, "val_loss": {"0": 0.22291788458824158}, "val_accuracy": {"0": 0.9111034870147705}, "training_time": {"0": 533.249939}}