{"model_id": {"0": "256-256-256"}, "optimizer": {"0": "Adam"}, "learning_rate": {"0": 0.001}, "input_prob": {"0": 0.01}, "hidden_prob": {"0": 0.1}, "weight_constraint": {"0": 0}, "loss": {"0": 0.2297641634941101}, "accuracy": {"0": 0.9061358571052551}, "val_loss": {"0": 0.15851299464702606}, "val_accuracy": {"0": 0.9368559122085571}, "training_time": {"0": 595.825446}}