{"model_id": {"0": "512-256"}, "optimizer": {"0": "Adam"}, "learning_rate": {"0": 0.001}, "input_prob": {"0": 0.01}, "hidden_prob": {"0": 0}, "weight_constraint": {"0": 0}, "loss": {"0": 0.2398950755596161}, "accuracy": {"0": 0.9033581018447876}, "val_loss": {"0": 0.21820712089538574}, "val_accuracy": {"0": 0.9120500683784485}, "training_time": {"0": 391.592469}}