{"model_id": {"0": "512-256-128"}, "optimizer": {"0": "Adam"}, "learning_rate": {"0": 0.01}, "input_prob": {"0": 0.0001}, "hidden_prob": {"0": 0}, "weight_constraint": {"0": 0}, "loss": {"0": 0.15843427181243896}, "accuracy": {"0": 0.9370278716087341}, "val_loss": {"0": 0.1902608871459961}, "val_accuracy": {"0": 0.9280781149864197}, "training_time": {"0": 409.818944}}