{"model_id": {"0": "512-512"}, "optimizer": {"0": "Adam"}, "learning_rate": {"0": 0.01}, "input_prob": {"0": 0.002}, "hidden_prob": {"0": 0}, "weight_constraint": {"0": 0}, "loss": {"0": 0.17276935279369354}, "accuracy": {"0": 0.9333274364471436}, "val_loss": {"0": 0.18136514723300934}, "val_accuracy": {"0": 0.9290677905082703}, "training_time": {"0": 431.538183}}