{"model_id": {"0": "512-512"}, "optimizer": {"0": "Adam"}, "learning_rate": {"0": 0.001}, "input_prob": {"0": 0.5}, "hidden_prob": {"0": 0}, "weight_constraint": {"0": 0}, "loss": {"0": 0.6846014261245728}, "accuracy": {"0": 0.6888542175292969}, "val_loss": {"0": 2.7080392837524414}, "val_accuracy": {"0": 0.36556872725486755}, "training_time": {"0": 432.141642}}