{"model_id": {"0": "512-256-128"}, "optimizer": {"0": "Adam"}, "learning_rate": {"0": 0.001}, "input_prob": {"0": 0.001}, "hidden_prob": {"0": 0}, "weight_constraint": {"0": 0}, "loss": {"0": 0.16172091662883759}, "accuracy": {"0": 0.9361386299133301}, "val_loss": {"0": 0.16832281649112701}, "val_accuracy": {"0": 0.9329833984375}, "training_time": {"0": 413.486942}}