{"model_id": {"0": "512-512"}, "optimizer": {"0": "Adam"}, "learning_rate": {"0": 0.01}, "input_prob": {"0": 0.0001}, "hidden_prob": {"0": 0}, "weight_constraint": {"0": 0}, "loss": {"0": 0.14867618680000305}, "accuracy": {"0": 0.9413689970970154}, "val_loss": {"0": 0.17480261623859406}, "val_accuracy": {"0": 0.9338654279708862}, "training_time": {"0": 421.672749}}