{"model_id": {"0": "256-256-256"}, "optimizer": {"0": "Adam"}, "learning_rate": {"0": 0.001}, "input_prob": {"0": 0.05}, "hidden_prob": {"0": 0}, "weight_constraint": {"0": 0}, "loss": {"0": 0.2519180178642273}, "accuracy": {"0": 0.8949078321456909}, "val_loss": {"0": 0.28499889373779297}, "val_accuracy": {"0": 0.8813709020614624}, "training_time": {"0": 399.829485}}