{"model_id": {"0": "512-256"}, "optimizer": {"0": "Adam"}, "learning_rate": {"0": 0.01}, "input_prob": {"0": 0.0002}, "hidden_prob": {"0": 0}, "weight_constraint": {"0": 0}, "loss": {"0": 0.16272805631160736}, "accuracy": {"0": 0.9362294673919678}, "val_loss": {"0": 0.18463054299354553}, "val_accuracy": {"0": 0.9287450909614563}, "training_time": {"0": 388.653759}}