{"model_id": {"0": "512-256-128"}, "optimizer": {"0": "Adam"}, "learning_rate": {"0": 0.01}, "input_prob": {"0": 0.0005}, "hidden_prob": {"0": 0}, "weight_constraint": {"0": 0}, "loss": {"0": 0.16154178977012634}, "accuracy": {"0": 0.9363059401512146}, "val_loss": {"0": 0.18154387176036835}, "val_accuracy": {"0": 0.9299713969230652}, "training_time": {"0": 410.837598}}