{"model_id": {"0": "512-512"}, "optimizer": {"0": "Adam"}, "learning_rate": {"0": 0.001}, "input_prob": {"0": 0.2}, "hidden_prob": {"0": 0}, "weight_constraint": {"0": 0}, "loss": {"0": 0.42307785153388977}, "accuracy": {"0": 0.8142916560173035}, "val_loss": {"0": 1.242689847946167}, "val_accuracy": {"0": 0.6105720400810242}, "training_time": {"0": 425.777767}}