{"model_id": {"0": "512-512"}, "optimizer": {"0": "Adam"}, "learning_rate": {"0": 0.001}, "input_prob": {"0": 0.005}, "hidden_prob": {"0": 0}, "weight_constraint": {"0": 0}, "loss": {"0": 0.19350555539131165}, "accuracy": {"0": 0.9235360622406006}, "val_loss": {"0": 0.19046545028686523}, "val_accuracy": {"0": 0.9239904284477234}, "training_time": {"0": 419.759859}}