{"model_id": {"0": "512-256"}, "optimizer": {"0": "Adam"}, "learning_rate": {"0": 0.001}, "input_prob": {"0": 0.05}, "hidden_prob": {"0": 0}, "weight_constraint": {"0": 0}, "loss": {"0": 0.306428462266922}, "accuracy": {"0": 0.8721386194229126}, "val_loss": {"0": 0.3278559446334839}, "val_accuracy": {"0": 0.8613411784172058}, "training_time": {"0": 387.041279}}