{"model_id": {"0": "512-256"}, "optimizer": {"0": "Adam"}, "learning_rate": {"0": 0.001}, "input_prob": {"0": 0.1}, "hidden_prob": {"0": 0}, "weight_constraint": {"0": 0}, "loss": {"0": 0.3612576723098755}, "accuracy": {"0": 0.8452529907226562}, "val_loss": {"0": 0.5345882177352905}, "val_accuracy": {"0": 0.778188943862915}, "training_time": {"0": 385.847735}}