{"model_id": {"0": "512-256"}, "optimizer": {"0": "Adam"}, "learning_rate": {"0": 0.01}, "input_prob": {"0": 0.02}, "hidden_prob": {"0": 0}, "weight_constraint": {"0": 0}, "loss": {"0": 0.24031218886375427}, "accuracy": {"0": 0.9032697081565857}, "val_loss": {"0": 0.21775677800178528}, "val_accuracy": {"0": 0.9114907383918762}, "training_time": {"0": 388.142548}}