{"model_id": {"0": "512-512"}, "optimizer": {"0": "Adam"}, "learning_rate": {"0": 0.01}, "input_prob": {"0": 0.1}, "hidden_prob": {"0": 0}, "weight_constraint": {"0": 0}, "loss": {"0": 0.3506830930709839}, "accuracy": {"0": 0.8510283827781677}, "val_loss": {"0": 0.6728280782699585}, "val_accuracy": {"0": 0.7556205987930298}, "training_time": {"0": 396.011505}}