{"model_id": {"0": "256-256-256"}, "optimizer": {"0": "Adam"}, "learning_rate": {"0": 0.01}, "input_prob": {"0": 0.01}, "hidden_prob": {"0": 0}, "weight_constraint": {"0": 0}, "loss": {"0": 0.20947588980197906}, "accuracy": {"0": 0.9169527292251587}, "val_loss": {"0": 0.1961643099784851}, "val_accuracy": {"0": 0.9227641224861145}, "training_time": {"0": 398.984601}}