{"model_id": {"0": "256-256-256"}, "optimizer": {"0": "Adam"}, "learning_rate": {"0": 0.01}, "input_prob": {"0": 0.02}, "hidden_prob": {"0": 0}, "weight_constraint": {"0": 0}, "loss": {"0": 0.22182291746139526}, "accuracy": {"0": 0.9107231497764587}, "val_loss": {"0": 0.23153766989707947}, "val_accuracy": {"0": 0.9085217714309692}, "training_time": {"0": 400.183839}}