{"model_id": {"0": "512-512"}, "optimizer": {"0": "Adam"}, "learning_rate": {"0": 0.01}, "input_prob": {"0": 0.001}, "hidden_prob": {"0": 0}, "weight_constraint": {"0": 0}, "loss": {"0": 0.16187721490859985}, "accuracy": {"0": 0.9375227093696594}, "val_loss": {"0": 0.173142671585083}, "val_accuracy": {"0": 0.9337794184684753}, "training_time": {"0": 424.637932}}