{"model_id": {"0": "512-512"}, "optimizer": {"0": "Adam"}, "learning_rate": {"0": 0.001}, "input_prob": {"0": 0.05}, "hidden_prob": {"0": 0}, "weight_constraint": {"0": 0}, "loss": {"0": 0.26848843693733215}, "accuracy": {"0": 0.8889029622077942}, "val_loss": {"0": 0.2852480709552765}, "val_accuracy": {"0": 0.8803166747093201}, "training_time": {"0": 421.383514}}