{"model_id": {"0": "512-256"}, "optimizer": {"0": "Adam"}, "learning_rate": {"0": 0.001}, "input_prob": {"0": 0.0001}, "hidden_prob": {"0": 0}, "weight_constraint": {"0": 0}, "loss": {"0": 0.21047468483448029}, "accuracy": {"0": 0.9144331812858582}, "val_loss": {"0": 0.219042107462883}, "val_accuracy": {"0": 0.910651683807373}, "training_time": {"0": 393.90147}}