{"model_id": {"0": "512-256-128"}, "optimizer": {"0": "Adam"}, "learning_rate": {"0": 0.001}, "input_prob": {"0": 0.5}, "hidden_prob": {"0": 0}, "weight_constraint": {"0": 0}, "loss": {"0": 0.675223171710968}, "accuracy": {"0": 0.694194495677948}, "val_loss": {"0": 3.627528190612793}, "val_accuracy": {"0": 0.3258535861968994}, "training_time": {"0": 409.210987}}