{"model_id": {"0": "256-256-256"}, "optimizer": {"0": "Adam"}, "learning_rate": {"0": 0.001}, "input_prob": {"0": 0.1}, "hidden_prob": {"0": 0}, "weight_constraint": {"0": 0}, "loss": {"0": 0.30181610584259033}, "accuracy": {"0": 0.8715888261795044}, "val_loss": {"0": 0.6837212443351746}, "val_accuracy": {"0": 0.7608054876327515}, "training_time": {"0": 397.701126}}