{"model_id": {"0": "512-256-128"}, "optimizer": {"0": "Adam"}, "learning_rate": {"0": 0.001}, "input_prob": {"0": 0.002}, "hidden_prob": {"0": 0}, "weight_constraint": {"0": 0}, "loss": {"0": 0.15823933482170105}, "accuracy": {"0": 0.9380079507827759}, "val_loss": {"0": 0.1716311126947403}, "val_accuracy": {"0": 0.9326391220092773}, "training_time": {"0": 408.063073}}