{"model_id": {"0": "512-256"}, "optimizer": {"0": "Adam"}, "learning_rate": {"0": 0.001}, "input_prob": {"0": 0.2}, "hidden_prob": {"0": 0}, "weight_constraint": {"0": 0}, "loss": {"0": 0.45394784212112427}, "accuracy": {"0": 0.8005177974700928}, "val_loss": {"0": 1.063443899154663}, "val_accuracy": {"0": 0.6117123365402222}, "training_time": {"0": 389.005303}}