{"model_id": {"0": "512-512"}, "optimizer": {"0": "Adam"}, "learning_rate": {"0": 0.001}, "input_prob": {"0": 0.0005}, "hidden_prob": {"0": 0}, "weight_constraint": {"0": 0}, "loss": {"0": 0.17474260926246643}, "accuracy": {"0": 0.9303226470947266}, "val_loss": {"0": 0.21795563399791718}, "val_accuracy": {"0": 0.9092317223548889}, "training_time": {"0": 421.07991}}