{"model_id": {"0": "512-512"}, "optimizer": {"0": "Adam"}, "learning_rate": {"0": 0.01}, "input_prob": {"0": 0.05}, "hidden_prob": {"0": 0}, "weight_constraint": {"0": 0}, "loss": {"0": 0.2753596007823944}, "accuracy": {"0": 0.8859339952468872}, "val_loss": {"0": 0.3509962260723114}, "val_accuracy": {"0": 0.8593834042549133}, "training_time": {"0": 425.005002}}