{"model_id": {"0": "512-256"}, "optimizer": {"0": "Adam"}, "learning_rate": {"0": 0.001}, "input_prob": {"0": 0.0005}, "hidden_prob": {"0": 0}, "weight_constraint": {"0": 0}, "loss": {"0": 0.2045552134513855}, "accuracy": {"0": 0.9179447889328003}, "val_loss": {"0": 0.23371633887290955}, "val_accuracy": {"0": 0.9014220833778381}, "training_time": {"0": 386.560557}}