{"model_id": {"0": "512-256"}, "optimizer": {"0": "Adam"}, "learning_rate": {"0": 0.01}, "input_prob": {"0": 0.0001}, "hidden_prob": {"0": 0}, "weight_constraint": {"0": 0}, "loss": {"0": 0.16248729825019836}, "accuracy": {"0": 0.9359999895095825}, "val_loss": {"0": 0.18246875703334808}, "val_accuracy": {"0": 0.9298853278160095}, "training_time": {"0": 387.837359}}