{"model_id": {"0": "256-256-256"}, "optimizer": {"0": "Adam"}, "learning_rate": {"0": 0.001}, "input_prob": {"0": 0.0001}, "hidden_prob": {"0": 0}, "weight_constraint": {"0": 0}, "loss": {"0": 0.14383389055728912}, "accuracy": {"0": 0.9423084259033203}, "val_loss": {"0": 0.17190881073474884}, "val_accuracy": {"0": 0.9314988851547241}, "training_time": {"0": 420.680498}}