{"model_id": {"0": "256-256-256"}, "optimizer": {"0": "Adam"}, "learning_rate": {"0": 0.001}, "input_prob": {"0": 0.02}, "hidden_prob": {"0": 0}, "weight_constraint": {"0": 0}, "loss": {"0": 0.20787273347377777}, "accuracy": {"0": 0.9154156446456909}, "val_loss": {"0": 0.18276290595531464}, "val_accuracy": {"0": 0.9272820949554443}, "training_time": {"0": 398.967089}}