{"model_id": {"0": "256-256-256"}, "optimizer": {"0": "Adam"}, "learning_rate": {"0": 0.01}, "input_prob": {"0": 0.0002}, "hidden_prob": {"0": 0}, "weight_constraint": {"0": 0}, "loss": {"0": 0.15917401015758514}, "accuracy": {"0": 0.937692403793335}, "val_loss": {"0": 0.1777716428041458}, "val_accuracy": {"0": 0.9328973293304443}, "training_time": {"0": 426.564872}}