{"model_id": {"0": "512-512"}, "optimizer": {"0": "Adam"}, "learning_rate": {"0": 0.01}, "input_prob": {"0": 0.0005}, "hidden_prob": {"0": 0}, "weight_constraint": {"0": 0}, "loss": {"0": 0.1581304371356964}, "accuracy": {"0": 0.9392175674438477}, "val_loss": {"0": 0.17258791625499725}, "val_accuracy": {"0": 0.9354789853096008}, "training_time": {"0": 423.441426}}