{"model_id": {"0": "512-256-128"}, "optimizer": {"0": "Adam"}, "learning_rate": {"0": 0.001}, "input_prob": {"0": 0.05}, "hidden_prob": {"0": 0.5}, "weight_constraint": {"0": 0}, "loss": {"0": 0.4651488661766052}, "accuracy": {"0": 0.8027050495147705}, "val_loss": {"0": 0.36418285965919495}, "val_accuracy": {"0": 0.8436780571937561}, "training_time": {"0": 467.209572}}