{"model_id": {"0": "512-512"}, "optimizer": {"0": "Adam"}, "learning_rate": {"0": 0.01}, "input_prob": {"0": 0.005}, "hidden_prob": {"0": 0.05}, "weight_constraint": {"0": 0}, "loss": {"0": 0.2330913543701172}, "accuracy": {"0": 0.9060545563697815}, "val_loss": {"0": 0.1840251237154007}, "val_accuracy": {"0": 0.9269163608551025}, "training_time": {"0": 478.460904}}