{"model_id": {"0": "256-256-256"}, "optimizer": {"0": "Adam"}, "learning_rate": {"0": 0.01}, "input_prob": {"0": 0.005}, "hidden_prob": {"0": 0.0005}, "weight_constraint": {"0": 0}, "loss": {"0": 0.19404417276382446}, "accuracy": {"0": 0.9230436682701111}, "val_loss": {"0": 0.19455194473266602}, "val_accuracy": {"0": 0.9244422316551208}, "training_time": {"0": 390.521827}}