{"model_id": {"0": "512-512"}, "optimizer": {"0": "Adam"}, "learning_rate": {"0": 0.001}, "input_prob": {"0": 0.05}, "hidden_prob": {"0": 0.5}, "weight_constraint": {"0": 0}, "loss": {"0": 0.4216857850551605}, "accuracy": {"0": 0.8204949498176575}, "val_loss": {"0": 0.346040278673172}, "val_accuracy": {"0": 0.8556399345397949}, "training_time": {"0": 489.941156}}