{"model_id": {"0": "512-256"}, "optimizer": {"0": "Adam"}, "learning_rate": {"0": 0.001}, "input_prob": {"0": 0.05}, "hidden_prob": {"0": 0.0005}, "weight_constraint": {"0": 0}, "loss": {"0": 0.31308451294898987}, "accuracy": {"0": 0.8704437613487244}, "val_loss": {"0": 0.3159077763557434}, "val_accuracy": {"0": 0.8664615750312805}, "training_time": {"0": 376.686945}}