{"model_id": {"0": "512-256"}, "optimizer": {"0": "Adam"}, "learning_rate": {"0": 0.01}, "input_prob": {"0": 0.05}, "hidden_prob": {"0": 0.5}, "weight_constraint": {"0": 0}, "loss": {"0": 0.5786609649658203}, "accuracy": {"0": 0.7526677846908569}, "val_loss": {"0": 0.5245493650436401}, "val_accuracy": {"0": 0.7738430500030518}, "training_time": {"0": 381.169274}}