{"model_id": {"0": "512-256"}, "optimizer": {"0": "Adam"}, "learning_rate": {"0": 0.01}, "input_prob": {"0": 0.5}, "hidden_prob": {"0": 0.5}, "weight_constraint": {"0": 0}, "loss": {"0": 0.8486282825469971}, "accuracy": {"0": 0.623792827129364}, "val_loss": {"0": 2.906684398651123}, "val_accuracy": {"0": 0.2177448868751526}, "training_time": {"0": 375.792422}}