{"model_id": {"0": "256-256-256"}, "optimizer": {"0": "Adam"}, "learning_rate": {"0": 0.001}, "input_prob": {"0": 0.05}, "hidden_prob": {"0": 0.05}, "weight_constraint": {"0": 0}, "loss": {"0": 0.2727058529853821}, "accuracy": {"0": 0.885377049446106}, "val_loss": {"0": 0.24866652488708496}, "val_accuracy": {"0": 0.8989909887313843}, "training_time": {"0": 389.881625}}