{"model_id": {"0": "512-512"}, "optimizer": {"0": "Adam"}, "learning_rate": {"0": 0.01}, "input_prob": {"0": 0.05}, "hidden_prob": {"0": 0.5}, "weight_constraint": {"0": 0}, "loss": {"0": 0.5907725095748901}, "accuracy": {"0": 0.7481497526168823}, "val_loss": {"0": 0.5570300817489624}, "val_accuracy": {"0": 0.7594070434570312}, "training_time": {"0": 480.018603}}