{"model_id": {"0": "256-256-256"}, "optimizer": {"0": "Adam"}, "learning_rate": {"0": 0.01}, "input_prob": {"0": 0.05}, "hidden_prob": {"0": 0.0005}, "weight_constraint": {"0": 0}, "loss": {"0": 0.28979167342185974}, "accuracy": {"0": 0.8796805143356323}, "val_loss": {"0": 0.3077869415283203}, "val_accuracy": {"0": 0.8764011263847351}, "training_time": {"0": 394.150491}}