{"model_id": {"0": "512-256-128"}, "optimizer": {"0": "Adam"}, "learning_rate": {"0": 0.001}, "input_prob": {"0": 0.005}, "hidden_prob": {"0": 0.005}, "weight_constraint": {"0": 0}, "loss": {"0": 0.17679791152477264}, "accuracy": {"0": 0.9292660355567932}, "val_loss": {"0": 0.1643386036157608}, "val_accuracy": {"0": 0.9353499412536621}, "training_time": {"0": 416.454745}}