{"model_id": {"0": "512-256-128"}, "optimizer": {"0": "Adam"}, "learning_rate": {"0": 0.001}, "input_prob": {"0": 0.5}, "hidden_prob": {"0": 0.005}, "weight_constraint": {"0": 0}, "loss": {"0": 0.6781718134880066}, "accuracy": {"0": 0.6923753619194031}, "val_loss": {"0": 3.6328999996185303}, "val_accuracy": {"0": 0.2732514441013336}, "training_time": {"0": 467.398068}}