{"model_id": {"0": "256-256-256"}, "optimizer": {"0": "Adam"}, "learning_rate": {"0": 0.01}, "input_prob": {"0": 0.005}, "hidden_prob": {"0": 0.5}, "weight_constraint": {"0": 0}, "loss": {"0": 0.6338688731193542}, "accuracy": {"0": 0.7380261421203613}, "val_loss": {"0": 0.5665979981422424}, "val_accuracy": {"0": 0.7666358351707458}, "training_time": {"0": 390.075973}}