{"model_id": {"0": "256-256-256"}, "optimizer": {"0": "Adam"}, "learning_rate": {"0": 0.01}, "input_prob": {"0": 0.05}, "hidden_prob": {"0": 0.5}, "weight_constraint": {"0": 0}, "loss": {"0": 0.6790182590484619}, "accuracy": {"0": 0.7158163189888}, "val_loss": {"0": 0.6372701525688171}, "val_accuracy": {"0": 0.72642582654953}, "training_time": {"0": 385.714342}}