{"model_id": {"0": "256-256-256"}, "optimizer": {"0": "Adam"}, "learning_rate": {"0": 0.01}, "input_prob": {"0": 0.05}, "hidden_prob": {"0": 0.005}, "weight_constraint": {"0": 0}, "loss": {"0": 0.30186352133750916}, "accuracy": {"0": 0.8754804730415344}, "val_loss": {"0": 0.34237444400787354}, "val_accuracy": {"0": 0.8630192875862122}, "training_time": {"0": 391.851621}}