{"model_id": {"0": "256-256-256"}, "optimizer": {"0": "Adam"}, "learning_rate": {"0": 0.01}, "input_prob": {"0": 0.5}, "hidden_prob": {"0": 0.0005}, "weight_constraint": {"0": 0}, "loss": {"0": 0.7432875633239746}, "accuracy": {"0": 0.663859486579895}, "val_loss": {"0": 2.326693534851074}, "val_accuracy": {"0": 0.4652653634548187}, "training_time": {"0": 391.570927}}