{"model_id": {"0": "256-256-256"}, "optimizer": {"0": "Adam"}, "learning_rate": {"0": 0.001}, "input_prob": {"0": 0.05}, "hidden_prob": {"0": 0.0005}, "weight_constraint": {"0": 0}, "loss": {"0": 0.25285062193870544}, "accuracy": {"0": 0.8952018618583679}, "val_loss": {"0": 0.2866840064525604}, "val_accuracy": {"0": 0.881801187992096}, "training_time": {"0": 391.403722}}