{"model_id": {"0": "512-256"}, "optimizer": {"0": "Adam"}, "learning_rate": {"0": 0.01}, "input_prob": {"0": 0.5}, "hidden_prob": {"0": 0.05}, "weight_constraint": {"0": 0}, "loss": {"0": 0.7546747326850891}, "accuracy": {"0": 0.6596737504005432}, "val_loss": {"0": 3.067254066467285}, "val_accuracy": {"0": 0.49923625588417053}, "training_time": {"0": 378.655296}}