{"model_id": {"0": "256-256-256"}, "optimizer": {"0": "Adam"}, "learning_rate": {"0": 0.001}, "input_prob": {"0": 0.5}, "hidden_prob": {"0": 0.005}, "weight_constraint": {"0": 0}, "loss": {"0": 0.6736631989479065}, "accuracy": {"0": 0.6942088603973389}, "val_loss": {"0": 3.8605871200561523}, "val_accuracy": {"0": 0.20152319967746735}, "training_time": {"0": 387.115251}}