{"model_id": {"0": "512-512"}, "optimizer": {"0": "Adam"}, "learning_rate": {"0": 0.001}, "input_prob": {"0": 0.005}, "hidden_prob": {"0": 0.0005}, "weight_constraint": {"0": 0}, "loss": {"0": 0.19819772243499756}, "accuracy": {"0": 0.9211360216140747}, "val_loss": {"0": 0.17839960753917694}, "val_accuracy": {"0": 0.9287450909614563}, "training_time": {"0": 484.525732}}