{"model_id": {"0": "256-256-256"}, "optimizer": {"0": "Adam"}, "learning_rate": {"0": 0.01}, "input_prob": {"0": 0.0005}, "hidden_prob": {"0": 0.005}, "weight_constraint": {"0": 0}, "loss": {"0": 0.18428605794906616}, "accuracy": {"0": 0.9276716113090515}, "val_loss": {"0": 0.18463699519634247}, "val_accuracy": {"0": 0.9295411109924316}, "training_time": {"0": 431.62297}}