{"model_id": {"0": "256-256-256"}, "optimizer": {"0": "Adam"}, "learning_rate": {"0": 0.001}, "input_prob": {"0": 0.0005}, "hidden_prob": {"0": 0.005}, "weight_constraint": {"0": 0}, "loss": {"0": 0.15920425951480865}, "accuracy": {"0": 0.9364182949066162}, "val_loss": {"0": 0.1596108227968216}, "val_accuracy": {"0": 0.9371140599250793}, "training_time": {"0": 449.072586}}