{"model_id": {"0": "512-256"}, "optimizer": {"0": "Adam"}, "learning_rate": {"0": 0.01}, "input_prob": {"0": 0.5}, "hidden_prob": {"0": 0.0005}, "weight_constraint": {"0": 0}, "loss": {"0": 0.7331973910331726}, "accuracy": {"0": 0.6687431931495667}, "val_loss": {"0": 3.47526478767395}, "val_accuracy": {"0": 0.3303070068359375}, "training_time": {"0": 379.865378}}