{"model_id": {"0": "512-512"}, "optimizer": {"0": "Adam"}, "learning_rate": {"0": 0.001}, "input_prob": {"0": 0.0005}, "hidden_prob": {"0": 0.05}, "weight_constraint": {"0": 0}, "loss": {"0": 0.19682684540748596}, "accuracy": {"0": 0.9203974008560181}, "val_loss": {"0": 0.1761307567358017}, "val_accuracy": {"0": 0.9293259382247925}, "training_time": {"0": 488.231356}}