{"model_id": {"0": "512-512"}, "optimizer": {"0": "Adam"}, "learning_rate": {"0": 0.001}, "input_prob": {"0": 0.05}, "hidden_prob": {"0": 0.0005}, "weight_constraint": {"0": 0}, "loss": {"0": 0.2783883512020111}, "accuracy": {"0": 0.8845140933990479}, "val_loss": {"0": 0.3126731514930725}, "val_accuracy": {"0": 0.8658376336097717}, "training_time": {"0": 482.647627}}