{"model_id": {"0": "32-32-32-32-32", "1": "32-32-32-32-32", "2": "32-32-32-32-32", "3": "32-32-32-32-32", "4": "32-32-32-32-32", "5": "32-32-32-32-32", "6": "32-32-32-32-32", "7": "32-32-32-32-32", "8": "32-32-32-32-32", "9": "32-32-32-32-32", "10": "32-32-32-32-32", "11": "32-32-32-32-32", "12": "32-32-32-32-32", "13": "32-32-32-32-32", "14": "32-32-32-32-32", "15": "32-32-32-32-32", "16": "32-32-32-32-32", "17": "32-32-32-32-32", "18": "32-32-32-32-32", "19": "32-32-32-32-32"}, "epoch": {"0": 1, "1": 2, "2": 3, "3": 4, "4": 5, "5": 6, "6": 7, "7": 8, "8": 9, "9": 10, "10": 11, "11": 12, "12": 13, "13": 14, "14": 15, "15": 16, "16": 17, "17": 18, "18": 19, "19": 20}, "loss": {"0": 0.6885992288589478, "1": 0.5723845958709717, "2": 0.5366784930229187, "3": 0.5137237310409546, "4": 0.49503806233406067, "5": 0.47771790623664856, "6": 0.4649214744567871, "7": 0.4524080157279968, "8": 0.4436621367931366, "9": 0.4356209337711334, "10": 0.4285150170326233, "11": 0.423895925283432, "12": 0.41574013233184814, "13": 0.4148341417312622, "14": 0.4100832939147949, "15": 0.40593206882476807, "16": 0.4029912054538727, "17": 0.40264323353767395, "18": 0.3998985290527344, "19": 0.39374810457229614}, "accuracy": {"0": 0.7034121751785278, "1": 0.7507219314575195, "2": 0.7650838494300842, "3": 0.7761875987052917, "4": 0.784738302230835, "5": 0.794211745262146, "6": 0.8012755513191223, "7": 0.8075409531593323, "8": 0.8121713399887085, "9": 0.8162637948989868, "10": 0.8197060823440552, "11": 0.8212383389472961, "12": 0.8255029320716858, "13": 0.8259786367416382, "14": 0.8275778889656067, "15": 0.8299540281295776, "16": 0.8311635851860046, "17": 0.8314026594161987, "18": 0.8325954675674438, "19": 0.8353683948516846}, "val_loss": {"0": 0.5964761972427368, "1": 0.5657986998558044, "2": 0.5412061214447021, "3": 0.5218302011489868, "4": 0.4972365200519562, "5": 0.4705733358860016, "6": 0.4527890384197235, "7": 0.4713575839996338, "8": 0.43699055910110474, "9": 0.4550239145755768, "10": 0.4296457767486572, "11": 0.4208240509033203, "12": 0.4091489017009735, "13": 0.4153209626674652, "14": 0.4517492651939392, "15": 0.40661701560020447, "16": 0.4033971428871155, "17": 0.39402052760124207, "18": 0.4052540361881256, "19": 0.39962154626846313}, "val_accuracy": {"0": 0.7395064830780029, "1": 0.7495750784873962, "2": 0.7637099027633667, "3": 0.7688518166542053, "4": 0.7821905612945557, "5": 0.7976162433624268, "6": 0.8102665543556213, "7": 0.8001549243927002, "8": 0.8163120150566101, "9": 0.8083518147468567, "10": 0.8170220255851746, "11": 0.8212817907333374, "12": 0.8292850852012634, "13": 0.8284890651702881, "14": 0.8109549880027771, "15": 0.8306404948234558, "16": 0.832684338092804, "17": 0.8369871377944946, "18": 0.8315655589103699, "19": 0.8321895003318787}}