{"model_id": {"0": "32-16", "1": "32-16", "2": "32-16", "3": "32-16", "4": "32-16", "5": "32-16", "6": "32-16", "7": "32-16", "8": "32-16", "9": "32-16", "10": "32-16", "11": "32-16", "12": "32-16", "13": "32-16", "14": "32-16", "15": "32-16", "16": "32-16", "17": "32-16", "18": "32-16", "19": "32-16"}, "epoch": {"0": 1, "1": 2, "2": 3, "3": 4, "4": 5, "5": 6, "6": 7, "7": 8, "8": 9, "9": 10, "10": 11, "11": 12, "12": 13, "13": 14, "14": 15, "15": 16, "16": 17, "17": 18, "18": 19, "19": 20}, "loss": {"0": 0.7107221484184265, "1": 0.5988730192184448, "2": 0.5797471404075623, "3": 0.5676348209381104, "4": 0.5567909479141235, "5": 0.5470222234725952, "6": 0.5377533435821533, "7": 0.5308740139007568, "8": 0.5266337990760803, "9": 0.5209851264953613, "10": 0.5159181356430054, "11": 0.5127840638160706, "12": 0.508806049823761, "13": 0.5061899423599243, "14": 0.5040357708930969, "15": 0.501504123210907, "16": 0.4997882843017578, "17": 0.4971305727958679, "18": 0.497163861989975, "19": 0.4948222041130066}, "accuracy": {"0": 0.6947323679924011, "1": 0.7416883111000061, "2": 0.7491896152496338, "3": 0.7536311149597168, "4": 0.7576494812965393, "5": 0.7624639272689819, "6": 0.7661260962486267, "7": 0.7683492302894592, "8": 0.7702831029891968, "9": 0.7724775671958923, "10": 0.7743732333183289, "11": 0.7765365839004517, "12": 0.7780426144599915, "13": 0.7795796394348145, "14": 0.7810545563697815, "15": 0.7814059853553772, "16": 0.7829908728599548, "17": 0.7837462425231934, "18": 0.7842912673950195, "19": 0.7851733565330505}, "val_loss": {"0": 0.6121600270271301, "1": 0.5903694033622742, "2": 0.5713323950767517, "3": 0.5600377321243286, "4": 0.5470067858695984, "5": 0.5410085916519165, "6": 0.5376001000404358, "7": 0.53117835521698, "8": 0.5252022743225098, "9": 0.530698299407959, "10": 0.5183693766593933, "11": 0.5149199962615967, "12": 0.5069150328636169, "13": 0.5186994075775146, "14": 0.5017130970954895, "15": 0.49818891286849976, "16": 0.5137819647789001, "17": 0.4984046220779419, "18": 0.49583369493484497, "19": 0.5057075023651123}, "val_accuracy": {"0": 0.7341709733009338, "1": 0.7423893809318542, "2": 0.7518340945243835, "3": 0.7574062347412109, "4": 0.7608915567398071, "5": 0.7643337845802307, "6": 0.7616660594940186, "7": 0.7681633234024048, "8": 0.7718207240104675, "9": 0.7689593434333801, "10": 0.7723155617713928, "11": 0.7751554250717163, "12": 0.7791355848312378, "13": 0.7719067931175232, "14": 0.7821475267410278, "15": 0.7841053605079651, "16": 0.7710462212562561, "17": 0.7814160585403442, "18": 0.7836105227470398, "19": 0.7817387580871582}}