{"model_id": {"0": "2048", "1": "2048", "2": "2048", "3": "2048", "4": "2048", "5": "2048", "6": "2048", "7": "2048", "8": "2048", "9": "2048", "10": "2048", "11": "2048", "12": "2048", "13": "2048", "14": "2048", "15": "2048", "16": "2048", "17": "2048", "18": "2048", "19": "2048"}, "epoch": {"0": 1, "1": 2, "2": 3, "3": 4, "4": 5, "5": 6, "6": 7, "7": 8, "8": 9, "9": 10, "10": 11, "11": 12, "12": 13, "13": 14, "14": 15, "15": 16, "16": 17, "17": 18, "18": 19, "19": 20}, "loss": {"0": 0.6333102583885193, "1": 0.5340810418128967, "2": 0.49848854541778564, "3": 0.4719635844230652, "4": 0.45476770401000977, "5": 0.44005000591278076, "6": 0.42710334062576294, "7": 0.4173620045185089, "8": 0.40685132145881653, "9": 0.4001370966434479, "10": 0.39144986867904663, "11": 0.3857504725456238, "12": 0.37689512968063354, "13": 0.37310054898262024, "14": 0.36821043491363525, "15": 0.3648735284805298, "16": 0.3590659201145172, "17": 0.35455259680747986, "18": 0.3536683917045593, "19": 0.3495813310146332}, "accuracy": {"0": 0.7237526774406433, "1": 0.7661308646202087, "2": 0.7813892364501953, "3": 0.7944029569625854, "4": 0.8021050691604614, "5": 0.8099027276039124, "6": 0.8161227703094482, "7": 0.8204997181892395, "8": 0.8248001337051392, "9": 0.8276472091674805, "10": 0.8315269351005554, "11": 0.8348114490509033, "12": 0.8388345837593079, "13": 0.8406656980514526, "14": 0.8428720831871033, "15": 0.8445621728897095, "16": 0.8471510410308838, "17": 0.848905622959137, "18": 0.8496347069740295, "19": 0.8515996932983398}, "val_loss": {"0": 0.5737631916999817, "1": 0.5319073796272278, "2": 0.47740617394447327, "3": 0.46809130907058716, "4": 0.44708019495010376, "5": 0.42596134543418884, "6": 0.4279680550098419, "7": 0.4189153015613556, "8": 0.4099430441856384, "9": 0.39664512872695923, "10": 0.39471253752708435, "11": 0.3977055251598358, "12": 0.3781767785549164, "13": 0.3831632435321808, "14": 0.401048868894577, "15": 0.39866065979003906, "16": 0.3592923879623413, "17": 0.3584159016609192, "18": 0.36138442158699036, "19": 0.35284188389778137}, "val_accuracy": {"0": 0.7480691075325012, "1": 0.7703362703323364, "2": 0.793700635433197, "3": 0.7995740175247192, "4": 0.8051247000694275, "5": 0.8170865774154663, "6": 0.8163980841636658, "7": 0.8190443515777588, "8": 0.8253049850463867, "9": 0.8303607702255249, "10": 0.832404613494873, "11": 0.8314149975776672, "12": 0.8378692269325256, "13": 0.8340396881103516, "14": 0.8269400596618652, "15": 0.8298444747924805, "16": 0.843376874923706, "17": 0.8459800481796265, "18": 0.8474645614624023, "19": 0.8499171733856201}}