{"model_id": {"0": "2048-2048-2048", "1": "2048-2048-2048", "2": "2048-2048-2048", "3": "2048-2048-2048", "4": "2048-2048-2048", "5": "2048-2048-2048", "6": "2048-2048-2048", "7": "2048-2048-2048", "8": "2048-2048-2048", "9": "2048-2048-2048", "10": "2048-2048-2048", "11": "2048-2048-2048", "12": "2048-2048-2048", "13": "2048-2048-2048", "14": "2048-2048-2048", "15": "2048-2048-2048", "16": "2048-2048-2048", "17": "2048-2048-2048", "18": "2048-2048-2048", "19": "2048-2048-2048"}, "epoch": {"0": 1, "1": 2, "2": 3, "3": 4, "4": 5, "5": 6, "6": 7, "7": 8, "8": 9, "9": 10, "10": 11, "11": 12, "12": 13, "13": 14, "14": 15, "15": 16, "16": 17, "17": 18, "18": 19, "19": 20}, "loss": {"0": 0.8090994954109192, "1": 0.5289062857627869, "2": 0.461263507604599, "3": 0.41314229369163513, "4": 0.3710194230079651, "5": 0.3433651626110077, "6": 0.31915172934532166, "7": 0.30093589425086975, "8": 0.2854402959346771, "9": 0.27325600385665894, "10": 0.26398006081581116, "11": 0.2497529238462448, "12": 0.24284900724887848, "13": 0.23906929790973663, "14": 0.23139871656894684, "15": 0.22391296923160553, "16": 0.21886706352233887, "17": 0.21630117297172546, "18": 0.21160365641117096, "19": 0.2039712518453598}, "accuracy": {"0": 0.7092066407203674, "1": 0.7706703543663025, "2": 0.800481915473938, "3": 0.8228208422660828, "4": 0.8432091474533081, "5": 0.8555296063423157, "6": 0.8663560748100281, "7": 0.8742780685424805, "8": 0.8813204169273376, "9": 0.8865149021148682, "10": 0.8905045986175537, "11": 0.8969947099685669, "12": 0.9004011154174805, "13": 0.9016345739364624, "14": 0.9054020047187805, "15": 0.9080530405044556, "16": 0.9102426767349243, "17": 0.9114570617675781, "18": 0.9132618308067322, "19": 0.9164650440216064}, "val_loss": {"0": 0.5968700051307678, "1": 0.48894834518432617, "2": 0.45807328820228577, "3": 0.3889738619327545, "4": 0.3670957684516907, "5": 0.3663272261619568, "6": 0.3165431320667267, "7": 0.30691951513290405, "8": 0.320541113615036, "9": 0.29046836495399475, "10": 0.2546025514602661, "11": 0.26491278409957886, "12": 0.25174105167388916, "13": 0.2507445216178894, "14": 0.23863421380519867, "15": 0.22744441032409668, "16": 0.23537175357341766, "17": 0.2227504849433899, "18": 0.23228594660758972, "19": 0.2155817300081253}, "val_accuracy": {"0": 0.745465874671936, "1": 0.7857834100723267, "2": 0.8020051121711731, "3": 0.8345560431480408, "4": 0.8451195359230042, "5": 0.8458510041236877, "6": 0.8676878809928894, "7": 0.8703340888023376, "8": 0.8655794858932495, "9": 0.8810266852378845, "10": 0.8960220217704773, "11": 0.8938705921173096, "12": 0.8975065350532532, "13": 0.89937824010849, "14": 0.9041973948478699, "15": 0.9086078405380249, "16": 0.9060906767845154, "17": 0.9101353287696838, "18": 0.9058539867401123, "19": 0.9138357639312744}}