{"model_id": {"0": "32-32-32-32"}, "nodes": {"0": [32, 32, 32, 32]}, "layer_count": {"0": 4}, "structure": {"0": "constant"}, "trainable_count": {"0": 5159}, "non_trainable_count": {"0": 0}, "loss": {"0": 0.40629810094833374}, "accuracy": {"0": 0.8277643322944641}, "val_loss": {"0": 0.4106287956237793}, "val_accuracy": {"0": 0.8269615769386292}, "training_time": {"0": 150.611672}}