{"model_id": {"0": "32-32-32-32", "1": "32-32-32-32", "2": "32-32-32-32", "3": "32-32-32-32", "4": "32-32-32-32", "5": "32-32-32-32", "6": "32-32-32-32", "7": "32-32-32-32", "8": "32-32-32-32", "9": "32-32-32-32", "10": "32-32-32-32", "11": "32-32-32-32", "12": "32-32-32-32", "13": "32-32-32-32", "14": "32-32-32-32", "15": "32-32-32-32", "16": "32-32-32-32", "17": "32-32-32-32", "18": "32-32-32-32", "19": "32-32-32-32"}, "epoch": {"0": 1, "1": 2, "2": 3, "3": 4, "4": 5, "5": 6, "6": 7, "7": 8, "8": 9, "9": 10, "10": 11, "11": 12, "12": 13, "13": 14, "14": 15, "15": 16, "16": 17, "17": 18, "18": 19, "19": 20}, "loss": {"0": 0.7035083770751953, "1": 0.5873233079910278, "2": 0.554360568523407, "3": 0.5247558355331421, "4": 0.506603479385376, "5": 0.4898064434528351, "6": 0.4745463728904724, "7": 0.4637485444545746, "8": 0.45501336455345154, "9": 0.4439515471458435, "10": 0.4390842318534851, "11": 0.4357593357563019, "12": 0.429572194814682, "13": 0.42438238859176636, "14": 0.4189518690109253, "15": 0.4150117337703705, "16": 0.4134206473827362, "17": 0.40975838899612427, "18": 0.4081994891166687, "19": 0.40629810094833374}, "accuracy": {"0": 0.6952869296073914, "1": 0.7458357810974121, "2": 0.7585459351539612, "3": 0.7736274003982544, "4": 0.7822808623313904, "5": 0.7900834083557129, "6": 0.7978810667991638, "7": 0.8017871379852295, "8": 0.8057218194007874, "9": 0.8106342554092407, "10": 0.8124868273735046, "11": 0.8143848776817322, "12": 0.8172892928123474, "13": 0.819165825843811, "14": 0.8220343589782715, "15": 0.8238057494163513, "16": 0.8245658874511719, "17": 0.8265547752380371, "18": 0.8268559575080872, "19": 0.8277643322944641}, "val_loss": {"0": 0.6406441330909729, "1": 0.5681355595588684, "2": 0.5407576560974121, "3": 0.5095351934432983, "4": 0.4925379753112793, "5": 0.4904727041721344, "6": 0.473334401845932, "7": 0.46170592308044434, "8": 0.4538356065750122, "9": 0.4552050232887268, "10": 0.44368892908096313, "11": 0.43576735258102417, "12": 0.4306405484676361, "13": 0.42464229464530945, "14": 0.4252118468284607, "15": 0.42560669779777527, "16": 0.4156957268714905, "17": 0.4248843789100647, "18": 0.407068133354187, "19": 0.4106287956237793}, "val_accuracy": {"0": 0.7173468470573425, "1": 0.7521352767944336, "2": 0.7670661211013794, "3": 0.7798025012016296, "4": 0.788924515247345, "5": 0.7888814806938171, "6": 0.7991652488708496, "7": 0.8039844036102295, "8": 0.8057055473327637, "9": 0.8047804236412048, "10": 0.8117295503616333, "11": 0.8155375123023987, "12": 0.8137088418006897, "13": 0.819861888885498, "14": 0.8169574737548828, "15": 0.8211312294006348, "16": 0.8224436044692993, "17": 0.8198188543319702, "18": 0.8289839029312134, "19": 0.8269615769386292}}