{"model_id": {"0": "512-256-128-64", "1": "512-256-128-64", "2": "512-256-128-64", "3": "512-256-128-64", "4": "512-256-128-64", "5": "512-256-128-64", "6": "512-256-128-64", "7": "512-256-128-64", "8": "512-256-128-64", "9": "512-256-128-64", "10": "512-256-128-64", "11": "512-256-128-64", "12": "512-256-128-64", "13": "512-256-128-64", "14": "512-256-128-64", "15": "512-256-128-64", "16": "512-256-128-64", "17": "512-256-128-64", "18": "512-256-128-64", "19": "512-256-128-64"}, "epoch": {"0": 1, "1": 2, "2": 3, "3": 4, "4": 5, "5": 6, "6": 7, "7": 8, "8": 9, "9": 10, "10": 11, "11": 12, "12": 13, "13": 14, "14": 15, "15": 16, "16": 17, "17": 18, "18": 19, "19": 20}, "loss": {"0": 0.6467375755310059, "1": 0.5126162767410278, "2": 0.45791974663734436, "3": 0.41469183564186096, "4": 0.38859695196151733, "5": 0.362422913312912, "6": 0.34106823801994324, "7": 0.3274463713169098, "8": 0.31562647223472595, "9": 0.3015058636665344, "10": 0.29542532563209534, "11": 0.2882142663002014, "12": 0.27921611070632935, "13": 0.2725692093372345, "14": 0.2674631178379059, "15": 0.26157262921333313, "16": 0.25708022713661194, "17": 0.2521432936191559, "18": 0.24848109483718872, "19": 0.24503697454929352}, "accuracy": {"0": 0.7224713563919067, "1": 0.7762019038200378, "2": 0.8018038272857666, "3": 0.8222495317459106, "4": 0.8346775770187378, "5": 0.8469932675361633, "6": 0.856880247592926, "7": 0.8634205460548401, "8": 0.8682995438575745, "9": 0.8752223253250122, "10": 0.8777275085449219, "11": 0.8804239630699158, "12": 0.8842821717262268, "13": 0.8872416019439697, "14": 0.8894766569137573, "15": 0.8920583724975586, "16": 0.893997073173523, "17": 0.896067202091217, "18": 0.8974751830101013, "19": 0.899624228477478}, "val_loss": {"0": 0.5362862348556519, "1": 0.5038719773292542, "2": 0.4316721260547638, "3": 0.3965105414390564, "4": 0.40001243352890015, "5": 0.3609912097454071, "6": 0.36505672335624695, "7": 0.3252032399177551, "8": 0.305474191904068, "9": 0.29763007164001465, "10": 0.2960171103477478, "11": 0.3072662353515625, "12": 0.29340553283691406, "13": 0.28323879837989807, "14": 0.2780570685863495, "15": 0.2712820768356323, "16": 0.26879116892814636, "17": 0.2571549713611603, "18": 0.26351410150527954, "19": 0.2511962354183197}, "val_accuracy": {"0": 0.7655386328697205, "1": 0.7774144411087036, "2": 0.8145909309387207, "3": 0.8281448483467102, "4": 0.8300595879554749, "5": 0.8490135669708252, "6": 0.8444525599479675, "7": 0.8629547357559204, "8": 0.8730018734931946, "9": 0.8765732049942017, "10": 0.876185953617096, "11": 0.8733676075935364, "12": 0.8795421719551086, "13": 0.8843398094177246, "14": 0.8853940367698669, "15": 0.8887717723846436, "16": 0.8890299201011658, "17": 0.8954411745071411, "18": 0.8918913006782532, "19": 0.8980013132095337}}