{"model_id": {"0": "1024-512-256", "1": "1024-512-256", "2": "1024-512-256", "3": "1024-512-256", "4": "1024-512-256", "5": "1024-512-256", "6": "1024-512-256", "7": "1024-512-256", "8": "1024-512-256", "9": "1024-512-256", "10": "1024-512-256", "11": "1024-512-256", "12": "1024-512-256", "13": "1024-512-256", "14": "1024-512-256", "15": "1024-512-256", "16": "1024-512-256", "17": "1024-512-256", "18": "1024-512-256", "19": "1024-512-256"}, "epoch": {"0": 1, "1": 2, "2": 3, "3": 4, "4": 5, "5": 6, "6": 7, "7": 8, "8": 9, "9": 10, "10": 11, "11": 12, "12": 13, "13": 14, "14": 15, "15": 16, "16": 17, "17": 18, "18": 19, "19": 20}, "loss": {"0": 0.6798953413963318, "1": 0.5277233719825745, "2": 0.4580637216567993, "3": 0.41086262464523315, "4": 0.3767571747303009, "5": 0.3479432165622711, "6": 0.332023561000824, "7": 0.31425243616104126, "8": 0.2990908622741699, "9": 0.2904132902622223, "10": 0.27972182631492615, "11": 0.2710932195186615, "12": 0.2639683187007904, "13": 0.2560993432998657, "14": 0.25170210003852844, "15": 0.24360911548137665, "16": 0.23959623277187347, "17": 0.23658527433872223, "18": 0.234121635556221, "19": 0.22916805744171143}, "accuracy": {"0": 0.7107389569282532, "1": 0.7696592211723328, "2": 0.802862823009491, "3": 0.8251252770423889, "4": 0.840555727481842, "5": 0.8537511229515076, "6": 0.8607958555221558, "7": 0.8684285879135132, "8": 0.8747872710227966, "9": 0.8790853023529053, "10": 0.8841507434844971, "11": 0.8874256610870361, "12": 0.890418529510498, "13": 0.8940616250038147, "14": 0.8957206010818481, "15": 0.8995405435562134, "16": 0.9014648795127869, "17": 0.9023637175559998, "18": 0.9040442109107971, "19": 0.905920684337616}, "val_loss": {"0": 0.5604373812675476, "1": 0.4948815703392029, "2": 0.4377009868621826, "3": 0.38479793071746826, "4": 0.35896599292755127, "5": 0.3447141945362091, "6": 0.33632174134254456, "7": 0.30210837721824646, "8": 0.30921778082847595, "9": 0.30219703912734985, "10": 0.2878570258617401, "11": 0.27728432416915894, "12": 0.2700952887535095, "13": 0.2804456651210785, "14": 0.25704237818717957, "15": 0.2575340270996094, "16": 0.25186359882354736, "17": 0.253229022026062, "18": 0.24756473302841187, "19": 0.23681479692459106}, "val_accuracy": {"0": 0.7580301761627197, "1": 0.7836965918540955, "2": 0.810051441192627, "3": 0.8376971483230591, "4": 0.8489274978637695, "5": 0.8540263772010803, "6": 0.8591252565383911, "7": 0.874077558517456, "8": 0.8700544238090515, "9": 0.8751748204231262, "10": 0.8798433542251587, "11": 0.8860824704170227, "12": 0.890428364276886, "13": 0.8851143717765808, "14": 0.895527184009552, "15": 0.8931176066398621, "16": 0.8972052931785583, "17": 0.8968395590782166, "18": 0.8984746336936951, "19": 0.9044986367225647}}