{"model_id": {"0": "128-64", "1": "128-64", "2": "128-64", "3": "128-64", "4": "128-64", "5": "128-64", "6": "128-64", "7": "128-64", "8": "128-64", "9": "128-64", "10": "128-64", "11": "128-64", "12": "128-64", "13": "128-64", "14": "128-64", "15": "128-64", "16": "128-64", "17": "128-64", "18": "128-64", "19": "128-64"}, "epoch": {"0": 1, "1": 2, "2": 3, "3": 4, "4": 5, "5": 6, "6": 7, "7": 8, "8": 9, "9": 10, "10": 11, "11": 12, "12": 13, "13": 14, "14": 15, "15": 16, "16": 17, "17": 18, "18": 19, "19": 20}, "loss": {"0": 0.6537865996360779, "1": 0.5433231592178345, "2": 0.49812448024749756, "3": 0.4713606834411621, "4": 0.4482843279838562, "5": 0.431247740983963, "6": 0.4182543456554413, "7": 0.4050626754760742, "8": 0.3963192105293274, "9": 0.38381341099739075, "10": 0.3774039149284363, "11": 0.36939239501953125, "12": 0.3659211993217468, "13": 0.3574043810367584, "14": 0.35293495655059814, "15": 0.34770461916923523, "16": 0.3434824049472809, "17": 0.3384965658187866, "18": 0.3356311023235321, "19": 0.3328198194503784}, "accuracy": {"0": 0.7177645564079285, "1": 0.7631069421768188, "2": 0.7829000353813171, "3": 0.7957320809364319, "4": 0.8069409728050232, "5": 0.8159148097038269, "6": 0.8218024969100952, "7": 0.8276328444480896, "8": 0.8321197628974915, "9": 0.8383684754371643, "10": 0.841492772102356, "11": 0.8441271185874939, "12": 0.8455183506011963, "13": 0.8496610522270203, "14": 0.8518076539039612, "15": 0.8543415665626526, "16": 0.8564810156822205, "17": 0.858379065990448, "18": 0.8600452542304993, "19": 0.8613288998603821}, "val_loss": {"0": 0.5660738348960876, "1": 0.5281749963760376, "2": 0.47715702652931213, "3": 0.4519171714782715, "4": 0.444276362657547, "5": 0.4337243139743805, "6": 0.4172426164150238, "7": 0.41338202357292175, "8": 0.3848210573196411, "9": 0.37637144327163696, "10": 0.391919881105423, "11": 0.36794960498809814, "12": 0.3669930398464203, "13": 0.3635598123073578, "14": 0.35592007637023926, "15": 0.3600987493991852, "16": 0.3478942811489105, "17": 0.3445495665073395, "18": 0.34295615553855896, "19": 0.3359934389591217}, "val_accuracy": {"0": 0.7494029998779297, "1": 0.7676255106925964, "2": 0.7944751381874084, "3": 0.8076203465461731, "4": 0.8080720901489258, "5": 0.8166778087615967, "6": 0.8231320381164551, "7": 0.8281018137931824, "8": 0.841612696647644, "9": 0.8424517512321472, "10": 0.8323186039924622, "11": 0.846367359161377, "12": 0.8450549840927124, "13": 0.8458294868469238, "14": 0.8511649966239929, "15": 0.8482390642166138, "16": 0.8530151844024658, "17": 0.8569307923316956, "18": 0.8568877577781677, "19": 0.8599643111228943}}