{"model_id": {"0": "128-64"}, "nodes": {"0": [128, 64]}, "layer_count": {"0": 2}, "structure": {"0": "tapered"}, "trainable_count": {"0": 15751}, "non_trainable_count": {"0": 0}, "loss": {"0": 0.3328198194503784}, "accuracy": {"0": 0.8613288998603821}, "val_loss": {"0": 0.3359934389591217}, "val_accuracy": {"0": 0.8599643111228943}, "training_time": {"0": 152.70325}}