{"model_id": {"0": "2048-2048", "1": "2048-2048", "2": "2048-2048", "3": "2048-2048", "4": "2048-2048", "5": "2048-2048", "6": "2048-2048", "7": "2048-2048", "8": "2048-2048", "9": "2048-2048", "10": "2048-2048", "11": "2048-2048", "12": "2048-2048", "13": "2048-2048", "14": "2048-2048", "15": "2048-2048", "16": "2048-2048", "17": "2048-2048", "18": "2048-2048", "19": "2048-2048"}, "epoch": {"0": 1, "1": 2, "2": 3, "3": 4, "4": 5, "5": 6, "6": 7, "7": 8, "8": 9, "9": 10, "10": 11, "11": 12, "12": 13, "13": 14, "14": 15, "15": 16, "16": 17, "17": 18, "18": 19, "19": 20}, "loss": {"0": 0.6958737969398499, "1": 0.5339189767837524, "2": 0.47040826082229614, "3": 0.4193434417247772, "4": 0.38682109117507935, "5": 0.36481741070747375, "6": 0.34266382455825806, "7": 0.3263574242591858, "8": 0.3132489025592804, "9": 0.30206233263015747, "10": 0.28958067297935486, "11": 0.2799672782421112, "12": 0.27530062198638916, "13": 0.26619455218315125, "14": 0.26086604595184326, "15": 0.25542333722114563, "16": 0.2534230351448059, "17": 0.24623338878154755, "18": 0.24084824323654175, "19": 0.23831212520599365}, "accuracy": {"0": 0.7077652215957642, "1": 0.7654639482498169, "2": 0.7952300310134888, "3": 0.8188550472259521, "4": 0.8350624442100525, "5": 0.845575749874115, "6": 0.8551782369613647, "7": 0.863379955291748, "8": 0.8694565296173096, "9": 0.8742756843566895, "10": 0.8798096179962158, "11": 0.8839666247367859, "12": 0.886326014995575, "13": 0.8899667263031006, "14": 0.8923691511154175, "15": 0.8947141766548157, "16": 0.896057665348053, "17": 0.8991054892539978, "18": 0.9012162685394287, "19": 0.9029278755187988}, "val_loss": {"0": 0.5767444372177124, "1": 0.49514347314834595, "2": 0.4409601390361786, "3": 0.42677557468414307, "4": 0.3758416175842285, "5": 0.3492390811443329, "6": 0.34794881939888, "7": 0.32793039083480835, "8": 0.3250856101512909, "9": 0.2997935712337494, "10": 0.3015309274196625, "11": 0.2931061387062073, "12": 0.2688439190387726, "13": 0.27502626180648804, "14": 0.27108317613601685, "15": 0.2648411691188812, "16": 0.26380857825279236, "17": 0.2594631314277649, "18": 0.27185916900634766, "19": 0.23890456557273865}, "val_accuracy": {"0": 0.7500699162483215, "1": 0.7813299894332886, "2": 0.8104817271232605, "3": 0.814504861831665, "4": 0.8392891883850098, "5": 0.8518964648246765, "6": 0.8515737652778625, "7": 0.8634280562400818, "8": 0.8649125695228577, "9": 0.8755835890769958, "10": 0.8726576566696167, "11": 0.8776059150695801, "12": 0.8898904919624329, "13": 0.8898044228553772, "14": 0.8895247578620911, "15": 0.8917837142944336, "16": 0.8914825320243835, "17": 0.8935478925704956, "18": 0.8906004428863525, "19": 0.9026053547859192}}