{"model_id": {"0": "512-256-128", "1": "512-256-128", "2": "512-256-128", "3": "512-256-128", "4": "512-256-128", "5": "512-256-128", "6": "512-256-128", "7": "512-256-128", "8": "512-256-128", "9": "512-256-128", "10": "512-256-128", "11": "512-256-128", "12": "512-256-128", "13": "512-256-128", "14": "512-256-128", "15": "512-256-128", "16": "512-256-128", "17": "512-256-128", "18": "512-256-128", "19": "512-256-128"}, "epoch": {"0": 1, "1": 2, "2": 3, "3": 4, "4": 5, "5": 6, "6": 7, "7": 8, "8": 9, "9": 10, "10": 11, "11": 12, "12": 13, "13": 14, "14": 15, "15": 16, "16": 17, "17": 18, "18": 19, "19": 20}, "loss": {"0": 0.6414256691932678, "1": 0.509239912033081, "2": 0.4430016875267029, "3": 0.40083837509155273, "4": 0.37153470516204834, "5": 0.3470572531223297, "6": 0.3298535645008087, "7": 0.3136221766471863, "8": 0.3006756007671356, "9": 0.29161447286605835, "10": 0.28001224994659424, "11": 0.2709926962852478, "12": 0.26556557416915894, "13": 0.2574705183506012, "14": 0.25303927063941956, "15": 0.2481873780488968, "16": 0.24193455278873444, "17": 0.24025362730026245, "18": 0.23679813742637634, "19": 0.23216618597507477}, "accuracy": {"0": 0.7227367162704468, "1": 0.7769405841827393, "2": 0.8101035356521606, "3": 0.8287755250930786, "4": 0.8428601622581482, "5": 0.854489803314209, "6": 0.861649215221405, "7": 0.8688851594924927, "8": 0.8743067383766174, "9": 0.8792263269424438, "10": 0.8840120434761047, "11": 0.8877579569816589, "12": 0.8899284601211548, "13": 0.8938966393470764, "14": 0.8957851529121399, "15": 0.8979126214981079, "16": 0.900503933429718, "17": 0.9012186527252197, "18": 0.9024330377578735, "19": 0.9046919941902161}, "val_loss": {"0": 0.5556321740150452, "1": 0.4817109704017639, "2": 0.42546239495277405, "3": 0.3828989267349243, "4": 0.36028215289115906, "5": 0.3505585491657257, "6": 0.3279549479484558, "7": 0.3343035876750946, "8": 0.30758988857269287, "9": 0.29325070977211, "10": 0.2784106731414795, "11": 0.2784970700740814, "12": 0.2779262363910675, "13": 0.26233962178230286, "14": 0.2578267753124237, "15": 0.26011115312576294, "16": 0.25608891248703003, "17": 0.25417110323905945, "18": 0.24840788543224335, "19": 0.23989878594875336}, "val_accuracy": {"0": 0.7544158101081848, "1": 0.7859770655632019, "2": 0.8180761933326721, "3": 0.8374389410018921, "4": 0.8495084047317505, "5": 0.8540694117546082, "6": 0.8614702820777893, "7": 0.8584152460098267, "8": 0.872593104839325, "9": 0.879133403301239, "10": 0.8863406777381897, "11": 0.8857597708702087, "12": 0.8861900568008423, "13": 0.8938921093940735, "14": 0.8950324058532715, "15": 0.8943654298782349, "16": 0.8953551054000854, "17": 0.8979153037071228, "18": 0.9005184769630432, "19": 0.9018093347549438}}