{"model_id": {"0": "16-16", "1": "16-16", "2": "16-16", "3": "16-16", "4": "16-16", "5": "16-16", "6": "16-16", "7": "16-16", "8": "16-16", "9": "16-16", "10": "16-16", "11": "16-16", "12": "16-16", "13": "16-16", "14": "16-16", "15": "16-16", "16": "16-16", "17": "16-16", "18": "16-16", "19": "16-16"}, "epoch": {"0": 1, "1": 2, "2": 3, "3": 4, "4": 5, "5": 6, "6": 7, "7": 8, "8": 9, "9": 10, "10": 11, "11": 12, "12": 13, "13": 14, "14": 15, "15": 16, "16": 17, "17": 18, "18": 19, "19": 20}, "loss": {"0": 0.728097677230835, "1": 0.6206112504005432, "2": 0.6021568179130554, "3": 0.5868320465087891, "4": 0.5766021013259888, "5": 0.5711848139762878, "6": 0.5653701424598694, "7": 0.5615702271461487, "8": 0.5575249791145325, "9": 0.5550206899642944, "10": 0.5499797463417053, "11": 0.5463060736656189, "12": 0.5436424016952515, "13": 0.5411593914031982, "14": 0.5377640128135681, "15": 0.5346397757530212, "16": 0.532935380935669, "17": 0.5312058925628662, "18": 0.5304580330848694, "19": 0.5282992124557495}, "accuracy": {"0": 0.6910606026649475, "1": 0.7326045632362366, "2": 0.7415186166763306, "3": 0.74732506275177, "4": 0.751173734664917, "5": 0.7537387013435364, "6": 0.7560048699378967, "7": 0.7579674124717712, "8": 0.7598344087600708, "9": 0.76008540391922, "10": 0.7617419958114624, "11": 0.763685405254364, "12": 0.7647252678871155, "13": 0.7667070031166077, "14": 0.7680671811103821, "15": 0.7699412703514099, "16": 0.7713683843612671, "17": 0.7725803852081299, "18": 0.7730632424354553, "19": 0.7742441296577454}, "val_loss": {"0": 0.6290074586868286, "1": 0.6235206723213196, "2": 0.5966164469718933, "3": 0.582218587398529, "4": 0.5893726944923401, "5": 0.5711589455604553, "6": 0.5614598989486694, "7": 0.5694298148155212, "8": 0.5616199970245361, "9": 0.5625899434089661, "10": 0.5469733476638794, "11": 0.5422703623771667, "12": 0.5383177399635315, "13": 0.5413625240325928, "14": 0.5453389883041382, "15": 0.5366138815879822, "16": 0.530705988407135, "17": 0.5368202924728394, "18": 0.5326253175735474, "19": 0.5242416858673096}, "val_accuracy": {"0": 0.7275230884552002, "1": 0.7294163107872009, "2": 0.7461543679237366, "3": 0.7480475902557373, "4": 0.7482412457466125, "5": 0.7533831000328064, "6": 0.7601385712623596, "7": 0.7520707249641418, "8": 0.754673957824707, "9": 0.7589337825775146, "10": 0.7583313584327698, "11": 0.766033411026001, "12": 0.765968918800354, "13": 0.7645704746246338, "14": 0.7586110234260559, "15": 0.7698199152946472, "16": 0.7713474035263062, "17": 0.7704868912696838, "18": 0.7748112082481384, "19": 0.7759729623794556}}