{"model_id": {"0": "512-256-128"}, "nodes": {"0": [512, 256, 128]}, "layer_count": {"0": 3}, "structure": {"0": "tapered"}, "trainable_count": {"0": 193287}, "non_trainable_count": {"0": 0}, "loss": {"0": 0.23216618597507477}, "accuracy": {"0": 0.9046919941902161}, "val_loss": {"0": 0.23989878594875336}, "val_accuracy": {"0": 0.9018093347549438}, "training_time": {"0": 160.676362}}