{"model_id": {"0": "128-128", "1": "128-128", "2": "128-128", "3": "128-128", "4": "128-128", "5": "128-128", "6": "128-128", "7": "128-128", "8": "128-128", "9": "128-128", "10": "128-128", "11": "128-128", "12": "128-128", "13": "128-128", "14": "128-128", "15": "128-128", "16": "128-128", "17": "128-128", "18": "128-128", "19": "128-128"}, "epoch": {"0": 1, "1": 2, "2": 3, "3": 4, "4": 5, "5": 6, "6": 7, "7": 8, "8": 9, "9": 10, "10": 11, "11": 12, "12": 13, "13": 14, "14": 15, "15": 16, "16": 17, "17": 18, "18": 19, "19": 20}, "loss": {"0": 0.6442338824272156, "1": 0.5338478088378906, "2": 0.48575156927108765, "3": 0.45473021268844604, "4": 0.4299381971359253, "5": 0.4095733165740967, "6": 0.3913141191005707, "7": 0.3812524676322937, "8": 0.3695618212223053, "9": 0.3586903214454651, "10": 0.3484036922454834, "11": 0.34095215797424316, "12": 0.3337787985801697, "13": 0.3286735415458679, "14": 0.3227267563343048, "15": 0.3173600435256958, "16": 0.314248263835907, "17": 0.3074452877044678, "18": 0.3039591610431671, "19": 0.300749272108078}, "accuracy": {"0": 0.7231885194778442, "1": 0.7668384909629822, "2": 0.7880873084068298, "3": 0.8038740158081055, "4": 0.8155681490898132, "5": 0.8244200944900513, "6": 0.8327819108963013, "7": 0.8380768299102783, "8": 0.8432521820068359, "9": 0.8486928939819336, "10": 0.8535670638084412, "11": 0.8565718531608582, "12": 0.8597153425216675, "13": 0.8624835014343262, "14": 0.8647305369377136, "15": 0.867912232875824, "16": 0.8689640760421753, "17": 0.8721481561660767, "18": 0.8738716840744019, "19": 0.875033438205719}, "val_loss": {"0": 0.567128598690033, "1": 0.504759669303894, "2": 0.4938654899597168, "3": 0.44351622462272644, "4": 0.43267157673835754, "5": 0.4063493311405182, "6": 0.3905658721923828, "7": 0.38525086641311646, "8": 0.37117451429367065, "9": 0.3549821674823761, "10": 0.359123170375824, "11": 0.33964863419532776, "12": 0.336015909910202, "13": 0.34193092584609985, "14": 0.323522686958313, "15": 0.31761088967323303, "16": 0.310088187456131, "17": 0.30677327513694763, "18": 0.31495681405067444, "19": 0.31081193685531616}, "val_accuracy": {"0": 0.7511026263237, "1": 0.7804479002952576, "2": 0.7864934206008911, "3": 0.8072760701179504, "4": 0.8111486434936523, "5": 0.8279081583023071, "6": 0.8356747627258301, "7": 0.840106725692749, "8": 0.8443880081176758, "9": 0.8516167998313904, "10": 0.8477657437324524, "11": 0.8554677963256836, "12": 0.8570383787155151, "13": 0.8555753827095032, "14": 0.8660743236541748, "15": 0.8689572215080261, "16": 0.8700544238090515, "17": 0.8733891248703003, "18": 0.8674727082252502, "19": 0.8670209050178528}}