{"model_id": {"0": "512-512-512"}, "nodes": {"0": [512, 512, 512]}, "layer_count": {"0": 3}, "structure": {"0": "constant"}, "trainable_count": {"0": 557063}, "non_trainable_count": {"0": 0}, "loss": {"0": 0.2395995557308197}, "accuracy": {"0": 0.9023087024688721}, "val_loss": {"0": 0.26731154322624207}, "val_accuracy": {"0": 0.8918052315711975}, "training_time": {"0": 177.966954}}