{"model_id": {"0": "128-128-128-128-128", "1": "128-128-128-128-128", "2": "128-128-128-128-128", "3": "128-128-128-128-128", "4": "128-128-128-128-128", "5": "128-128-128-128-128", "6": "128-128-128-128-128", "7": "128-128-128-128-128", "8": "128-128-128-128-128", "9": "128-128-128-128-128", "10": "128-128-128-128-128", "11": "128-128-128-128-128", "12": "128-128-128-128-128", "13": "128-128-128-128-128", "14": "128-128-128-128-128", "15": "128-128-128-128-128", "16": "128-128-128-128-128", "17": "128-128-128-128-128", "18": "128-128-128-128-128", "19": "128-128-128-128-128"}, "epoch": {"0": 1, "1": 2, "2": 3, "3": 4, "4": 5, "5": 6, "6": 7, "7": 8, "8": 9, "9": 10, "10": 11, "11": 12, "12": 13, "13": 14, "14": 15, "15": 16, "16": 17, "17": 18, "18": 19, "19": 20}, "loss": {"0": 0.6749065518379211, "1": 0.5357264876365662, "2": 0.48031705617904663, "3": 0.44028109312057495, "4": 0.4080316424369812, "5": 0.383506178855896, "6": 0.3663262128829956, "7": 0.3492066562175751, "8": 0.3379281759262085, "9": 0.3276363015174866, "10": 0.31686514616012573, "11": 0.3108419179916382, "12": 0.3034819960594177, "13": 0.2988121211528778, "14": 0.29398563504219055, "15": 0.285489946603775, "16": 0.2839595377445221, "17": 0.2792893350124359, "18": 0.27447324991226196, "19": 0.2719712555408478}, "accuracy": {"0": 0.7100600600242615, "1": 0.7669388651847839, "2": 0.7934539318084717, "3": 0.8118700981140137, "4": 0.8266193270683289, "5": 0.8375461101531982, "6": 0.8454418778419495, "7": 0.8530363440513611, "8": 0.8579201102256775, "9": 0.8631241321563721, "10": 0.8675273656845093, "11": 0.8703576922416687, "12": 0.8736852407455444, "13": 0.8761569857597351, "14": 0.878564178943634, "15": 0.8818678259849548, "16": 0.8831968903541565, "17": 0.885415256023407, "18": 0.8871148824691772, "19": 0.8880089521408081}, "val_loss": {"0": 0.5634347796440125, "1": 0.5196272730827332, "2": 0.4804670810699463, "3": 0.43133455514907837, "4": 0.3915620446205139, "5": 0.39145389199256897, "6": 0.3538854420185089, "7": 0.34936192631721497, "8": 0.3396713435649872, "9": 0.32715147733688354, "10": 0.3308248221874237, "11": 0.31188878417015076, "12": 0.30066248774528503, "13": 0.30117523670196533, "14": 0.3078521490097046, "15": 0.2952321767807007, "16": 0.29605042934417725, "17": 0.2976854741573334, "18": 0.2708621025085449, "19": 0.287082701921463}, "val_accuracy": {"0": 0.7576644420623779, "1": 0.7709601521492004, "2": 0.7952497005462646, "3": 0.8115789294242859, "4": 0.8349217772483826, "5": 0.8332221508026123, "6": 0.8513156175613403, "7": 0.8532949090003967, "8": 0.8579419255256653, "9": 0.86306232213974, "10": 0.8599212765693665, "11": 0.8699898719787598, "12": 0.8757987022399902, "13": 0.8753253817558289, "14": 0.8728297352790833, "15": 0.8773907423019409, "16": 0.8773907423019409, "17": 0.8782297968864441, "18": 0.890729546546936, "19": 0.8813278675079346}}