{"model_id": {"0": "64-32", "1": "64-32", "2": "64-32", "3": "64-32", "4": "64-32", "5": "64-32", "6": "64-32", "7": "64-32", "8": "64-32", "9": "64-32", "10": "64-32", "11": "64-32", "12": "64-32", "13": "64-32", "14": "64-32", "15": "64-32", "16": "64-32", "17": "64-32", "18": "64-32", "19": "64-32"}, "epoch": {"0": 1, "1": 2, "2": 3, "3": 4, "4": 5, "5": 6, "6": 7, "7": 8, "8": 9, "9": 10, "10": 11, "11": 12, "12": 13, "13": 14, "14": 15, "15": 16, "16": 17, "17": 18, "18": 19, "19": 20}, "loss": {"0": 0.6726730465888977, "1": 0.5750203728675842, "2": 0.5448946356773376, "3": 0.5264387130737305, "4": 0.5115606188774109, "5": 0.4940129220485687, "6": 0.48299968242645264, "7": 0.47378242015838623, "8": 0.4655901789665222, "9": 0.45550933480262756, "10": 0.44959449768066406, "11": 0.4432545602321625, "12": 0.4385051131248474, "13": 0.43651890754699707, "14": 0.430759996175766, "15": 0.4297705590724945, "16": 0.42503947019577026, "17": 0.4203070402145386, "18": 0.41935697197914124, "19": 0.41582220792770386}, "accuracy": {"0": 0.7134042978286743, "1": 0.7517521977424622, "2": 0.7637308239936829, "3": 0.770185112953186, "4": 0.7782003879547119, "5": 0.7867175936698914, "6": 0.7923304438591003, "7": 0.7969894409179688, "8": 0.8010006546974182, "9": 0.8054660558700562, "10": 0.8076820373535156, "11": 0.8105362057685852, "12": 0.8125681281089783, "13": 0.8131107687950134, "14": 0.8166247606277466, "15": 0.8162685632705688, "16": 0.8180351257324219, "17": 0.8208343982696533, "18": 0.8212742209434509, "19": 0.822727620601654}, "val_loss": {"0": 0.5941352248191833, "1": 0.5923429727554321, "2": 0.539556086063385, "3": 0.5197367072105408, "4": 0.5075668096542358, "5": 0.4880337417125702, "6": 0.48450228571891785, "7": 0.48580315709114075, "8": 0.4556247293949127, "9": 0.44422948360443115, "10": 0.4463425874710083, "11": 0.4407195746898651, "12": 0.4451996386051178, "13": 0.44669079780578613, "14": 0.4315907955169678, "15": 0.4293016791343689, "16": 0.42940348386764526, "17": 0.42076823115348816, "18": 0.4432433247566223, "19": 0.4267497658729553}, "val_accuracy": {"0": 0.7449065446853638, "1": 0.7402809858322144, "2": 0.7643768191337585, "3": 0.7752199769020081, "4": 0.7803403735160828, "5": 0.7900862693786621, "6": 0.7877842783927917, "7": 0.7881500124931335, "8": 0.8046298623085022, "9": 0.8108904957771301, "10": 0.8113207817077637, "11": 0.8105677366256714, "12": 0.8079215288162231, "13": 0.8037692904472351, "14": 0.8175598382949829, "15": 0.8184849619865417, "16": 0.8166132569313049, "17": 0.821712076663971, "18": 0.8123319149017334, "19": 0.8159462809562683}}