{"model_id": {"0": "128", "1": "128", "2": "128", "3": "128", "4": "128", "5": "128", "6": "128", "7": "128", "8": "128", "9": "128", "10": "128", "11": "128", "12": "128", "13": "128", "14": "128", "15": "128", "16": "128", "17": "128", "18": "128", "19": "128"}, "epoch": {"0": 1, "1": 2, "2": 3, "3": 4, "4": 5, "5": 6, "6": 7, "7": 8, "8": 9, "9": 10, "10": 11, "11": 12, "12": 13, "13": 14, "14": 15, "15": 16, "16": 17, "17": 18, "18": 19, "19": 20}, "loss": {"0": 0.6743142008781433, "1": 0.5793951153755188, "2": 0.5498732924461365, "3": 0.5320323705673218, "4": 0.516815721988678, "5": 0.5039610862731934, "6": 0.49443161487579346, "7": 0.4832521378993988, "8": 0.4758150279521942, "9": 0.46801602840423584, "10": 0.46045586466789246, "11": 0.45411285758018494, "12": 0.4487626850605011, "13": 0.4444383680820465, "14": 0.4402160346508026, "15": 0.435172438621521, "16": 0.4326755404472351, "17": 0.4305237829685211, "18": 0.42655229568481445, "19": 0.4240935444831848}, "accuracy": {"0": 0.7112074494361877, "1": 0.7521920800209045, "2": 0.7644264698028564, "3": 0.7700154185295105, "4": 0.7760991454124451, "5": 0.7817263007164001, "6": 0.7856920957565308, "7": 0.7903510928153992, "8": 0.7934276461601257, "9": 0.7976037859916687, "10": 0.8006635904312134, "11": 0.8037974834442139, "12": 0.8060397505760193, "13": 0.8075648546218872, "14": 0.8098406195640564, "15": 0.8123505711555481, "16": 0.8133904337882996, "17": 0.8146263360977173, "18": 0.816811203956604, "19": 0.8178415298461914}, "val_loss": {"0": 0.6019134521484375, "1": 0.5633382797241211, "2": 0.5417345762252808, "3": 0.5276175141334534, "4": 0.5142799615859985, "5": 0.5064264535903931, "6": 0.4902116358280182, "7": 0.47985702753067017, "8": 0.47157949209213257, "9": 0.47450172901153564, "10": 0.4555153548717499, "11": 0.4508923292160034, "12": 0.4497959017753601, "13": 0.451369971036911, "14": 0.43627092242240906, "15": 0.434741735458374, "16": 0.4428453743457794, "17": 0.432968407869339, "18": 0.4230858385562897, "19": 0.427580863237381}, "val_accuracy": {"0": 0.7437662482261658, "1": 0.7644198536872864, "2": 0.7630860209465027, "3": 0.7705944180488586, "4": 0.7800821661949158, "5": 0.7799316048622131, "6": 0.7842128872871399, "7": 0.790989875793457, "8": 0.7951421141624451, "9": 0.7890321016311646, "10": 0.8021987676620483, "11": 0.8059852123260498, "12": 0.8069533705711365, "13": 0.804694414138794, "14": 0.8127622008323669, "15": 0.8113422393798828, "16": 0.8074697256088257, "17": 0.8121383190155029, "18": 0.8191734552383423, "19": 0.8197112679481506}}