{"model_id": {"0": "1024", "1": "1024", "2": "1024", "3": "1024", "4": "1024", "5": "1024", "6": "1024", "7": "1024", "8": "1024", "9": "1024", "10": "1024", "11": "1024", "12": "1024", "13": "1024", "14": "1024", "15": "1024", "16": "1024", "17": "1024", "18": "1024", "19": "1024"}, "epoch": {"0": 1, "1": 2, "2": 3, "3": 4, "4": 5, "5": 6, "6": 7, "7": 8, "8": 9, "9": 10, "10": 11, "11": 12, "12": 13, "13": 14, "14": 15, "15": 16, "16": 17, "17": 18, "18": 19, "19": 20}, "loss": {"0": 0.6403855681419373, "1": 0.5399338603019714, "2": 0.5018153786659241, "3": 0.4803781807422638, "4": 0.46307572722435, "5": 0.4472779631614685, "6": 0.4357357919216156, "7": 0.42666807770729065, "8": 0.41656431555747986, "9": 0.4090203642845154, "10": 0.3990649878978729, "11": 0.39370885491371155, "12": 0.38783472776412964, "13": 0.3819501996040344, "14": 0.37793585658073425, "15": 0.3734687566757202, "16": 0.3684714734554291, "17": 0.3632170557975769, "18": 0.36008086800575256, "19": 0.3561722934246063}, "accuracy": {"0": 0.7220602035522461, "1": 0.7651292681694031, "2": 0.7809063792228699, "3": 0.7899112701416016, "4": 0.7982540130615234, "5": 0.806422233581543, "6": 0.8119944334030151, "7": 0.8154606223106384, "8": 0.820635974407196, "9": 0.8241881728172302, "10": 0.8289715051651001, "11": 0.8312807083129883, "12": 0.8339556455612183, "13": 0.8366329669952393, "14": 0.8382226228713989, "15": 0.8403692841529846, "16": 0.8424585461616516, "17": 0.8448131680488586, "18": 0.846778154373169, "19": 0.8480402827262878}, "val_loss": {"0": 0.5806412100791931, "1": 0.517169713973999, "2": 0.4898437261581421, "3": 0.4716220498085022, "4": 0.4662989377975464, "5": 0.44118016958236694, "6": 0.4396723508834839, "7": 0.4167650043964386, "8": 0.4130568504333496, "9": 0.4042389690876007, "10": 0.39743804931640625, "11": 0.39310693740844727, "12": 0.38964712619781494, "13": 0.38466981053352356, "14": 0.38579267263412476, "15": 0.3705402612686157, "16": 0.3647763133049011, "17": 0.37079915404319763, "18": 0.36528846621513367, "19": 0.3599504232406616}, "val_accuracy": {"0": 0.7447128891944885, "1": 0.7738645672798157, "2": 0.7859340310096741, "3": 0.7951851487159729, "4": 0.7977023124694824, "5": 0.8090617656707764, "6": 0.8114928603172302, "7": 0.8224436044692993, "8": 0.8225511312484741, "9": 0.8246164917945862, "10": 0.8299950361251831, "11": 0.834426999092102, "12": 0.8299520015716553, "13": 0.8350939154624939, "14": 0.8310277462005615, "15": 0.841612696647644, "16": 0.8438286781311035, "17": 0.8420860171318054, "18": 0.8432047367095947, "19": 0.8497880697250366}}