{"model_id": {"0": "16-16-16", "1": "16-16-16", "2": "16-16-16", "3": "16-16-16", "4": "16-16-16", "5": "16-16-16", "6": "16-16-16", "7": "16-16-16", "8": "16-16-16", "9": "16-16-16", "10": "16-16-16", "11": "16-16-16", "12": "16-16-16", "13": "16-16-16", "14": "16-16-16", "15": "16-16-16", "16": "16-16-16", "17": "16-16-16", "18": "16-16-16", "19": "16-16-16"}, "epoch": {"0": 1, "1": 2, "2": 3, "3": 4, "4": 5, "5": 6, "6": 7, "7": 8, "8": 9, "9": 10, "10": 11, "11": 12, "12": 13, "13": 14, "14": 15, "15": 16, "16": 17, "17": 18, "18": 19, "19": 20}, "loss": {"0": 0.753110945224762, "1": 0.6271829605102539, "2": 0.606722354888916, "3": 0.5862895846366882, "4": 0.5761294364929199, "5": 0.5691487789154053, "6": 0.5616231560707092, "7": 0.5588011145591736, "8": 0.5535844564437866, "9": 0.5480573773384094, "10": 0.5438613891601562, "11": 0.5417270660400391, "12": 0.5383893847465515, "13": 0.5361575484275818, "14": 0.534186840057373, "15": 0.5332280993461609, "16": 0.5291662812232971, "17": 0.5282683372497559, "18": 0.5267846584320068, "19": 0.5273772478103638}, "accuracy": {"0": 0.6721687316894531, "1": 0.7326499819755554, "2": 0.7411385178565979, "3": 0.7500979900360107, "4": 0.7534948587417603, "5": 0.7547809481620789, "6": 0.7570686340332031, "7": 0.7581251859664917, "8": 0.7599897980690002, "9": 0.7630208730697632, "10": 0.7644503712654114, "11": 0.7648496031761169, "12": 0.7666926383972168, "13": 0.7670368552207947, "14": 0.7681149840354919, "15": 0.7686480283737183, "16": 0.7706249356269836, "17": 0.7708233594894409, "18": 0.7711365222930908, "19": 0.7708185911178589}, "val_loss": {"0": 0.6372882723808289, "1": 0.6134825348854065, "2": 0.5937098264694214, "3": 0.5817399024963379, "4": 0.5663943290710449, "5": 0.5616036057472229, "6": 0.5577459335327148, "7": 0.5967214703559875, "8": 0.549075722694397, "9": 0.5478842854499817, "10": 0.5443124175071716, "11": 0.5351477265357971, "12": 0.5338128209114075, "13": 0.5385662317276001, "14": 0.5365342497825623, "15": 0.5697290301322937, "16": 0.5309233069419861, "17": 0.5273411273956299, "18": 0.5292094349861145, "19": 0.5244079828262329}, "val_accuracy": {"0": 0.7281039357185364, "1": 0.7364944815635681, "2": 0.74578857421875, "3": 0.7453153133392334, "4": 0.7582883238792419, "5": 0.7566747665405273, "6": 0.7586540579795837, "7": 0.7362793684005737, "8": 0.7616015076637268, "9": 0.761795163154602, "10": 0.7610636353492737, "11": 0.7665282487869263, "12": 0.7665712833404541, "13": 0.7637099027633667, "14": 0.7664636969566345, "15": 0.7416578531265259, "16": 0.7673673033714294, "17": 0.7697123289108276, "18": 0.7668939828872681, "19": 0.7697983980178833}}