{"model_id": {"0": "32-32-32-32-32"}, "nodes": {"0": [32, 32, 32, 32, 32]}, "layer_count": {"0": 5}, "structure": {"0": "constant"}, "trainable_count": {"0": 6215}, "non_trainable_count": {"0": 0}, "loss": {"0": 0.39374810457229614}, "accuracy": {"0": 0.8353683948516846}, "val_loss": {"0": 0.39962154626846313}, "val_accuracy": {"0": 0.8321895003318787}, "training_time": {"0": 152.237587}}