{"model_id": {"0": "2048-2048-2048"}, "nodes": {"0": [2048, 2048, 2048]}, "layer_count": {"0": 3}, "structure": {"0": "constant"}, "trainable_count": {"0": 8519687}, "non_trainable_count": {"0": 0}, "loss": {"0": 0.2039712518453598}, "accuracy": {"0": 0.9164650440216064}, "val_loss": {"0": 0.2155817300081253}, "val_accuracy": {"0": 0.9138357639312744}, "training_time": {"0": 502.359541}}