{"model_id": {"0": "256-128-64-32-16"}, "nodes": {"0": [256, 128, 64, 32, 16]}, "layer_count": {"0": 5}, "structure": {"0": "tapered"}, "trainable_count": {"0": 57959}, "non_trainable_count": {"0": 0}, "loss": {"0": 0.2615874111652374}, "accuracy": {"0": 0.8928998112678528}, "val_loss": {"0": 0.27535054087638855}, "val_accuracy": {"0": 0.8880617618560791}, "training_time": {"0": 162.491866}}