{"model_id": {"0": "64", "1": "64", "2": "64", "3": "64", "4": "64", "5": "64", "6": "64", "7": "64", "8": "64", "9": "64", "10": "64", "11": "64", "12": "64", "13": "64", "14": "64", "15": "64", "16": "64", "17": "64", "18": "64", "19": "64"}, "epoch": {"0": 1, "1": 2, "2": 3, "3": 4, "4": 5, "5": 6, "6": 7, "7": 8, "8": 9, "9": 10, "10": 11, "11": 12, "12": 13, "13": 14, "14": 15, "15": 16, "16": 17, "17": 18, "18": 19, "19": 20}, "loss": {"0": 0.6958170533180237, "1": 0.59760981798172, "2": 0.5745632648468018, "3": 0.5599539875984192, "4": 0.5464189052581787, "5": 0.5356169939041138, "6": 0.5292803049087524, "7": 0.5224566459655762, "8": 0.5146625638008118, "9": 0.5092868208885193, "10": 0.5074241757392883, "11": 0.5023733973503113, "12": 0.49819329380989075, "13": 0.4969865083694458, "14": 0.49395477771759033, "15": 0.4918695390224457, "16": 0.4889030456542969, "17": 0.4859583377838135, "18": 0.4835927486419678, "19": 0.4827883541584015}, "accuracy": {"0": 0.7015929818153381, "1": 0.7425680160522461, "2": 0.7525195479393005, "3": 0.7589786052703857, "4": 0.7644886374473572, "5": 0.7680599689483643, "6": 0.7695516347885132, "7": 0.7731971144676208, "8": 0.7763572931289673, "9": 0.7791565656661987, "10": 0.7793453931808472, "11": 0.7815709114074707, "12": 0.7841956615447998, "13": 0.7837677597999573, "14": 0.7859885096549988, "15": 0.7857327461242676, "16": 0.7873319387435913, "17": 0.7896339893341064, "18": 0.7901718020439148, "19": 0.7901646494865417}, "val_loss": {"0": 0.6237596273422241, "1": 0.5988176465034485, "2": 0.5612478852272034, "3": 0.5491055846214294, "4": 0.5454984903335571, "5": 0.5423642992973328, "6": 0.5218040347099304, "7": 0.5148851275444031, "8": 0.5174867510795593, "9": 0.5119335055351257, "10": 0.5068503022193909, "11": 0.5034340023994446, "12": 0.4983087480068207, "13": 0.5191049575805664, "14": 0.4925940930843353, "15": 0.48661500215530396, "16": 0.48799657821655273, "17": 0.4958055317401886, "18": 0.484813392162323, "19": 0.49677732586860657}, "val_accuracy": {"0": 0.7319980263710022, "1": 0.7376992702484131, "2": 0.7567178010940552, "3": 0.7637099027633667, "4": 0.7625696659088135, "5": 0.7601600885391235, "6": 0.7724231481552124, "7": 0.77668297290802, "8": 0.7691745162010193, "9": 0.7748542428016663, "10": 0.7804909348487854, "11": 0.7807061076164246, "12": 0.7831372022628784, "13": 0.7658828496932983, "14": 0.7837395668029785, "15": 0.7878273129463196, "16": 0.7871173024177551, "17": 0.7798670530319214, "18": 0.7898711562156677, "19": 0.7863643169403076}}