{"model_id": {"0": "1024-512-256-128-64"}, "nodes": {"0": [1024, 512, 256, 128, 64]}, "layer_count": {"0": 5}, "structure": {"0": "tapered"}, "trainable_count": {"0": 754055}, "non_trainable_count": {"0": 0}, "loss": {"0": 0.24490588903427124}, "accuracy": {"0": 0.9000377655029297}, "val_loss": {"0": 0.26424047350883484}, "val_accuracy": {"0": 0.8941287994384766}, "training_time": {"0": 192.398686}}