{"model_id": {"0": "512-256-128-64-32"}, "nodes": {"0": [512, 256, 128, 64, 32]}, "layer_count": {"0": 5}, "structure": {"0": "tapered"}, "trainable_count": {"0": 202951}, "non_trainable_count": {"0": 0}, "loss": {"0": 0.23911847174167633}, "accuracy": {"0": 0.9021485447883606}, "val_loss": {"0": 0.24689215421676636}, "val_accuracy": {"0": 0.9004969596862793}, "training_time": {"0": 169.24543}}