{"model_id": {"0": "2048-1024", "1": "2048-1024", "2": "2048-1024", "3": "2048-1024", "4": "2048-1024", "5": "2048-1024", "6": "2048-1024", "7": "2048-1024", "8": "2048-1024", "9": "2048-1024", "10": "2048-1024", "11": "2048-1024", "12": "2048-1024", "13": "2048-1024", "14": "2048-1024", "15": "2048-1024", "16": "2048-1024", "17": "2048-1024", "18": "2048-1024", "19": "2048-1024"}, "epoch": {"0": 1, "1": 2, "2": 3, "3": 4, "4": 5, "5": 6, "6": 7, "7": 8, "8": 9, "9": 10, "10": 11, "11": 12, "12": 13, "13": 14, "14": 15, "15": 16, "16": 17, "17": 18, "18": 19, "19": 20}, "loss": {"0": 0.6922794580459595, "1": 0.5404694676399231, "2": 0.482191801071167, "3": 0.4389326274394989, "4": 0.40624746680259705, "5": 0.37934741377830505, "6": 0.3598918914794922, "7": 0.34324967861175537, "8": 0.32795199751853943, "9": 0.31658804416656494, "10": 0.3034179210662842, "11": 0.2958786189556122, "12": 0.2867189347743988, "13": 0.2796902060508728, "14": 0.27345332503318787, "15": 0.26764023303985596, "16": 0.2614690661430359, "17": 0.2589271664619446, "18": 0.2517266571521759, "19": 0.2500933110713959}, "accuracy": {"0": 0.7113150358200073, "1": 0.7637834548950195, "2": 0.7903176546096802, "3": 0.81083744764328, "4": 0.8261699080467224, "5": 0.8384186625480652, "6": 0.8473566174507141, "7": 0.855144739151001, "8": 0.8627631664276123, "9": 0.8675345778465271, "10": 0.8732215166091919, "11": 0.8769482374191284, "12": 0.8809259533882141, "13": 0.8846503496170044, "14": 0.8874590992927551, "15": 0.8900647163391113, "16": 0.8920846581459045, "17": 0.8930982351303101, "18": 0.8970138430595398, "19": 0.8971572518348694}, "val_loss": {"0": 0.5780092477798462, "1": 0.49777159094810486, "2": 0.4541725218296051, "3": 0.43645575642585754, "4": 0.3936071991920471, "5": 0.3794793486595154, "6": 0.34446683526039124, "7": 0.33445075154304504, "8": 0.32992252707481384, "9": 0.3054657578468323, "10": 0.3322322368621826, "11": 0.2932146191596985, "12": 0.2876585125923157, "13": 0.28577014803886414, "14": 0.2711993455886841, "15": 0.27848827838897705, "16": 0.2932532727718353, "17": 0.27102234959602356, "18": 0.2776797115802765, "19": 0.25650647282600403}, "val_accuracy": {"0": 0.7501775026321411, "1": 0.7757578492164612, "2": 0.8056409955024719, "3": 0.811557412147522, "4": 0.8314580321311951, "5": 0.836836576461792, "6": 0.8552526831626892, "7": 0.861857533454895, "8": 0.8620511889457703, "9": 0.8725285530090332, "10": 0.8638583421707153, "11": 0.8776704668998718, "12": 0.8802951574325562, "13": 0.8822959661483765, "14": 0.8885350823402405, "15": 0.884189248085022, "16": 0.8791979551315308, "17": 0.8904068470001221, "18": 0.8876100182533264, "19": 0.8934618234634399}}