{"model_id": {"0": "128-128-128-128", "1": "128-128-128-128", "2": "128-128-128-128", "3": "128-128-128-128", "4": "128-128-128-128", "5": "128-128-128-128", "6": "128-128-128-128", "7": "128-128-128-128", "8": "128-128-128-128", "9": "128-128-128-128", "10": "128-128-128-128", "11": "128-128-128-128", "12": "128-128-128-128", "13": "128-128-128-128", "14": "128-128-128-128", "15": "128-128-128-128", "16": "128-128-128-128", "17": "128-128-128-128", "18": "128-128-128-128", "19": "128-128-128-128"}, "epoch": {"0": 1, "1": 2, "2": 3, "3": 4, "4": 5, "5": 6, "6": 7, "7": 8, "8": 9, "9": 10, "10": 11, "11": 12, "12": 13, "13": 14, "14": 15, "15": 16, "16": 17, "17": 18, "18": 19, "19": 20}, "loss": {"0": 0.6487955451011658, "1": 0.5146288871765137, "2": 0.448203444480896, "3": 0.40462809801101685, "4": 0.3745656907558441, "5": 0.3518576920032501, "6": 0.3311055898666382, "7": 0.32061004638671875, "8": 0.3096153140068054, "9": 0.2973135709762573, "10": 0.28980112075805664, "11": 0.2835466265678406, "12": 0.27694475650787354, "13": 0.272573322057724, "14": 0.26720234751701355, "15": 0.2630932927131653, "16": 0.25798460841178894, "17": 0.25239601731300354, "18": 0.25199761986732483, "19": 0.24854528903961182}, "accuracy": {"0": 0.7211518287658691, "1": 0.7743493318557739, "2": 0.8066230416297913, "3": 0.8276567459106445, "4": 0.8413804769515991, "5": 0.8515925407409668, "6": 0.8607814908027649, "7": 0.8660381436347961, "8": 0.8711609244346619, "9": 0.8762502074241638, "10": 0.8799291253089905, "11": 0.8826255798339844, "12": 0.8852383494377136, "13": 0.8873993754386902, "14": 0.8891730904579163, "15": 0.8912528157234192, "16": 0.8941500186920166, "17": 0.8958735466003418, "18": 0.8964974880218506, "19": 0.8974823355674744}, "val_loss": {"0": 0.5433533787727356, "1": 0.47876477241516113, "2": 0.43842560052871704, "3": 0.3885824680328369, "4": 0.3670559823513031, "5": 0.3356020450592041, "6": 0.3400433659553528, "7": 0.3244650065898895, "8": 0.3064839541912079, "9": 0.3085422217845917, "10": 0.28851115703582764, "11": 0.29323333501815796, "12": 0.2839229702949524, "13": 0.2856610417366028, "14": 0.2781458795070648, "15": 0.26689445972442627, "16": 0.26028743386268616, "17": 0.25425779819488525, "18": 0.24648313224315643, "19": 0.2589768171310425}, "val_accuracy": {"0": 0.7636023163795471, "1": 0.7881069779396057, "2": 0.8131494522094727, "3": 0.8351799845695496, "4": 0.8443880081176758, "5": 0.859168291091919, "6": 0.8552311658859253, "7": 0.8664185404777527, "8": 0.8701189756393433, "9": 0.8711516261100769, "10": 0.8818871974945068, "11": 0.8809621334075928, "12": 0.8831780552864075, "13": 0.8794776201248169, "14": 0.8868569731712341, "15": 0.8901271224021912, "16": 0.8944730162620544, "17": 0.8961726427078247, "18": 0.9006906151771545, "19": 0.8937200307846069}}