{"model_id": {"0": "2048-1024-512-256-128", "1": "2048-1024-512-256-128", "2": "2048-1024-512-256-128", "3": "2048-1024-512-256-128", "4": "2048-1024-512-256-128", "5": "2048-1024-512-256-128", "6": "2048-1024-512-256-128", "7": "2048-1024-512-256-128", "8": "2048-1024-512-256-128", "9": "2048-1024-512-256-128", "10": "2048-1024-512-256-128", "11": "2048-1024-512-256-128", "12": "2048-1024-512-256-128", "13": "2048-1024-512-256-128", "14": "2048-1024-512-256-128", "15": "2048-1024-512-256-128", "16": "2048-1024-512-256-128", "17": "2048-1024-512-256-128", "18": "2048-1024-512-256-128", "19": "2048-1024-512-256-128"}, "epoch": {"0": 1, "1": 2, "2": 3, "3": 4, "4": 5, "5": 6, "6": 7, "7": 8, "8": 9, "9": 10, "10": 11, "11": 12, "12": 13, "13": 14, "14": 15, "15": 16, "16": 17, "17": 18, "18": 19, "19": 20}, "loss": {"0": 0.7306975722312927, "1": 0.5546821355819702, "2": 0.48457881808280945, "3": 0.43310606479644775, "4": 0.38946422934532166, "5": 0.36230599880218506, "6": 0.3387226164340973, "7": 0.31891337037086487, "8": 0.303763210773468, "9": 0.28936105966567993, "10": 0.2799988090991974, "11": 0.2687148451805115, "12": 0.2597590982913971, "13": 0.2562267482280731, "14": 0.2470315545797348, "15": 0.24507850408554077, "16": 0.23658286035060883, "17": 0.235907644033432, "18": 0.2272471785545349, "19": 0.22196485102176666}, "accuracy": {"0": 0.6904008388519287, "1": 0.7588901519775391, "2": 0.7893399596214294, "3": 0.8128812909126282, "4": 0.8346250057220459, "5": 0.8471797108650208, "6": 0.8576140999794006, "7": 0.8669273853302002, "8": 0.8737689256668091, "9": 0.8797163963317871, "10": 0.8835435509681702, "11": 0.8882718682289124, "12": 0.8920081853866577, "13": 0.8938847184181213, "14": 0.8976258039474487, "15": 0.8988592624664307, "16": 0.9029875993728638, "17": 0.9025788307189941, "18": 0.9066187143325806, "19": 0.9093223214149475}, "val_loss": {"0": 0.5928662419319153, "1": 0.5175201892852783, "2": 0.4486573338508606, "3": 0.4180203974246979, "4": 0.3949515223503113, "5": 0.35200783610343933, "6": 0.35589495301246643, "7": 0.3230443298816681, "8": 0.30246108770370483, "9": 0.28850191831588745, "10": 0.2752890884876251, "11": 0.27596166729927063, "12": 0.26955971121788025, "13": 0.27676665782928467, "14": 0.25481441617012024, "15": 0.24307750165462494, "16": 0.23406341671943665, "17": 0.26468756794929504, "18": 0.23604851961135864, "19": 0.2359839379787445}, "val_accuracy": {"0": 0.7453583478927612, "1": 0.7751769423484802, "2": 0.8069103360176086, "3": 0.8214754462242126, "4": 0.8349863290786743, "5": 0.8528431057929993, "6": 0.8509283065795898, "7": 0.864826500415802, "8": 0.8757556676864624, "9": 0.8799509406089783, "10": 0.88804030418396, "11": 0.8872657418251038, "12": 0.8899765610694885, "13": 0.8867279291152954, "14": 0.895462691783905, "15": 0.8998515605926514, "16": 0.9034444093704224, "17": 0.8919773697853088, "18": 0.9036165475845337, "19": 0.9040253162384033}}