{"model_id": {"0": "128-128-128-128"}, "nodes": {"0": [128, 128, 128, 128]}, "layer_count": {"0": 4}, "structure": {"0": "constant"}, "trainable_count": {"0": 57479}, "non_trainable_count": {"0": 0}, "loss": {"0": 0.24854528903961182}, "accuracy": {"0": 0.8974823355674744}, "val_loss": {"0": 0.2589768171310425}, "val_accuracy": {"0": 0.8937200307846069}, "training_time": {"0": 162.040125}}