{"model_id": {"0": "64-64-64-64", "1": "64-64-64-64", "2": "64-64-64-64", "3": "64-64-64-64", "4": "64-64-64-64", "5": "64-64-64-64", "6": "64-64-64-64", "7": "64-64-64-64", "8": "64-64-64-64", "9": "64-64-64-64", "10": "64-64-64-64", "11": "64-64-64-64", "12": "64-64-64-64", "13": "64-64-64-64", "14": "64-64-64-64", "15": "64-64-64-64", "16": "64-64-64-64", "17": "64-64-64-64", "18": "64-64-64-64", "19": "64-64-64-64"}, "epoch": {"0": 1, "1": 2, "2": 3, "3": 4, "4": 5, "5": 6, "6": 7, "7": 8, "8": 9, "9": 10, "10": 11, "11": 12, "12": 13, "13": 14, "14": 15, "15": 16, "16": 17, "17": 18, "18": 19, "19": 20}, "loss": {"0": 0.6566610932350159, "1": 0.5350906848907471, "2": 0.48661094903945923, "3": 0.45679721236228943, "4": 0.4265437424182892, "5": 0.40679872035980225, "6": 0.3934272229671478, "7": 0.37851443886756897, "8": 0.3679363429546356, "9": 0.3591771423816681, "10": 0.3469908535480499, "11": 0.33910730481147766, "12": 0.3333437740802765, "13": 0.3285178542137146, "14": 0.3243728280067444, "15": 0.31888872385025024, "16": 0.3154890835285187, "17": 0.3126579523086548, "18": 0.3079628050327301, "19": 0.30592960119247437}, "accuracy": {"0": 0.7178696990013123, "1": 0.7671085596084595, "2": 0.7899925708770752, "3": 0.8035584688186646, "4": 0.8180710077285767, "5": 0.8273292779922485, "6": 0.8338719606399536, "7": 0.8406776785850525, "8": 0.8458243012428284, "9": 0.8499670028686523, "10": 0.8551352024078369, "11": 0.8588284850120544, "12": 0.8612619638442993, "13": 0.8635950684547424, "14": 0.865818202495575, "15": 0.8681584596633911, "16": 0.8686198592185974, "17": 0.8703959584236145, "18": 0.8721171021461487, "19": 0.8736589550971985}, "val_loss": {"0": 0.5582578182220459, "1": 0.5288363099098206, "2": 0.46197569370269775, "3": 0.4571577310562134, "4": 0.4103051722049713, "5": 0.40566080808639526, "6": 0.39018362760543823, "7": 0.36830204725265503, "8": 0.3720836937427521, "9": 0.349208265542984, "10": 0.3453961908817291, "11": 0.3667674660682678, "12": 0.3479175865650177, "13": 0.32809320092201233, "14": 0.32401806116104126, "15": 0.34352514147758484, "16": 0.33511707186698914, "17": 0.3138238489627838, "18": 0.3185926079750061, "19": 0.31584689021110535}, "val_accuracy": {"0": 0.7595576643943787, "1": 0.7695402503013611, "2": 0.8006927371025085, "3": 0.8018545508384705, "4": 0.8254770636558533, "5": 0.8303607702255249, "6": 0.834491491317749, "7": 0.8467330932617188, "8": 0.8455498218536377, "9": 0.8539403080940247, "10": 0.8567371368408203, "11": 0.845205545425415, "12": 0.8569092750549316, "13": 0.86336350440979, "14": 0.8654718995094299, "15": 0.8584797978401184, "16": 0.8615993857383728, "17": 0.8699468374252319, "18": 0.8676233291625977, "19": 0.8690862655639648}}