{"model_id": {"0": "1024-512-256-128"}, "nodes": {"0": [1024, 512, 256, 128]}, "layer_count": {"0": 4}, "structure": {"0": "tapered"}, "trainable_count": {"0": 746247}, "non_trainable_count": {"0": 0}, "loss": {"0": 0.21057717502117157}, "accuracy": {"0": 0.9140291810035706}, "val_loss": {"0": 0.21803373098373413}, "val_accuracy": {"0": 0.9122006893157959}, "training_time": {"0": 192.141426}}