{"model_id": {"0": "64-64-64-64-64"}, "nodes": {"0": [64, 64, 64, 64, 64]}, "layer_count": {"0": 5}, "structure": {"0": "constant"}, "trainable_count": {"0": 20615}, "non_trainable_count": {"0": 0}, "loss": {"0": 0.2877098321914673}, "accuracy": {"0": 0.8821044564247131}, "val_loss": {"0": 0.3051806390285492}, "val_accuracy": {"0": 0.8761429190635681}, "training_time": {"0": 163.88201}}