{"model_id": {"0": "1024-1024-1024-1024-1024", "1": "1024-1024-1024-1024-1024", "2": "1024-1024-1024-1024-1024", "3": "1024-1024-1024-1024-1024", "4": "1024-1024-1024-1024-1024", "5": "1024-1024-1024-1024-1024", "6": "1024-1024-1024-1024-1024", "7": "1024-1024-1024-1024-1024", "8": "1024-1024-1024-1024-1024", "9": "1024-1024-1024-1024-1024", "10": "1024-1024-1024-1024-1024", "11": "1024-1024-1024-1024-1024", "12": "1024-1024-1024-1024-1024", "13": "1024-1024-1024-1024-1024", "14": "1024-1024-1024-1024-1024", "15": "1024-1024-1024-1024-1024", "16": "1024-1024-1024-1024-1024", "17": "1024-1024-1024-1024-1024", "18": "1024-1024-1024-1024-1024", "19": "1024-1024-1024-1024-1024"}, "epoch": {"0": 1, "1": 2, "2": 3, "3": 4, "4": 5, "5": 6, "6": 7, "7": 8, "8": 9, "9": 10, "10": 11, "11": 12, "12": 13, "13": 14, "14": 15, "15": 16, "16": 17, "17": 18, "18": 19, "19": 20}, "loss": {"0": 0.9286237359046936, "1": 0.5812198519706726, "2": 0.5345300436019897, "3": 0.4906885325908661, "4": 0.4556507468223572, "5": 0.4287090003490448, "6": 0.4057733118534088, "7": 0.38469234108924866, "8": 0.3701864182949066, "9": 0.35956504940986633, "10": 0.34358760714530945, "11": 0.33573630452156067, "12": 0.3278261125087738, "13": 0.31859132647514343, "14": 0.31215861439704895, "15": 0.3040260970592499, "16": 0.298746258020401, "17": 0.29761919379234314, "18": 0.2888924181461334, "19": 0.28918585181236267}, "accuracy": {"0": 0.6824883818626404, "1": 0.7487401962280273, "2": 0.7663030028343201, "3": 0.7866148352622986, "4": 0.8041177988052368, "5": 0.8172152042388916, "6": 0.8271069526672363, "7": 0.8375150561332703, "8": 0.843811571598053, "9": 0.8487550616264343, "10": 0.8557591438293457, "11": 0.8590938448905945, "12": 0.8626890778541565, "13": 0.8666381239891052, "14": 0.8695640563964844, "15": 0.8735776543617249, "16": 0.8755331039428711, "17": 0.8765920400619507, "18": 0.8798454999923706, "19": 0.8799172043800354}, "val_loss": {"0": 0.608468234539032, "1": 0.5514277815818787, "2": 0.509340763092041, "3": 0.47990626096725464, "4": 0.44087961316108704, "5": 0.4194921851158142, "6": 0.4117794632911682, "7": 0.3826322853565216, "8": 0.3616332709789276, "9": 0.3571845591068268, "10": 0.3481549918651581, "11": 0.3610988259315491, "12": 0.3302527368068695, "13": 0.3316212296485901, "14": 0.3137977123260498, "15": 0.31910449266433716, "16": 0.31591933965682983, "17": 0.30453935265541077, "18": 0.3217119872570038, "19": 0.3080637753009796}, "val_accuracy": {"0": 0.7364729642868042, "1": 0.759170413017273, "2": 0.7778662443161011, "3": 0.7935070395469666, "4": 0.8119876980781555, "5": 0.8236268758773804, "6": 0.8255846500396729, "7": 0.8379122614860535, "8": 0.8478087782859802, "9": 0.8515737652778625, "10": 0.8562853932380676, "11": 0.8485832810401917, "12": 0.861298143863678, "13": 0.8627611398696899, "14": 0.8704847097396851, "15": 0.8677309155464172, "16": 0.8686345219612122, "17": 0.8756266236305237, "18": 0.8667197227478027, "19": 0.8725070357322693}}