{"model_id": {"0": "512-256-128-64"}, "nodes": {"0": [512, 256, 128, 64]}, "layer_count": {"0": 4}, "structure": {"0": "tapered"}, "trainable_count": {"0": 201095}, "non_trainable_count": {"0": 0}, "loss": {"0": 0.24503697454929352}, "accuracy": {"0": 0.899624228477478}, "val_loss": {"0": 0.2511962354183197}, "val_accuracy": {"0": 0.8980013132095337}, "training_time": {"0": 166.170155}}