{"model_id": {"0": "1024-512-256"}, "nodes": {"0": [1024, 512, 256]}, "layer_count": {"0": 3}, "structure": {"0": "tapered"}, "trainable_count": {"0": 714247}, "non_trainable_count": {"0": 0}, "loss": {"0": 0.22916805744171143}, "accuracy": {"0": 0.905920684337616}, "val_loss": {"0": 0.23681479692459106}, "val_accuracy": {"0": 0.9044986367225647}, "training_time": {"0": 186.719869}}