{"model_id": {"0": "64-64-64-64"}, "nodes": {"0": [64, 64, 64, 64]}, "layer_count": {"0": 4}, "structure": {"0": "constant"}, "trainable_count": {"0": 16455}, "non_trainable_count": {"0": 0}, "loss": {"0": 0.30592960119247437}, "accuracy": {"0": 0.8736589550971985}, "val_loss": {"0": 0.31584689021110535}, "val_accuracy": {"0": 0.8690862655639648}, "training_time": {"0": 160.36135}}