{"model_id": {"0": "512-512-512-512"}, "nodes": {"0": [512, 512, 512, 512]}, "layer_count": {"0": 4}, "structure": {"0": "constant"}, "trainable_count": {"0": 819719}, "non_trainable_count": {"0": 0}, "loss": {"0": 0.24401648342609406}, "accuracy": {"0": 0.9000712633132935}, "val_loss": {"0": 0.25375795364379883}, "val_accuracy": {"0": 0.8959359526634216}, "training_time": {"0": 192.385265}}