{"model_id": {"0": "64-64-64", "1": "64-64-64", "2": "64-64-64", "3": "64-64-64", "4": "64-64-64", "5": "64-64-64", "6": "64-64-64", "7": "64-64-64", "8": "64-64-64", "9": "64-64-64", "10": "64-64-64", "11": "64-64-64", "12": "64-64-64", "13": "64-64-64", "14": "64-64-64", "15": "64-64-64", "16": "64-64-64", "17": "64-64-64", "18": "64-64-64", "19": "64-64-64"}, "epoch": {"0": 1, "1": 2, "2": 3, "3": 4, "4": 5, "5": 6, "6": 7, "7": 8, "8": 9, "9": 10, "10": 11, "11": 12, "12": 13, "13": 14, "14": 15, "15": 16, "16": 17, "17": 18, "18": 19, "19": 20}, "loss": {"0": 0.6614274382591248, "1": 0.549485981464386, "2": 0.4996916651725769, "3": 0.46293163299560547, "4": 0.4367057681083679, "5": 0.4182911515235901, "6": 0.40275299549102783, "7": 0.38953351974487305, "8": 0.3796745240688324, "9": 0.36818405985832214, "10": 0.36140182614326477, "11": 0.35532987117767334, "12": 0.3510516583919525, "13": 0.34220075607299805, "14": 0.33930841088294983, "15": 0.3335055708885193, "16": 0.3317231833934784, "17": 0.326322466135025, "18": 0.32424840331077576, "19": 0.3196749985218048}, "accuracy": {"0": 0.7149079442024231, "1": 0.7613571286201477, "2": 0.7824888825416565, "3": 0.7988994121551514, "4": 0.8118605613708496, "5": 0.8206431269645691, "6": 0.8281635642051697, "7": 0.8342568278312683, "8": 0.8389684557914734, "9": 0.8445215225219727, "10": 0.8468092083930969, "11": 0.8501893281936646, "12": 0.8517168164253235, "13": 0.8562993407249451, "14": 0.8574491739273071, "15": 0.8605448603630066, "16": 0.8614532351493835, "17": 0.8634946942329407, "18": 0.8645656108856201, "19": 0.8661648035049438}, "val_loss": {"0": 0.5704256296157837, "1": 0.5523225665092468, "2": 0.48970499634742737, "3": 0.4671287536621094, "4": 0.43535274267196655, "5": 0.42115020751953125, "6": 0.4004562199115753, "7": 0.3848411738872528, "8": 0.3815292418003082, "9": 0.36194559931755066, "10": 0.37157806754112244, "11": 0.3578345477581024, "12": 0.3569021224975586, "13": 0.35028231143951416, "14": 0.36237993836402893, "15": 0.3539218604564667, "16": 0.33937323093414307, "17": 0.33095672726631165, "18": 0.3340749144554138, "19": 0.32319679856300354}, "val_accuracy": {"0": 0.7505432367324829, "1": 0.7571696043014526, "2": 0.7876336574554443, "3": 0.7989931106567383, "4": 0.8139669895172119, "5": 0.8201415538787842, "6": 0.8284460306167603, "7": 0.8343194127082825, "8": 0.8392031192779541, "9": 0.8481529951095581, "10": 0.8445601463317871, "11": 0.8465179204940796, "12": 0.850562572479248, "13": 0.8541339635848999, "14": 0.8494223356246948, "15": 0.8498095870018005, "16": 0.8567586541175842, "17": 0.8614917993545532, "18": 0.8607172966003418, "19": 0.8662033677101135}}