{"model_id": {"0": "16", "1": "16", "2": "16", "3": "16", "4": "16", "5": "16", "6": "16", "7": "16", "8": "16", "9": "16", "10": "16", "11": "16", "12": "16", "13": "16", "14": "16", "15": "16", "16": "16", "17": "16", "18": "16", "19": "16"}, "epoch": {"0": 1, "1": 2, "2": 3, "3": 4, "4": 5, "5": 6, "6": 7, "7": 8, "8": 9, "9": 10, "10": 11, "11": 12, "12": 13, "13": 14, "14": 15, "15": 16, "16": 17, "17": 18, "18": 19, "19": 20}, "loss": {"0": 0.7401507496833801, "1": 0.6256613731384277, "2": 0.6082088351249695, "3": 0.600827693939209, "4": 0.5956073999404907, "5": 0.5933039784431458, "6": 0.5899370312690735, "7": 0.5886623859405518, "8": 0.5852207541465759, "9": 0.5830190181732178, "10": 0.5798148512840271, "11": 0.5774713158607483, "12": 0.575313150882721, "13": 0.5732024312019348, "14": 0.5714341402053833, "15": 0.569701075553894, "16": 0.567958652973175, "17": 0.5672686696052551, "18": 0.5656408667564392, "19": 0.5635660290718079}, "accuracy": {"0": 0.6851346492767334, "1": 0.7335416078567505, "2": 0.7406246066093445, "3": 0.7439640760421753, "4": 0.7470142841339111, "5": 0.7473418116569519, "6": 0.7487426400184631, "7": 0.7495266795158386, "8": 0.7504948377609253, "9": 0.751764178276062, "10": 0.7530765533447266, "11": 0.7534136176109314, "12": 0.7538701891899109, "13": 0.7547259330749512, "14": 0.7545275688171387, "15": 0.7552638053894043, "16": 0.7563443183898926, "17": 0.7560526728630066, "18": 0.7567507028579712, "19": 0.7577953338623047}, "val_loss": {"0": 0.6403079032897949, "1": 0.6149888038635254, "2": 0.6030303239822388, "3": 0.5978826880455017, "4": 0.5931242108345032, "5": 0.5927914977073669, "6": 0.5862786769866943, "7": 0.5959873199462891, "8": 0.5804484486579895, "9": 0.5858962535858154, "10": 0.5778846144676208, "11": 0.5734763145446777, "12": 0.5752142667770386, "13": 0.5704928636550903, "14": 0.5681667327880859, "15": 0.5746078491210938, "16": 0.5708025097846985, "17": 0.5773571729660034, "18": 0.5657558441162109, "19": 0.5614025592803955}, "val_accuracy": {"0": 0.7279748916625977, "1": 0.7378714084625244, "2": 0.7442180514335632, "3": 0.745164692401886, "4": 0.7490372657775879, "5": 0.7449710369110107, "6": 0.7521783113479614, "7": 0.7427335977554321, "8": 0.7540284991264343, "9": 0.7443901896476746, "10": 0.7539855241775513, "11": 0.7539640069007874, "12": 0.7554484605789185, "13": 0.7538994550704956, "14": 0.7537273168563843, "15": 0.7525225281715393, "16": 0.7538564205169678, "17": 0.753167986869812, "18": 0.7548460364341736, "19": 0.756201446056366}}