{"model_id": {"0": "1024-1024-1024-1024-1024"}, "nodes": {"0": [1024, 1024, 1024, 1024, 1024]}, "layer_count": {"0": 5}, "structure": {"0": "constant"}, "trainable_count": {"0": 4261895}, "non_trainable_count": {"0": 0}, "loss": {"0": 0.28918585181236267}, "accuracy": {"0": 0.8799172043800354}, "val_loss": {"0": 0.3080637753009796}, "val_accuracy": {"0": 0.8725070357322693}, "training_time": {"0": 343.601612}}