{"model_id": {"0": "1024-1024", "1": "1024-1024", "2": "1024-1024", "3": "1024-1024", "4": "1024-1024", "5": "1024-1024", "6": "1024-1024", "7": "1024-1024", "8": "1024-1024", "9": "1024-1024", "10": "1024-1024", "11": "1024-1024", "12": "1024-1024", "13": "1024-1024", "14": "1024-1024", "15": "1024-1024", "16": "1024-1024", "17": "1024-1024", "18": "1024-1024", "19": "1024-1024"}, "epoch": {"0": 1, "1": 2, "2": 3, "3": 4, "4": 5, "5": 6, "6": 7, "7": 8, "8": 9, "9": 10, "10": 11, "11": 12, "12": 13, "13": 14, "14": 15, "15": 16, "16": 17, "17": 18, "18": 19, "19": 20}, "loss": {"0": 0.6724998950958252, "1": 0.5282782316207886, "2": 0.46177938580513, "3": 0.4176305830478668, "4": 0.38516467809677124, "5": 0.3591359555721283, "6": 0.34027817845344543, "7": 0.3223635256290436, "8": 0.30750954151153564, "9": 0.2965407371520996, "10": 0.28520461916923523, "11": 0.27715250849723816, "12": 0.2676808834075928, "13": 0.26208123564720154, "14": 0.25547119975090027, "15": 0.24782167375087738, "16": 0.24426156282424927, "17": 0.23716716468334198, "18": 0.23651820421218872, "19": 0.2286248803138733}, "accuracy": {"0": 0.7124361991882324, "1": 0.7685571908950806, "2": 0.798983097076416, "3": 0.8207698464393616, "4": 0.8365732431411743, "5": 0.8481932878494263, "6": 0.8571551442146301, "7": 0.8650891184806824, "8": 0.8717537522315979, "9": 0.8762788772583008, "10": 0.8816407322883606, "11": 0.8852957487106323, "12": 0.88924241065979, "13": 0.8913053870201111, "14": 0.8950583934783936, "15": 0.898452877998352, "16": 0.899944543838501, "17": 0.9037549495697021, "18": 0.9028657078742981, "19": 0.9071016311645508}, "val_loss": {"0": 0.5643911957740784, "1": 0.48812082409858704, "2": 0.4347366392612457, "3": 0.41397908329963684, "4": 0.3812386989593506, "5": 0.3512974977493286, "6": 0.33949798345565796, "7": 0.32639577984809875, "8": 0.3288430869579315, "9": 0.30391862988471985, "10": 0.2796964943408966, "11": 0.27272140979766846, "12": 0.29006659984588623, "13": 0.273288756608963, "14": 0.252835750579834, "15": 0.2490384578704834, "16": 0.24968208372592926, "17": 0.2436821609735489, "18": 0.24796335399150848, "19": 0.24429923295974731}, "val_accuracy": {"0": 0.755319356918335, "1": 0.7873755097389221, "2": 0.8126330971717834, "3": 0.8196897506713867, "4": 0.8384286165237427, "5": 0.8514016270637512, "6": 0.8602439761161804, "7": 0.8637937903404236, "8": 0.8656655550003052, "9": 0.8736042976379395, "10": 0.8848991990089417, "11": 0.8865557909011841, "12": 0.8799079060554504, "13": 0.8876745104789734, "14": 0.8976786136627197, "15": 0.8986037373542786, "16": 0.8985607028007507, "17": 0.9002172946929932, "18": 0.8984100818634033, "19": 0.9007121324539185}}