{"model_id": {"0": "256-256-256-256-256"}, "nodes": {"0": [256, 256, 256, 256, 256]}, "layer_count": {"0": 5}, "structure": {"0": "constant"}, "trainable_count": {"0": 279047}, "non_trainable_count": {"0": 0}, "loss": {"0": 0.24193938076496124}, "accuracy": {"0": 0.901149332523346}, "val_loss": {"0": 0.256009042263031}, "val_accuracy": {"0": 0.8982164859771729}, "training_time": {"0": 172.347774}}