{"model_id": {"0": "128-64-32-16", "1": "128-64-32-16", "2": "128-64-32-16", "3": "128-64-32-16", "4": "128-64-32-16", "5": "128-64-32-16", "6": "128-64-32-16", "7": "128-64-32-16", "8": "128-64-32-16", "9": "128-64-32-16", "10": "128-64-32-16", "11": "128-64-32-16", "12": "128-64-32-16", "13": "128-64-32-16", "14": "128-64-32-16", "15": "128-64-32-16", "16": "128-64-32-16", "17": "128-64-32-16", "18": "128-64-32-16", "19": "128-64-32-16"}, "epoch": {"0": 1, "1": 2, "2": 3, "3": 4, "4": 5, "5": 6, "6": 7, "7": 8, "8": 9, "9": 10, "10": 11, "11": 12, "12": 13, "13": 14, "14": 15, "15": 16, "16": 17, "17": 18, "18": 19, "19": 20}, "loss": {"0": 0.6767392158508301, "1": 0.5551210641860962, "2": 0.5067517757415771, "3": 0.4710826575756073, "4": 0.446257084608078, "5": 0.42508435249328613, "6": 0.4067970812320709, "7": 0.3938784897327423, "8": 0.38157281279563904, "9": 0.37330856919288635, "10": 0.36530834436416626, "11": 0.3576972782611847, "12": 0.34708908200263977, "13": 0.34439709782600403, "14": 0.3374287784099579, "15": 0.3331565260887146, "16": 0.32728561758995056, "17": 0.3233586251735687, "18": 0.3186057507991791, "19": 0.31494131684303284}, "accuracy": {"0": 0.7072775363922119, "1": 0.7600519061088562, "2": 0.7820250988006592, "3": 0.7983711361885071, "4": 0.8100055456161499, "5": 0.8199546933174133, "6": 0.8283093571662903, "7": 0.8338217735290527, "8": 0.8391214609146118, "9": 0.8429796695709229, "10": 0.8466394543647766, "11": 0.8505024909973145, "12": 0.8546833992004395, "13": 0.8560603260993958, "14": 0.859552800655365, "15": 0.8609775304794312, "16": 0.8639823198318481, "17": 0.8659090399742126, "18": 0.8672237992286682, "19": 0.8694565296173096}, "val_loss": {"0": 0.5833013653755188, "1": 0.5277734994888306, "2": 0.4855231046676636, "3": 0.45686307549476624, "4": 0.430848628282547, "5": 0.4297538995742798, "6": 0.3950100243091583, "7": 0.388988733291626, "8": 0.37786999344825745, "9": 0.36946555972099304, "10": 0.3641674816608429, "11": 0.3475069999694824, "12": 0.3784726858139038, "13": 0.34118813276290894, "14": 0.3316717743873596, "15": 0.3490974009037018, "16": 0.338713139295578, "17": 0.33140620589256287, "18": 0.3325662314891815, "19": 0.32142865657806396}, "val_accuracy": {"0": 0.7460252642631531, "1": 0.7718637585639954, "2": 0.7925603985786438, "3": 0.8039198517799377, "4": 0.8166562914848328, "5": 0.816269040107727, "6": 0.8347066640853882, "7": 0.8343839645385742, "8": 0.8413330316543579, "9": 0.8449689149856567, "10": 0.8484112024307251, "11": 0.8543060421943665, "12": 0.8428390026092529, "13": 0.8566941618919373, "14": 0.8616209030151367, "15": 0.854994535446167, "16": 0.859770655632019, "17": 0.8640089631080627, "18": 0.8619436025619507, "19": 0.8676018118858337}}