{"model_id": {"0": "256-128-64-32", "1": "256-128-64-32", "2": "256-128-64-32", "3": "256-128-64-32", "4": "256-128-64-32", "5": "256-128-64-32", "6": "256-128-64-32", "7": "256-128-64-32", "8": "256-128-64-32", "9": "256-128-64-32", "10": "256-128-64-32", "11": "256-128-64-32", "12": "256-128-64-32", "13": "256-128-64-32", "14": "256-128-64-32", "15": "256-128-64-32", "16": "256-128-64-32", "17": "256-128-64-32", "18": "256-128-64-32", "19": "256-128-64-32"}, "epoch": {"0": 1, "1": 2, "2": 3, "3": 4, "4": 5, "5": 6, "6": 7, "7": 8, "8": 9, "9": 10, "10": 11, "11": 12, "12": 13, "13": 14, "14": 15, "15": 16, "16": 17, "17": 18, "18": 19, "19": 20}, "loss": {"0": 0.6585288047790527, "1": 0.5298394560813904, "2": 0.4741809666156769, "3": 0.4357350468635559, "4": 0.4066294729709625, "5": 0.3839189112186432, "6": 0.36558863520622253, "7": 0.35265856981277466, "8": 0.3388204872608185, "9": 0.32751792669296265, "10": 0.31741535663604736, "11": 0.3098779618740082, "12": 0.30211707949638367, "13": 0.2942894399166107, "14": 0.2915272116661072, "15": 0.2847503125667572, "16": 0.2818169593811035, "17": 0.27776259183883667, "18": 0.2717316448688507, "19": 0.2685292959213257}, "accuracy": {"0": 0.7177908420562744, "1": 0.7680384516716003, "2": 0.7947854399681091, "3": 0.8123123645782471, "4": 0.8263754844665527, "5": 0.8368481397628784, "6": 0.845606803894043, "7": 0.8518602848052979, "8": 0.8586229085922241, "9": 0.8635496497154236, "10": 0.8679003119468689, "11": 0.8710820078849792, "12": 0.8750525712966919, "13": 0.8784399032592773, "14": 0.8795299530029297, "15": 0.8828455209732056, "16": 0.8836032748222351, "17": 0.885377049446106, "18": 0.887793779373169, "19": 0.8891396522521973}, "val_loss": {"0": 0.5578094720840454, "1": 0.5024678111076355, "2": 0.46430647373199463, "3": 0.43398311734199524, "4": 0.40604159235954285, "5": 0.3830850124359131, "6": 0.3558712303638458, "7": 0.3419557809829712, "8": 0.3375971019268036, "9": 0.3327765464782715, "10": 0.34802475571632385, "11": 0.3186472952365875, "12": 0.3040618598461151, "13": 0.3081522583961487, "14": 0.2935808002948761, "15": 0.2843473255634308, "16": 0.283827006816864, "17": 0.28387555480003357, "18": 0.28496572375297546, "19": 0.26690447330474854}, "val_accuracy": {"0": 0.7558141946792603, "1": 0.7781028747558594, "2": 0.8004130721092224, "3": 0.8132785558700562, "4": 0.8271551728248596, "5": 0.8387943506240845, "6": 0.8507131934165955, "7": 0.8566941618919373, "8": 0.858910083770752, "9": 0.8616853952407837, "10": 0.8551881313323975, "11": 0.8656655550003052, "12": 0.8748950958251953, "13": 0.8706353306770325, "14": 0.8795852065086365, "15": 0.8827908039093018, "16": 0.8838880658149719, "17": 0.8818656802177429, "18": 0.8827047348022461, "19": 0.8909661769866943}}