{"model_id": {"0": "1024-512-256-128-64", "1": "1024-512-256-128-64", "2": "1024-512-256-128-64", "3": "1024-512-256-128-64", "4": "1024-512-256-128-64", "5": "1024-512-256-128-64", "6": "1024-512-256-128-64", "7": "1024-512-256-128-64", "8": "1024-512-256-128-64", "9": "1024-512-256-128-64", "10": "1024-512-256-128-64", "11": "1024-512-256-128-64", "12": "1024-512-256-128-64", "13": "1024-512-256-128-64", "14": "1024-512-256-128-64", "15": "1024-512-256-128-64", "16": "1024-512-256-128-64", "17": "1024-512-256-128-64", "18": "1024-512-256-128-64", "19": "1024-512-256-128-64"}, "epoch": {"0": 1, "1": 2, "2": 3, "3": 4, "4": 5, "5": 6, "6": 7, "7": 8, "8": 9, "9": 10, "10": 11, "11": 12, "12": 13, "13": 14, "14": 15, "15": 16, "16": 17, "17": 18, "18": 19, "19": 20}, "loss": {"0": 0.6923523545265198, "1": 0.534912109375, "2": 0.4714503288269043, "3": 0.42893439531326294, "4": 0.39545565843582153, "5": 0.36922982335090637, "6": 0.34776070713996887, "7": 0.3294622004032135, "8": 0.3159576654434204, "9": 0.30413147807121277, "10": 0.2966316342353821, "11": 0.28551098704338074, "12": 0.2790537476539612, "13": 0.2708730399608612, "14": 0.2669306695461273, "15": 0.26162028312683105, "16": 0.2569909393787384, "17": 0.254718154668808, "18": 0.247535839676857, "19": 0.24490588903427124}, "accuracy": {"0": 0.69748854637146, "1": 0.7674647569656372, "2": 0.7943958044052124, "3": 0.8144637942314148, "4": 0.832258403301239, "5": 0.8438951969146729, "6": 0.8544419407844543, "7": 0.862851619720459, "8": 0.8690023422241211, "9": 0.8743067383766174, "10": 0.8778422474861145, "11": 0.8825825452804565, "12": 0.8849228620529175, "13": 0.8888646960258484, "14": 0.890155553817749, "15": 0.8925245404243469, "16": 0.8941619992256165, "17": 0.8954982757568359, "18": 0.8988234400749207, "19": 0.9000377655029297}, "val_loss": {"0": 0.5856844782829285, "1": 0.4986981749534607, "2": 0.45166510343551636, "3": 0.41619354486465454, "4": 0.4102470576763153, "5": 0.3673965036869049, "6": 0.3525766432285309, "7": 0.3387819826602936, "8": 0.306399405002594, "9": 0.30523231625556946, "10": 0.30125436186790466, "11": 0.2851691246032715, "12": 0.27618932723999023, "13": 0.28212451934814453, "14": 0.2721244990825653, "15": 0.2721710801124573, "16": 0.2691646218299866, "17": 0.2530749440193176, "18": 0.2523575723171234, "19": 0.26424047350883484}, "val_accuracy": {"0": 0.7459607124328613, "1": 0.7825562953948975, "2": 0.8029732704162598, "3": 0.8202061057090759, "4": 0.8212817907333374, "5": 0.844904363155365, "6": 0.8563068509101868, "7": 0.8570383787155151, "8": 0.8733676075935364, "9": 0.8748520612716675, "10": 0.8756696581840515, "11": 0.8837159276008606, "12": 0.885953426361084, "13": 0.8855876326560974, "14": 0.8894817233085632, "15": 0.8890084028244019, "16": 0.8909876942634583, "17": 0.8974635004997253, "18": 0.8992061018943787, "19": 0.8941287994384766}}