{"model_id": {"0": "1024-1024-1024-1024"}, "nodes": {"0": [1024, 1024, 1024, 1024]}, "layer_count": {"0": 4}, "structure": {"0": "constant"}, "trainable_count": {"0": 3212295}, "non_trainable_count": {"0": 0}, "loss": {"0": 0.2371758222579956}, "accuracy": {"0": 0.9019883871078491}, "val_loss": {"0": 0.2542760372161865}, "val_accuracy": {"0": 0.8973774313926697}, "training_time": {"0": 294.109171}}