{"model_id": {"0": "1024-1024-1024", "1": "1024-1024-1024", "2": "1024-1024-1024", "3": "1024-1024-1024", "4": "1024-1024-1024", "5": "1024-1024-1024", "6": "1024-1024-1024", "7": "1024-1024-1024", "8": "1024-1024-1024", "9": "1024-1024-1024", "10": "1024-1024-1024", "11": "1024-1024-1024", "12": "1024-1024-1024", "13": "1024-1024-1024", "14": "1024-1024-1024", "15": "1024-1024-1024", "16": "1024-1024-1024", "17": "1024-1024-1024", "18": "1024-1024-1024", "19": "1024-1024-1024"}, "epoch": {"0": 1, "1": 2, "2": 3, "3": 4, "4": 5, "5": 6, "6": 7, "7": 8, "8": 9, "9": 10, "10": 11, "11": 12, "12": 13, "13": 14, "14": 15, "15": 16, "16": 17, "17": 18, "18": 19, "19": 20}, "loss": {"0": 0.6982005834579468, "1": 0.5399343371391296, "2": 0.47661224007606506, "3": 0.42521607875823975, "4": 0.3879483938217163, "5": 0.3567107021808624, "6": 0.33179527521133423, "7": 0.31489092111587524, "8": 0.2975093424320221, "9": 0.2851124107837677, "10": 0.2731923758983612, "11": 0.2632306218147278, "12": 0.2569049298763275, "13": 0.25005313754081726, "14": 0.2433505803346634, "15": 0.23629499971866608, "16": 0.2312525361776352, "17": 0.2279815971851349, "18": 0.22024771571159363, "19": 0.21958579123020172}, "accuracy": {"0": 0.7133302092552185, "1": 0.765741229057312, "2": 0.7944555282592773, "3": 0.8177339434623718, "4": 0.8351461291313171, "5": 0.8493167757987976, "6": 0.8614938259124756, "7": 0.8688708543777466, "8": 0.876176118850708, "9": 0.8820638060569763, "10": 0.8873539566993713, "11": 0.8919340968132019, "12": 0.8947739601135254, "13": 0.8974656462669373, "14": 0.900233805179596, "15": 0.9030258655548096, "16": 0.905272901058197, "17": 0.9067812561988831, "18": 0.9097861051559448, "19": 0.9102665781974792}, "val_loss": {"0": 0.577790379524231, "1": 0.5170876383781433, "2": 0.4774594008922577, "3": 0.4141835570335388, "4": 0.37963971495628357, "5": 0.34807348251342773, "6": 0.3334963917732239, "7": 0.3117019832134247, "8": 0.2983330488204956, "9": 0.2860759198665619, "10": 0.2874552309513092, "11": 0.2744111120700836, "12": 0.25784677267074585, "13": 0.2521856129169464, "14": 0.2636086642742157, "15": 0.24202565848827362, "16": 0.251662939786911, "17": 0.23623962700366974, "18": 0.2344914823770523, "19": 0.2286010980606079}, "val_accuracy": {"0": 0.754673957824707, "1": 0.7778447270393372, "2": 0.7915062308311462, "3": 0.8233256340026855, "4": 0.8397194743156433, "5": 0.8541339635848999, "6": 0.8602870106697083, "7": 0.8697102069854736, "8": 0.8757126331329346, "9": 0.8839955925941467, "10": 0.8835008144378662, "11": 0.8872657418251038, "12": 0.8956562876701355, "13": 0.8973989486694336, "14": 0.8937630653381348, "15": 0.9010778665542603, "16": 0.8980228304862976, "17": 0.9047567844390869, "18": 0.9069082140922546, "19": 0.9097480773925781}}