{"model_id": {"0": "256-256-256-256"}, "nodes": {"0": [256, 256, 256, 256]}, "layer_count": {"0": 4}, "structure": {"0": "constant"}, "trainable_count": {"0": 213255}, "non_trainable_count": {"0": 0}, "loss": {"0": 0.24090006947517395}, "accuracy": {"0": 0.9015915989875793}, "val_loss": {"0": 0.24221916496753693}, "val_accuracy": {"0": 0.9037455916404724}, "training_time": {"0": 164.173456}}