{"model_id": {"0": "128-64-32", "1": "128-64-32", "2": "128-64-32", "3": "128-64-32", "4": "128-64-32", "5": "128-64-32", "6": "128-64-32", "7": "128-64-32", "8": "128-64-32", "9": "128-64-32", "10": "128-64-32", "11": "128-64-32", "12": "128-64-32", "13": "128-64-32", "14": "128-64-32", "15": "128-64-32", "16": "128-64-32", "17": "128-64-32", "18": "128-64-32", "19": "128-64-32"}, "epoch": {"0": 1, "1": 2, "2": 3, "3": 4, "4": 5, "5": 6, "6": 7, "7": 8, "8": 9, "9": 10, "10": 11, "11": 12, "12": 13, "13": 14, "14": 15, "15": 16, "16": 17, "17": 18, "18": 19, "19": 20}, "loss": {"0": 0.6580241918563843, "1": 0.5432702898979187, "2": 0.49940526485443115, "3": 0.469749391078949, "4": 0.4429878294467926, "5": 0.4244222640991211, "6": 0.4124498665332794, "7": 0.4009377360343933, "8": 0.39007535576820374, "9": 0.38240697979927063, "10": 0.37426993250846863, "11": 0.36619505286216736, "12": 0.36112937331199646, "13": 0.3562283515930176, "14": 0.3483295738697052, "15": 0.3443239629268646, "16": 0.33979862928390503, "17": 0.3366154134273529, "18": 0.33206427097320557, "19": 0.3298034369945526}, "accuracy": {"0": 0.7169660925865173, "1": 0.7634177207946777, "2": 0.7833828926086426, "3": 0.7979288697242737, "4": 0.8104382157325745, "5": 0.8190152049064636, "6": 0.8246949911117554, "7": 0.8300376534461975, "8": 0.8350624442100525, "9": 0.8380051255226135, "10": 0.8425207138061523, "11": 0.8456785082817078, "12": 0.8481215834617615, "13": 0.8508132100105286, "14": 0.8539829850196838, "15": 0.8555057048797607, "16": 0.8577503561973572, "17": 0.8596245050430298, "18": 0.8614054322242737, "19": 0.8623711466789246}, "val_loss": {"0": 0.5803096294403076, "1": 0.5215808749198914, "2": 0.47697898745536804, "3": 0.4829201400279999, "4": 0.4337916672229767, "5": 0.4187105596065521, "6": 0.40659040212631226, "7": 0.40495604276657104, "8": 0.3966015577316284, "9": 0.382192462682724, "10": 0.37635618448257446, "11": 0.3761730194091797, "12": 0.3721684515476227, "13": 0.35421088337898254, "14": 0.34662020206451416, "15": 0.3455387353897095, "16": 0.3371727466583252, "17": 0.3330334722995758, "18": 0.33664336800575256, "19": 0.3431692123413086}, "val_accuracy": {"0": 0.7474021911621094, "1": 0.7720789313316345, "2": 0.7947763800621033, "3": 0.7889890670776367, "4": 0.816333532333374, "5": 0.8227663040161133, "6": 0.8293711543083191, "7": 0.827327311038971, "8": 0.8323830962181091, "9": 0.8370516896247864, "10": 0.8402572870254517, "11": 0.8389879465103149, "12": 0.8420214653015137, "13": 0.8514231443405151, "14": 0.8557260036468506, "15": 0.8539187908172607, "16": 0.861233651638031, "17": 0.862481415271759, "18": 0.8600288033485413, "19": 0.8582216501235962}}