{"model_id": {"0": "512", "1": "512", "2": "512", "3": "512", "4": "512", "5": "512", "6": "512", "7": "512", "8": "512", "9": "512", "10": "512", "11": "512", "12": "512", "13": "512", "14": "512", "15": "512", "16": "512", "17": "512", "18": "512", "19": "512"}, "epoch": {"0": 1, "1": 2, "2": 3, "3": 4, "4": 5, "5": 6, "6": 7, "7": 8, "8": 9, "9": 10, "10": 11, "11": 12, "12": 13, "13": 14, "14": 15, "15": 16, "16": 17, "17": 18, "18": 19, "19": 20}, "loss": {"0": 0.6423314213752747, "1": 0.5448212623596191, "2": 0.508272647857666, "3": 0.4854609966278076, "4": 0.4684269428253174, "5": 0.4549633860588074, "6": 0.44357675313949585, "7": 0.43506473302841187, "8": 0.42576754093170166, "9": 0.4184861481189728, "10": 0.4131758213043213, "11": 0.40638917684555054, "12": 0.40058350563049316, "13": 0.39592811465263367, "14": 0.391958087682724, "15": 0.3876730799674988, "16": 0.3829110562801361, "17": 0.38020381331443787, "18": 0.3758202791213989, "19": 0.37387749552726746}, "accuracy": {"0": 0.7246634364128113, "1": 0.7637643218040466, "2": 0.7787215113639832, "3": 0.7893064618110657, "4": 0.7974603772163391, "5": 0.8030803799629211, "6": 0.8090087175369263, "7": 0.8131275177001953, "8": 0.817406415939331, "9": 0.8203012943267822, "10": 0.8233228325843811, "11": 0.8261794447898865, "12": 0.8285436034202576, "13": 0.831314206123352, "14": 0.8326576352119446, "15": 0.8348903059959412, "16": 0.8368672132492065, "17": 0.8380314111709595, "18": 0.8405079245567322, "19": 0.841143786907196}, "val_loss": {"0": 0.5813173055648804, "1": 0.5303879380226135, "2": 0.49720215797424316, "3": 0.48233383893966675, "4": 0.46257275342941284, "5": 0.45200303196907043, "6": 0.4382705092430115, "7": 0.43070611357688904, "8": 0.42536941170692444, "9": 0.4287797510623932, "10": 0.40847301483154297, "11": 0.40530771017074585, "12": 0.4032725691795349, "13": 0.4041490852832794, "14": 0.40486618876457214, "15": 0.3864719271659851, "16": 0.3923282027244568, "17": 0.37857529520988464, "18": 0.3824882209300995, "19": 0.38015684485435486}, "val_accuracy": {"0": 0.7447344064712524, "1": 0.7652158737182617, "2": 0.7801467180252075, "3": 0.789483904838562, "4": 0.7965835332870483, "5": 0.8047804236412048, "6": 0.8108259439468384, "7": 0.8126976490020752, "8": 0.8150212168693542, "9": 0.8138163685798645, "10": 0.8243153095245361, "11": 0.8286826610565186, "12": 0.8287256956100464, "13": 0.8278006315231323, "14": 0.8281663656234741, "15": 0.8357177972793579, "16": 0.8330070376396179, "17": 0.8399991393089294, "18": 0.8365138173103333, "19": 0.8405154943466187}}