{"model_id": {"0": "2048-1024-512-256-128"}, "nodes": {"0": [2048, 1024, 512, 256, 128]}, "layer_count": {"0": 5}, "structure": {"0": "tapered"}, "trainable_count": {"0": 2900743}, "non_trainable_count": {"0": 0}, "loss": {"0": 0.22196485102176666}, "accuracy": {"0": 0.9093223214149475}, "val_loss": {"0": 0.2359839379787445}, "val_accuracy": {"0": 0.9040253162384033}, "training_time": {"0": 285.821975}}