{"model_id": {"0": "256-256-256-256-256", "1": "256-256-256-256-256", "2": "256-256-256-256-256", "3": "256-256-256-256-256", "4": "256-256-256-256-256", "5": "256-256-256-256-256", "6": "256-256-256-256-256", "7": "256-256-256-256-256", "8": "256-256-256-256-256", "9": "256-256-256-256-256", "10": "256-256-256-256-256", "11": "256-256-256-256-256", "12": "256-256-256-256-256", "13": "256-256-256-256-256", "14": "256-256-256-256-256", "15": "256-256-256-256-256", "16": "256-256-256-256-256", "17": "256-256-256-256-256", "18": "256-256-256-256-256", "19": "256-256-256-256-256"}, "epoch": {"0": 1, "1": 2, "2": 3, "3": 4, "4": 5, "5": 6, "6": 7, "7": 8, "8": 9, "9": 10, "10": 11, "11": 12, "12": 13, "13": 14, "14": 15, "15": 16, "16": 17, "17": 18, "18": 19, "19": 20}, "loss": {"0": 0.6624562740325928, "1": 0.5070653557777405, "2": 0.445939838886261, "3": 0.40530163049697876, "4": 0.37415292859077454, "5": 0.35027027130126953, "6": 0.3330170810222626, "7": 0.32166239619255066, "8": 0.30400076508522034, "9": 0.2969304025173187, "10": 0.2884442210197449, "11": 0.2810184955596924, "12": 0.2718294560909271, "13": 0.26965782046318054, "14": 0.26330482959747314, "15": 0.25885871052742004, "16": 0.25588542222976685, "17": 0.24902592599391937, "18": 0.24639952182769775, "19": 0.24193938076496124}, "accuracy": {"0": 0.7141405940055847, "1": 0.7819964289665222, "2": 0.8101226687431335, "3": 0.8292009830474854, "4": 0.8428027629852295, "5": 0.8531845808029175, "6": 0.8610396385192871, "7": 0.865466833114624, "8": 0.8735442161560059, "9": 0.876823902130127, "10": 0.8804885149002075, "11": 0.8831682205200195, "12": 0.8874567151069641, "13": 0.8889197111129761, "14": 0.8916089534759521, "15": 0.8936241269111633, "16": 0.8945397138595581, "17": 0.8970496654510498, "18": 0.8986967206001282, "19": 0.901149332523346}, "val_loss": {"0": 0.5680868625640869, "1": 0.5009000897407532, "2": 0.4498884081840515, "3": 0.39001572132110596, "4": 0.3735405206680298, "5": 0.3440273106098175, "6": 0.3636833727359772, "7": 0.3127802610397339, "8": 0.3170475959777832, "9": 0.2954939007759094, "10": 0.31043651700019836, "11": 0.28973114490509033, "12": 0.28393223881721497, "13": 0.28626224398612976, "14": 0.2860289216041565, "15": 0.2624708414077759, "16": 0.25700145959854126, "17": 0.24842679500579834, "18": 0.2619777023792267, "19": 0.256009042263031}, "val_accuracy": {"0": 0.7548030614852905, "1": 0.7843850255012512, "2": 0.8099653720855713, "3": 0.8352875113487244, "4": 0.8422151207923889, "5": 0.8566726446151733, "6": 0.8445171117782593, "7": 0.8703771233558655, "8": 0.8690432906150818, "9": 0.8786600828170776, "10": 0.8728297352790833, "11": 0.8812417984008789, "12": 0.883608341217041, "13": 0.8826187252998352, "14": 0.8835653066635132, "15": 0.8921064734458923, "16": 0.8950538635253906, "17": 0.9007551670074463, "18": 0.8939136266708374, "19": 0.8982164859771729}}