{"model_id": {"0": "256-256", "1": "256-256", "2": "256-256", "3": "256-256", "4": "256-256", "5": "256-256", "6": "256-256", "7": "256-256", "8": "256-256", "9": "256-256", "10": "256-256", "11": "256-256", "12": "256-256", "13": "256-256", "14": "256-256", "15": "256-256", "16": "256-256", "17": "256-256", "18": "256-256", "19": "256-256"}, "epoch": {"0": 1, "1": 2, "2": 3, "3": 4, "4": 5, "5": 6, "6": 7, "7": 8, "8": 9, "9": 10, "10": 11, "11": 12, "12": 13, "13": 14, "14": 15, "15": 16, "16": 17, "17": 18, "18": 19, "19": 20}, "loss": {"0": 0.6258037686347961, "1": 0.5024159550666809, "2": 0.4419284164905548, "3": 0.4046470522880554, "4": 0.37366607785224915, "5": 0.35515663027763367, "6": 0.3407738208770752, "7": 0.326369971036911, "8": 0.3147015869617462, "9": 0.3063579797744751, "10": 0.2979256212711334, "11": 0.2909161448478699, "12": 0.28159621357917786, "13": 0.2764025628566742, "14": 0.27196672558784485, "15": 0.2665385603904724, "16": 0.2581946849822998, "17": 0.2579379677772522, "18": 0.2524172067642212, "19": 0.24821513891220093}, "accuracy": {"0": 0.728289783000946, "1": 0.7799597382545471, "2": 0.8078206777572632, "3": 0.8258160948753357, "4": 0.8405246734619141, "5": 0.848884105682373, "6": 0.8550324440002441, "7": 0.8626341223716736, "8": 0.8676923513412476, "9": 0.8715673089027405, "10": 0.8753466010093689, "11": 0.878824770450592, "12": 0.8835100531578064, "13": 0.8856901526451111, "14": 0.887153148651123, "15": 0.8894432187080383, "16": 0.8939492702484131, "17": 0.8938871026039124, "18": 0.8962464928627014, "19": 0.8978193998336792}, "val_loss": {"0": 0.5306674242019653, "1": 0.46383947134017944, "2": 0.46310189366340637, "3": 0.3980957567691803, "4": 0.3580690324306488, "5": 0.3752466142177582, "6": 0.3464225232601166, "7": 0.3312423825263977, "8": 0.3161511719226837, "9": 0.3086152672767639, "10": 0.3115125596523285, "11": 0.3081277310848236, "12": 0.28479984402656555, "13": 0.28632989525794983, "14": 0.27716338634490967, "15": 0.27679443359375, "16": 0.2611115276813507, "17": 0.2662779688835144, "18": 0.2582213580608368, "19": 0.26333191990852356}, "val_accuracy": {"0": 0.7669800519943237, "1": 0.7992082834243774, "2": 0.7974871397018433, "3": 0.8284460306167603, "4": 0.8495299220085144, "5": 0.841634213924408, "6": 0.8503689765930176, "7": 0.8626535534858704, "8": 0.8670854568481445, "9": 0.8706138134002686, "10": 0.8700329065322876, "11": 0.8697317242622375, "12": 0.8828338384628296, "13": 0.8820808529853821, "14": 0.8851143717765808, "15": 0.8855231404304504, "16": 0.8943654298782349, "17": 0.8917407393455505, "18": 0.8927518725395203, "19": 0.8926227688789368}}