{"model_id": {"0": "128-64-32-16"}, "nodes": {"0": [128, 64, 32, 16]}, "layer_count": {"0": 4}, "structure": {"0": "tapered"}, "trainable_count": {"0": 18023}, "non_trainable_count": {"0": 0}, "loss": {"0": 0.31494131684303284}, "accuracy": {"0": 0.8694565296173096}, "val_loss": {"0": 0.32142865657806396}, "val_accuracy": {"0": 0.8676018118858337}, "training_time": {"0": 158.667081}}