{"model_id": {"0": "128-128-128", "1": "128-128-128", "2": "128-128-128", "3": "128-128-128", "4": "128-128-128", "5": "128-128-128", "6": "128-128-128", "7": "128-128-128", "8": "128-128-128", "9": "128-128-128", "10": "128-128-128", "11": "128-128-128", "12": "128-128-128", "13": "128-128-128", "14": "128-128-128", "15": "128-128-128", "16": "128-128-128", "17": "128-128-128", "18": "128-128-128", "19": "128-128-128"}, "epoch": {"0": 1, "1": 2, "2": 3, "3": 4, "4": 5, "5": 6, "6": 7, "7": 8, "8": 9, "9": 10, "10": 11, "11": 12, "12": 13, "13": 14, "14": 15, "15": 16, "16": 17, "17": 18, "18": 19, "19": 20}, "loss": {"0": 0.6401292681694031, "1": 0.5097827911376953, "2": 0.4527248442173004, "3": 0.4151570796966553, "4": 0.38444221019744873, "5": 0.3666340708732605, "6": 0.34963634610176086, "7": 0.3357927203178406, "8": 0.32347387075424194, "9": 0.31403887271881104, "10": 0.303721159696579, "11": 0.2990083694458008, "12": 0.289485365152359, "13": 0.28281664848327637, "14": 0.277746319770813, "15": 0.2732096016407013, "16": 0.26924824714660645, "17": 0.2661105692386627, "18": 0.26205766201019287, "19": 0.2578088045120239}, "accuracy": {"0": 0.722076952457428, "1": 0.7787215113639832, "2": 0.8051791787147522, "3": 0.8234471678733826, "4": 0.8372664451599121, "5": 0.8448968529701233, "6": 0.8532037138938904, "7": 0.8593902587890625, "8": 0.8646062612533569, "9": 0.8688397407531738, "10": 0.8730278611183167, "11": 0.8758724927902222, "12": 0.8801514506340027, "13": 0.8828359842300415, "14": 0.885680615901947, "15": 0.8873061537742615, "16": 0.8890583515167236, "17": 0.8903420567512512, "18": 0.8916400671005249, "19": 0.8941404819488525}, "val_loss": {"0": 0.5671693086624146, "1": 0.48809346556663513, "2": 0.4392799735069275, "3": 0.4052884876728058, "4": 0.37603116035461426, "5": 0.36662375926971436, "6": 0.3504900634288788, "7": 0.3391784727573395, "8": 0.32086125016212463, "9": 0.33584025502204895, "10": 0.31449276208877563, "11": 0.29918158054351807, "12": 0.2943340241909027, "13": 0.30139413475990295, "14": 0.28841131925582886, "15": 0.2867605984210968, "16": 0.2819789946079254, "17": 0.26241496205329895, "18": 0.2668260633945465, "19": 0.26351198554039}, "val_accuracy": {"0": 0.7505862712860107, "1": 0.7922592163085938, "2": 0.8122243285179138, "3": 0.8290054202079773, "4": 0.8458294868469238, "5": 0.8473139405250549, "6": 0.8528646230697632, "7": 0.8582216501235962, "8": 0.8674082159996033, "9": 0.8554033041000366, "10": 0.8690648078918457, "11": 0.8749166131019592, "12": 0.8799724578857422, "13": 0.8736257553100586, "14": 0.8801661133766174, "15": 0.8804027438163757, "16": 0.8842968344688416, "17": 0.8925367593765259, "18": 0.8894171714782715, "19": 0.8933112621307373}}