{"model_id": {"0": "128-128-128-128-128"}, "nodes": {"0": [128, 128, 128, 128, 128]}, "layer_count": {"0": 5}, "structure": {"0": "constant"}, "trainable_count": {"0": 73991}, "non_trainable_count": {"0": 0}, "loss": {"0": 0.2719712555408478}, "accuracy": {"0": 0.8880089521408081}, "val_loss": {"0": 0.287082701921463}, "val_accuracy": {"0": 0.8813278675079346}, "training_time": {"0": 159.17856}}