{"model_id": {"0": "2048-1024-512"}, "nodes": {"0": [2048, 1024, 512]}, "layer_count": {"0": 3}, "structure": {"0": "tapered"}, "trainable_count": {"0": 2739207}, "non_trainable_count": {"0": 0}, "loss": {"0": 0.2318083643913269}, "accuracy": {"0": 0.9049047827720642}, "val_loss": {"0": 0.2473989725112915}, "val_accuracy": {"0": 0.8989479541778564}, "training_time": {"0": 271.554564}}