{"model_id": {"0": "64-64", "1": "64-64", "2": "64-64", "3": "64-64", "4": "64-64", "5": "64-64", "6": "64-64", "7": "64-64", "8": "64-64", "9": "64-64", "10": "64-64", "11": "64-64", "12": "64-64", "13": "64-64", "14": "64-64", "15": "64-64", "16": "64-64", "17": "64-64", "18": "64-64", "19": "64-64"}, "epoch": {"0": 1, "1": 2, "2": 3, "3": 4, "4": 5, "5": 6, "6": 7, "7": 8, "8": 9, "9": 10, "10": 11, "11": 12, "12": 13, "13": 14, "14": 15, "15": 16, "16": 17, "17": 18, "18": 19, "19": 20}, "loss": {"0": 0.6544108390808105, "1": 0.5514780879020691, "2": 0.5124155282974243, "3": 0.4879935085773468, "4": 0.46983903646469116, "5": 0.45676299929618835, "6": 0.4435634911060333, "7": 0.42951056361198425, "8": 0.4218851923942566, "9": 0.4127536416053772, "10": 0.40705832839012146, "11": 0.39806365966796875, "12": 0.39249199628829956, "13": 0.38551852107048035, "14": 0.38389259576797485, "15": 0.3774580657482147, "16": 0.37438467144966125, "17": 0.36892107129096985, "18": 0.3661078214645386, "19": 0.3625048100948334}, "accuracy": {"0": 0.7197892665863037, "1": 0.7586559057235718, "2": 0.7744593024253845, "3": 0.7858163714408875, "4": 0.7942953705787659, "5": 0.8014667630195618, "6": 0.8081457614898682, "7": 0.8151283264160156, "8": 0.8190702199935913, "9": 0.8235260248184204, "10": 0.8258711099624634, "11": 0.8303532004356384, "12": 0.833166778087616, "13": 0.8366305828094482, "14": 0.8365827798843384, "15": 0.8397764563560486, "16": 0.841141402721405, "17": 0.8431518077850342, "18": 0.8449613451957703, "19": 0.8457310795783997}, "val_loss": {"0": 0.576224684715271, "1": 0.5642637610435486, "2": 0.5071001648902893, "3": 0.47474539279937744, "4": 0.4654052257537842, "5": 0.44797104597091675, "6": 0.44789835810661316, "7": 0.43551111221313477, "8": 0.43207165598869324, "9": 0.407963365316391, "10": 0.3973802328109741, "11": 0.4115851819515228, "12": 0.3930451273918152, "13": 0.39228230714797974, "14": 0.3852226436138153, "15": 0.37877339124679565, "16": 0.3735460638999939, "17": 0.371600478887558, "18": 0.3984278440475464, "19": 0.3631800711154938}, "val_accuracy": {"0": 0.749639630317688, "1": 0.7409479022026062, "2": 0.7747466564178467, "3": 0.793700635433197, "4": 0.7986058592796326, "5": 0.8045437932014465, "6": 0.809147834777832, "7": 0.8147414922714233, "8": 0.8144187927246094, "9": 0.8261655569076538, "10": 0.8316731452941895, "11": 0.8253909945487976, "12": 0.8330715894699097, "13": 0.83236163854599, "14": 0.8357608318328857, "15": 0.8376971483230591, "16": 0.8388158679008484, "17": 0.8409027457237244, "18": 0.8248746991157532, "19": 0.8463243246078491}}