{"model_id": {"0": "2048-2048-2048-2048-2048"}, "nodes": {"0": [2048, 2048, 2048, 2048, 2048]}, "layer_count": {"0": 5}, "structure": {"0": "constant"}, "trainable_count": {"0": 16912391}, "non_trainable_count": {"0": 0}, "loss": {"0": 0.3669528663158417}, "accuracy": {"0": 0.8432450294494629}, "val_loss": {"0": 0.3624020218849182}, "val_accuracy": {"0": 0.8458079695701599}, "training_time": {"0": 828.785459}}