{"model_id": {"0": "2048-2048-2048-2048", "1": "2048-2048-2048-2048", "2": "2048-2048-2048-2048", "3": "2048-2048-2048-2048", "4": "2048-2048-2048-2048", "5": "2048-2048-2048-2048", "6": "2048-2048-2048-2048", "7": "2048-2048-2048-2048", "8": "2048-2048-2048-2048", "9": "2048-2048-2048-2048", "10": "2048-2048-2048-2048", "11": "2048-2048-2048-2048", "12": "2048-2048-2048-2048", "13": "2048-2048-2048-2048", "14": "2048-2048-2048-2048", "15": "2048-2048-2048-2048", "16": "2048-2048-2048-2048", "17": "2048-2048-2048-2048", "18": "2048-2048-2048-2048", "19": "2048-2048-2048-2048"}, "epoch": {"0": 1, "1": 2, "2": 3, "3": 4, "4": 5, "5": 6, "6": 7, "7": 8, "8": 9, "9": 10, "10": 11, "11": 12, "12": 13, "13": 14, "14": 15, "15": 16, "16": 17, "17": 18, "18": 19, "19": 20}, "loss": {"0": 1.443232536315918, "1": 0.6001440286636353, "2": 0.551389753818512, "3": 0.50407874584198, "4": 0.464525431394577, "5": 0.42625677585601807, "6": 0.3962238132953644, "7": 0.3709658682346344, "8": 0.3500044643878937, "9": 0.33547237515449524, "10": 0.3217064142227173, "11": 0.3075558543205261, "12": 0.29939714074134827, "13": 0.29461291432380676, "14": 0.2868257164955139, "15": 0.27262312173843384, "16": 0.2694436013698578, "17": 0.2660583555698395, "18": 0.25966328382492065, "19": 0.2542795240879059}, "accuracy": {"0": 0.6836740374565125, "1": 0.7398739457130432, "2": 0.7604415416717529, "3": 0.782331109046936, "4": 0.7997910976409912, "5": 0.8184558749198914, "6": 0.8316488265991211, "7": 0.8429079651832581, "8": 0.8522164225578308, "9": 0.8584364652633667, "10": 0.864907443523407, "11": 0.8713138699531555, "12": 0.8746175169944763, "13": 0.8767809271812439, "14": 0.8804407119750977, "15": 0.8861802220344543, "16": 0.8880997896194458, "17": 0.8899045586585999, "18": 0.8921468257904053, "19": 0.8947619795799255}, "val_loss": {"0": 0.6204027533531189, "1": 0.6054650545120239, "2": 0.5296830534934998, "3": 0.46598005294799805, "4": 0.452091783285141, "5": 0.43072888255119324, "6": 0.3772275149822235, "7": 0.37701502442359924, "8": 0.3414003849029541, "9": 0.3210989534854889, "10": 0.318042516708374, "11": 0.303806334733963, "12": 0.3030174970626831, "13": 0.3177737891674042, "14": 0.2944680452346802, "15": 0.281992107629776, "16": 0.2786296308040619, "17": 0.27402085065841675, "18": 0.27090615034103394, "19": 0.256393164396286}, "val_accuracy": {"0": 0.7315031886100769, "1": 0.7289214730262756, "2": 0.7738860845565796, "3": 0.7997891902923584, "4": 0.8085023760795593, "5": 0.8192379474639893, "6": 0.8409672975540161, "7": 0.8386006951332092, "8": 0.8568662405014038, "9": 0.866332471370697, "10": 0.8688281178474426, "11": 0.8722488880157471, "12": 0.8719906806945801, "13": 0.8652783036231995, "14": 0.8780577182769775, "15": 0.8830705285072327, "16": 0.8854585886001587, "17": 0.8859319090843201, "18": 0.8895677924156189, "19": 0.8948602676391602}}