{"model_id": {"0": "16-16-16-16-16"}, "nodes": {"0": [16, 16, 16, 16, 16]}, "layer_count": {"0": 5}, "structure": {"0": "constant"}, "trainable_count": {"0": 2087}, "non_trainable_count": {"0": 0}, "loss": {"0": 0.49653854966163635}, "accuracy": {"0": 0.7877742052078247}, "val_loss": {"0": 0.500247061252594}, "val_accuracy": {"0": 0.7881284952163696}, "training_time": {"0": 154.144701}}