{"model_id": {"0": "1024"}, "nodes": {"0": [1024]}, "layer_count": {"0": 1}, "structure": {"0": "constant"}, "trainable_count": {"0": 63495}, "non_trainable_count": {"0": 0}, "loss": {"0": 0.3561722934246063}, "accuracy": {"0": 0.8480402827262878}, "val_loss": {"0": 0.3599504232406616}, "val_accuracy": {"0": 0.8497880697250366}, "training_time": {"0": 152.36822}}