{"model_id": {"0": "16-16-16-16-16", "1": "16-16-16-16-16", "2": "16-16-16-16-16", "3": "16-16-16-16-16", "4": "16-16-16-16-16", "5": "16-16-16-16-16", "6": "16-16-16-16-16", "7": "16-16-16-16-16", "8": "16-16-16-16-16", "9": "16-16-16-16-16", "10": "16-16-16-16-16", "11": "16-16-16-16-16", "12": "16-16-16-16-16", "13": "16-16-16-16-16", "14": "16-16-16-16-16", "15": "16-16-16-16-16", "16": "16-16-16-16-16", "17": "16-16-16-16-16", "18": "16-16-16-16-16", "19": "16-16-16-16-16"}, "epoch": {"0": 1, "1": 2, "2": 3, "3": 4, "4": 5, "5": 6, "6": 7, "7": 8, "8": 9, "9": 10, "10": 11, "11": 12, "12": 13, "13": 14, "14": 15, "15": 16, "16": 17, "17": 18, "18": 19, "19": 20}, "loss": {"0": 0.729149580001831, "1": 0.6176291108131409, "2": 0.5978232622146606, "3": 0.5851760506629944, "4": 0.5750261545181274, "5": 0.5625718832015991, "6": 0.5555322766304016, "7": 0.5459482669830322, "8": 0.5397266149520874, "9": 0.5331321358680725, "10": 0.5295934081077576, "11": 0.5242716073989868, "12": 0.5187062621116638, "13": 0.5144371390342712, "14": 0.5081624984741211, "15": 0.5087244510650635, "16": 0.5048249959945679, "17": 0.5015118718147278, "18": 0.49851199984550476, "19": 0.49653854966163635}, "accuracy": {"0": 0.6890382766723633, "1": 0.7350404262542725, "2": 0.7429170608520508, "3": 0.7482788562774658, "4": 0.7524191737174988, "5": 0.7564184069633484, "6": 0.7599443793296814, "7": 0.7649404406547546, "8": 0.7681747078895569, "9": 0.7706177830696106, "10": 0.7719851136207581, "11": 0.7751811742782593, "12": 0.7786760330200195, "13": 0.7800434231758118, "14": 0.7828641533851624, "15": 0.7823382616043091, "16": 0.784126341342926, "17": 0.785952627658844, "18": 0.7864952683448792, "19": 0.7877742052078247}, "val_loss": {"0": 0.6486576199531555, "1": 0.6008431911468506, "2": 0.5940735340118408, "3": 0.5724980235099792, "4": 0.5710598826408386, "5": 0.6026111841201782, "6": 0.5467983484268188, "7": 0.5375606417655945, "8": 0.5410410761833191, "9": 0.5286952257156372, "10": 0.5284156203269958, "11": 0.5112398862838745, "12": 0.5325542688369751, "13": 0.517555296421051, "14": 0.5175123810768127, "15": 0.5022107362747192, "16": 0.5217606425285339, "17": 0.5021649599075317, "18": 0.4943311810493469, "19": 0.500247061252594}, "val_accuracy": {"0": 0.7181429266929626, "1": 0.7393128275871277, "2": 0.742453932762146, "3": 0.7538133859634399, "4": 0.7505862712860107, "5": 0.7333534359931946, "6": 0.7646780610084534, "7": 0.7687657475471497, "8": 0.7663346529006958, "9": 0.7744454741477966, "10": 0.7739721536636353, "11": 0.7839977741241455, "12": 0.7729825377464294, "13": 0.7782965302467346, "14": 0.7792861461639404, "15": 0.7846431732177734, "16": 0.7769411206245422, "17": 0.7890321016311646, "18": 0.7900217175483704, "19": 0.7881284952163696}}