{"model_id": {"0": "512-512-512", "1": "512-512-512", "2": "512-512-512", "3": "512-512-512", "4": "512-512-512", "5": "512-512-512", "6": "512-512-512", "7": "512-512-512", "8": "512-512-512", "9": "512-512-512", "10": "512-512-512", "11": "512-512-512", "12": "512-512-512", "13": "512-512-512", "14": "512-512-512", "15": "512-512-512", "16": "512-512-512", "17": "512-512-512", "18": "512-512-512", "19": "512-512-512"}, "epoch": {"0": 1, "1": 2, "2": 3, "3": 4, "4": 5, "5": 6, "6": 7, "7": 8, "8": 9, "9": 10, "10": 11, "11": 12, "12": 13, "13": 14, "14": 15, "15": 16, "16": 17, "17": 18, "18": 19, "19": 20}, "loss": {"0": 0.6722432971000671, "1": 0.5278948545455933, "2": 0.46847042441368103, "3": 0.424026221036911, "4": 0.3913780450820923, "5": 0.3659268915653229, "6": 0.34593817591667175, "7": 0.327831506729126, "8": 0.3133639395236969, "9": 0.30026429891586304, "10": 0.2894860804080963, "11": 0.2810552418231964, "12": 0.2743194103240967, "13": 0.2673642337322235, "14": 0.26235419511795044, "15": 0.2546892762184143, "16": 0.25162574648857117, "17": 0.24623805284500122, "18": 0.24415987730026245, "19": 0.2395995557308197}, "accuracy": {"0": 0.7129907608032227, "1": 0.7705675959587097, "2": 0.7977424263954163, "3": 0.8178558349609375, "4": 0.8327484726905823, "5": 0.8454514145851135, "6": 0.8545806407928467, "7": 0.8634253740310669, "8": 0.8698102831840515, "9": 0.8754135370254517, "10": 0.8802255392074585, "11": 0.8844925761222839, "12": 0.886593759059906, "13": 0.8900551795959473, "14": 0.891910195350647, "15": 0.8947715759277344, "16": 0.8960791826248169, "17": 0.8992226123809814, "18": 0.8998178243637085, "19": 0.9023087024688721}, "val_loss": {"0": 0.5899893641471863, "1": 0.5152719616889954, "2": 0.45197445154190063, "3": 0.40740320086479187, "4": 0.37694069743156433, "5": 0.3685205280780792, "6": 0.33453768491744995, "7": 0.32888540625572205, "8": 0.30779504776000977, "9": 0.30084624886512756, "10": 0.3065705895423889, "11": 0.3000018894672394, "12": 0.27746403217315674, "13": 0.2789910137653351, "14": 0.2740817666053772, "15": 0.27878543734550476, "16": 0.27098318934440613, "17": 0.25954946875572205, "18": 0.25019174814224243, "19": 0.26731154322624207}, "val_accuracy": {"0": 0.740689754486084, "1": 0.7756932973861694, "2": 0.8037047386169434, "3": 0.828252375125885, "4": 0.8423011302947998, "5": 0.8455498218536377, "6": 0.860975444316864, "7": 0.8624169230461121, "8": 0.8714313507080078, "9": 0.876745343208313, "10": 0.8759708404541016, "11": 0.875863254070282, "12": 0.8853940367698669, "13": 0.8876960277557373, "14": 0.8864912390708923, "15": 0.8840601444244385, "16": 0.8903422951698303, "17": 0.8950108885765076, "18": 0.9007551670074463, "19": 0.8918052315711975}}