{"model_id": {"0": "512-256-128-64-32", "1": "512-256-128-64-32", "2": "512-256-128-64-32", "3": "512-256-128-64-32", "4": "512-256-128-64-32", "5": "512-256-128-64-32", "6": "512-256-128-64-32", "7": "512-256-128-64-32", "8": "512-256-128-64-32", "9": "512-256-128-64-32", "10": "512-256-128-64-32", "11": "512-256-128-64-32", "12": "512-256-128-64-32", "13": "512-256-128-64-32", "14": "512-256-128-64-32", "15": "512-256-128-64-32", "16": "512-256-128-64-32", "17": "512-256-128-64-32", "18": "512-256-128-64-32", "19": "512-256-128-64-32"}, "epoch": {"0": 1, "1": 2, "2": 3, "3": 4, "4": 5, "5": 6, "6": 7, "7": 8, "8": 9, "9": 10, "10": 11, "11": 12, "12": 13, "13": 14, "14": 15, "15": 16, "16": 17, "17": 18, "18": 19, "19": 20}, "loss": {"0": 0.6668683290481567, "1": 0.5273858308792114, "2": 0.46185532212257385, "3": 0.4164935052394867, "4": 0.3864266276359558, "5": 0.35973861813545227, "6": 0.3401060402393341, "7": 0.3241477906703949, "8": 0.31314799189567566, "9": 0.3002861440181732, "10": 0.2898731231689453, "11": 0.283609539270401, "12": 0.274476557970047, "13": 0.2696416676044464, "14": 0.26164525747299194, "15": 0.2593880593776703, "16": 0.25601738691329956, "17": 0.2476850301027298, "18": 0.24473388493061066, "19": 0.23911847174167633}, "accuracy": {"0": 0.7118600606918335, "1": 0.7715070247650146, "2": 0.8003432750701904, "3": 0.8212120532989502, "4": 0.8362122774124146, "5": 0.8495917320251465, "6": 0.8575854301452637, "7": 0.8652660250663757, "8": 0.8704413771629333, "9": 0.8770199418067932, "10": 0.8803451061248779, "11": 0.8828407526016235, "12": 0.8864910006523132, "13": 0.8896033763885498, "14": 0.8930791020393372, "15": 0.8937484622001648, "16": 0.8944799304008484, "17": 0.8988425135612488, "18": 0.8993971347808838, "19": 0.9021485447883606}, "val_loss": {"0": 0.566571056842804, "1": 0.5243016481399536, "2": 0.4428466856479645, "3": 0.39675360918045044, "4": 0.3849256932735443, "5": 0.3591384291648865, "6": 0.3398272395133972, "7": 0.32925423979759216, "8": 0.31020164489746094, "9": 0.2938360571861267, "10": 0.30163776874542236, "11": 0.2808440625667572, "12": 0.28501641750335693, "13": 0.27917155623435974, "14": 0.2963929772377014, "15": 0.25575098395347595, "16": 0.2545281946659088, "17": 0.25001874566078186, "18": 0.2497301697731018, "19": 0.24689215421676636}, "val_accuracy": {"0": 0.7572556734085083, "1": 0.7723155617713928, "2": 0.8097286820411682, "3": 0.8316731452941895, "4": 0.840106725692749, "5": 0.8492502570152283, "6": 0.8590607047080994, "7": 0.8646113276481628, "8": 0.87168949842453, "9": 0.8804672956466675, "10": 0.8755835890769958, "11": 0.8835222721099854, "12": 0.8835653066635132, "13": 0.8867709636688232, "14": 0.878251314163208, "15": 0.8975925445556641, "16": 0.8974204659461975, "17": 0.8970977663993835, "18": 0.8988834023475647, "19": 0.9004969596862793}}