{"model_id": {"0": "2048-1024-512-256", "1": "2048-1024-512-256", "2": "2048-1024-512-256", "3": "2048-1024-512-256", "4": "2048-1024-512-256", "5": "2048-1024-512-256", "6": "2048-1024-512-256", "7": "2048-1024-512-256", "8": "2048-1024-512-256", "9": "2048-1024-512-256", "10": "2048-1024-512-256", "11": "2048-1024-512-256", "12": "2048-1024-512-256", "13": "2048-1024-512-256", "14": "2048-1024-512-256", "15": "2048-1024-512-256", "16": "2048-1024-512-256", "17": "2048-1024-512-256", "18": "2048-1024-512-256", "19": "2048-1024-512-256"}, "epoch": {"0": 1, "1": 2, "2": 3, "3": 4, "4": 5, "5": 6, "6": 7, "7": 8, "8": 9, "9": 10, "10": 11, "11": 12, "12": 13, "13": 14, "14": 15, "15": 16, "16": 17, "17": 18, "18": 19, "19": 20}, "loss": {"0": 0.721515417098999, "1": 0.5485119819641113, "2": 0.48754146695137024, "3": 0.43445682525634766, "4": 0.3954102694988251, "5": 0.3644154965877533, "6": 0.3414910137653351, "7": 0.326689749956131, "8": 0.31028521060943604, "9": 0.2984504699707031, "10": 0.285439133644104, "11": 0.2788466513156891, "12": 0.26955869793891907, "13": 0.26356613636016846, "14": 0.2564367651939392, "15": 0.25289392471313477, "16": 0.2476108819246292, "17": 0.24446840584278107, "18": 0.23913097381591797, "19": 0.23620612919330597}, "accuracy": {"0": 0.7001252770423889, "1": 0.7628917694091797, "2": 0.7888403534889221, "3": 0.8150613903999329, "4": 0.8332074284553528, "5": 0.8469383120536804, "6": 0.8568133115768433, "7": 0.8627392649650574, "8": 0.8707019090652466, "9": 0.8757266998291016, "10": 0.8816144466400146, "11": 0.8843587040901184, "12": 0.8881164789199829, "13": 0.8911069631576538, "14": 0.8942480683326721, "15": 0.8958592414855957, "16": 0.8977668285369873, "17": 0.899005115032196, "18": 0.9018043279647827, "19": 0.9030115008354187}, "val_loss": {"0": 0.6018521189689636, "1": 0.5154786109924316, "2": 0.44760918617248535, "3": 0.41421228647232056, "4": 0.3912435472011566, "5": 0.34471842646598816, "6": 0.33812999725341797, "7": 0.32747122645378113, "8": 0.31969189643859863, "9": 0.3035179078578949, "10": 0.29882535338401794, "11": 0.28570547699928284, "12": 0.2650333344936371, "13": 0.26457226276397705, "14": 0.26598015427589417, "15": 0.2519740164279938, "16": 0.2558399438858032, "17": 0.25569412112236023, "18": 0.2553682029247284, "19": 0.24256040155887604}, "val_accuracy": {"0": 0.7361287474632263, "1": 0.7741442918777466, "2": 0.8086529970169067, "3": 0.8280587792396545, "4": 0.8354381322860718, "5": 0.8571029305458069, "6": 0.8590176701545715, "7": 0.8631268739700317, "8": 0.8669348955154419, "9": 0.8761214017868042, "10": 0.8777995109558105, "11": 0.8840171098709106, "12": 0.8922140002250671, "13": 0.8906219601631165, "14": 0.8917621970176697, "15": 0.900260329246521, "16": 0.8959789872169495, "17": 0.8969041109085083, "18": 0.8953551054000854, "19": 0.90208899974823}}