{"model_id": {"0": "512-512-512-512-512"}, "nodes": {"0": [512, 512, 512, 512, 512]}, "layer_count": {"0": 5}, "structure": {"0": "constant"}, "trainable_count": {"0": 1082375}, "non_trainable_count": {"0": 0}, "loss": {"0": 0.30426526069641113}, "accuracy": {"0": 0.8737617135047913}, "val_loss": {"0": 0.3165692687034607}, "val_accuracy": {"0": 0.8697747588157654}, "training_time": {"0": 204.879222}}