{"model_id": {"0": "32", "1": "32", "2": "32", "3": "32", "4": "32", "5": "32", "6": "32", "7": "32", "8": "32", "9": "32", "10": "32", "11": "32", "12": "32", "13": "32", "14": "32", "15": "32", "16": "32", "17": "32", "18": "32", "19": "32"}, "epoch": {"0": 1, "1": 2, "2": 3, "3": 4, "4": 5, "5": 6, "6": 7, "7": 8, "8": 9, "9": 10, "10": 11, "11": 12, "12": 13, "13": 14, "14": 15, "15": 16, "16": 17, "17": 18, "18": 19, "19": 20}, "loss": {"0": 0.7265585660934448, "1": 0.6242114901542664, "2": 0.6012911200523376, "3": 0.5870768427848816, "4": 0.5763028860092163, "5": 0.5672270655632019, "6": 0.5596822500228882, "7": 0.5541601181030273, "8": 0.5489867925643921, "9": 0.5448347926139832, "10": 0.5414445400238037, "11": 0.5391650199890137, "12": 0.5367592573165894, "13": 0.5357106924057007, "14": 0.5332558155059814, "15": 0.5319992303848267, "16": 0.5303919315338135, "17": 0.5281644463539124, "18": 0.5275771021842957, "19": 0.5271652340888977}, "accuracy": {"0": 0.6878550052642822, "1": 0.7305487394332886, "2": 0.7404429316520691, "3": 0.746739387512207, "4": 0.751441478729248, "5": 0.7554837465286255, "6": 0.7579841613769531, "7": 0.7603674530982971, "8": 0.7631140947341919, "9": 0.7648974061012268, "10": 0.7671970129013062, "11": 0.7685380578041077, "12": 0.7691978812217712, "13": 0.7698958516120911, "14": 0.7703763842582703, "15": 0.7715787887573242, "16": 0.7721979022026062, "17": 0.7730895280838013, "18": 0.7738497257232666, "19": 0.7734074592590332}, "val_loss": {"0": 0.6411095857620239, "1": 0.6133955717086792, "2": 0.5944048166275024, "3": 0.5824095606803894, "4": 0.5693903565406799, "5": 0.5644306540489197, "6": 0.5657204985618591, "7": 0.5540702939033508, "8": 0.5489609241485596, "9": 0.543599009513855, "10": 0.5404185652732849, "11": 0.5413614511489868, "12": 0.5360580086708069, "13": 0.5335960984230042, "14": 0.5315743088722229, "15": 0.533433198928833, "16": 0.5317896008491516, "17": 0.5295608639717102, "18": 0.5299955010414124, "19": 0.5277631878852844}, "val_accuracy": {"0": 0.721950888633728, "1": 0.7345797419548035, "2": 0.7456380128860474, "3": 0.7491232752799988, "4": 0.7547385096549988, "5": 0.7554484605789185, "6": 0.7482627034187317, "7": 0.7644413709640503, "8": 0.7653234601020813, "9": 0.7667434215545654, "10": 0.7666573524475098, "11": 0.7639035582542419, "12": 0.7718852758407593, "13": 0.7694972157478333, "14": 0.7723585963249207, "15": 0.7704868912696838, "16": 0.7706804871559143, "17": 0.7741012573242188, "18": 0.7719283103942871, "19": 0.774617612361908}}