{"model_id": {"0": "256-128-64-32"}, "nodes": {"0": [256, 128, 64, 32]}, "layer_count": {"0": 4}, "structure": {"0": "tapered"}, "trainable_count": {"0": 57543}, "non_trainable_count": {"0": 0}, "loss": {"0": 0.2685292959213257}, "accuracy": {"0": 0.8891396522521973}, "val_loss": {"0": 0.26690447330474854}, "val_accuracy": {"0": 0.8909661769866943}, "training_time": {"0": 157.339239}}