{"model_id": {"0": "16-16-16-16", "1": "16-16-16-16", "2": "16-16-16-16", "3": "16-16-16-16", "4": "16-16-16-16", "5": "16-16-16-16", "6": "16-16-16-16", "7": "16-16-16-16", "8": "16-16-16-16", "9": "16-16-16-16", "10": "16-16-16-16", "11": "16-16-16-16", "12": "16-16-16-16", "13": "16-16-16-16", "14": "16-16-16-16", "15": "16-16-16-16", "16": "16-16-16-16", "17": "16-16-16-16", "18": "16-16-16-16", "19": "16-16-16-16"}, "epoch": {"0": 1, "1": 2, "2": 3, "3": 4, "4": 5, "5": 6, "6": 7, "7": 8, "8": 9, "9": 10, "10": 11, "11": 12, "12": 13, "13": 14, "14": 15, "15": 16, "16": 17, "17": 18, "18": 19, "19": 20}, "loss": {"0": 0.7320572137832642, "1": 0.612479567527771, "2": 0.5855093598365784, "3": 0.564824640750885, "4": 0.5512785315513611, "5": 0.5412275195121765, "6": 0.5319183468818665, "7": 0.5254173278808594, "8": 0.5188442468643188, "9": 0.5134679079055786, "10": 0.5080313682556152, "11": 0.5059911608695984, "12": 0.4999726116657257, "13": 0.4981956481933594, "14": 0.49654391407966614, "15": 0.4920288026332855, "16": 0.4898366332054138, "17": 0.48903194069862366, "18": 0.48533496260643005, "19": 0.48456260561943054}, "accuracy": {"0": 0.6882039904594421, "1": 0.7373711466789246, "2": 0.748264491558075, "3": 0.7564016580581665, "4": 0.7613786458969116, "5": 0.7662719488143921, "6": 0.7712942957878113, "7": 0.7753676772117615, "8": 0.7779828310012817, "9": 0.779684841632843, "10": 0.7825582027435303, "11": 0.7839446663856506, "12": 0.7864689826965332, "13": 0.7873032689094543, "14": 0.7876570820808411, "15": 0.790422797203064, "16": 0.7911638617515564, "17": 0.7913718223571777, "18": 0.793917715549469, "19": 0.7939152717590332}, "val_loss": {"0": 0.621702253818512, "1": 0.6078819632530212, "2": 0.5746946930885315, "3": 0.5510919690132141, "4": 0.5494819283485413, "5": 0.5339522957801819, "6": 0.5199494957923889, "7": 0.5216710567474365, "8": 0.5276545882225037, "9": 0.5094613432884216, "10": 0.5047146081924438, "11": 0.5009340047836304, "12": 0.5129304528236389, "13": 0.5098531246185303, "14": 0.49439576268196106, "15": 0.48645859956741333, "16": 0.4906211197376251, "17": 0.4880341589450836, "18": 0.49269458651542664, "19": 0.4880759119987488}, "val_accuracy": {"0": 0.7333534359931946, "1": 0.740108847618103, "2": 0.7518771290779114, "3": 0.7589337825775146, "4": 0.7617521286010742, "5": 0.7703793048858643, "6": 0.780598521232605, "7": 0.7735203504562378, "8": 0.7741658091545105, "9": 0.7835029363632202, "10": 0.7801682353019714, "11": 0.7875691056251526, "12": 0.7802327871322632, "13": 0.7802543044090271, "14": 0.7911619544029236, "15": 0.7941309213638306, "16": 0.7873324751853943, "17": 0.792194664478302, "18": 0.787461519241333, "19": 0.792818546295166}}