{"model_id": {"0": "256-256-256"}, "nodes": {"0": [256, 256, 256]}, "layer_count": {"0": 3}, "structure": {"0": "constant"}, "trainable_count": {"0": 147463}, "non_trainable_count": {"0": 0}, "loss": {"0": 0.23019695281982422}, "accuracy": {"0": 0.9058824777603149}, "val_loss": {"0": 0.2535072863101959}, "val_accuracy": {"0": 0.8990770578384399}, "training_time": {"0": 160.67754}}