{"model_id": {"0": "256-128-64-32-16", "1": "256-128-64-32-16", "2": "256-128-64-32-16", "3": "256-128-64-32-16", "4": "256-128-64-32-16", "5": "256-128-64-32-16", "6": "256-128-64-32-16", "7": "256-128-64-32-16", "8": "256-128-64-32-16", "9": "256-128-64-32-16", "10": "256-128-64-32-16", "11": "256-128-64-32-16", "12": "256-128-64-32-16", "13": "256-128-64-32-16", "14": "256-128-64-32-16", "15": "256-128-64-32-16", "16": "256-128-64-32-16", "17": "256-128-64-32-16", "18": "256-128-64-32-16", "19": "256-128-64-32-16"}, "epoch": {"0": 1, "1": 2, "2": 3, "3": 4, "4": 5, "5": 6, "6": 7, "7": 8, "8": 9, "9": 10, "10": 11, "11": 12, "12": 13, "13": 14, "14": 15, "15": 16, "16": 17, "17": 18, "18": 19, "19": 20}, "loss": {"0": 0.6753882169723511, "1": 0.5393810272216797, "2": 0.47417911887168884, "3": 0.42823222279548645, "4": 0.39709576964378357, "5": 0.37467238306999207, "6": 0.35515204071998596, "7": 0.34277966618537903, "8": 0.33034026622772217, "9": 0.3200969398021698, "10": 0.3106178343296051, "11": 0.3030953109264374, "12": 0.29500457644462585, "13": 0.2896193265914917, "14": 0.2840099334716797, "15": 0.27735626697540283, "16": 0.27271294593811035, "17": 0.26911330223083496, "18": 0.2675761580467224, "19": 0.2615874111652374}, "accuracy": {"0": 0.7080448865890503, "1": 0.7654997706413269, "2": 0.795720100402832, "3": 0.8173514604568481, "4": 0.8324161767959595, "5": 0.8430059552192688, "6": 0.8514012694358826, "7": 0.8574061393737793, "8": 0.8626747727394104, "9": 0.8677066564559937, "10": 0.871414303779602, "11": 0.8749474287033081, "12": 0.878824770450592, "13": 0.8805984854698181, "14": 0.8831395506858826, "15": 0.8855443596839905, "16": 0.8883053660392761, "17": 0.8896511793136597, "18": 0.8899714946746826, "19": 0.8928998112678528}, "val_loss": {"0": 0.572040855884552, "1": 0.5114852786064148, "2": 0.4510633051395416, "3": 0.42056867480278015, "4": 0.41365933418273926, "5": 0.38651761412620544, "6": 0.35623013973236084, "7": 0.33994579315185547, "8": 0.32614919543266296, "9": 0.321237176656723, "10": 0.3093216121196747, "11": 0.30904918909072876, "12": 0.31157565116882324, "13": 0.2901000678539276, "14": 0.2957235872745514, "15": 0.2835613489151001, "16": 0.286072701215744, "17": 0.2826136350631714, "18": 0.2732924818992615, "19": 0.27535054087638855}, "val_accuracy": {"0": 0.7549536228179932, "1": 0.7797809839248657, "2": 0.8100944757461548, "3": 0.8249392509460449, "4": 0.8257567882537842, "5": 0.8364708423614502, "6": 0.8519610166549683, "7": 0.859770655632019, "8": 0.8644392490386963, "9": 0.8652137517929077, "10": 0.8748735785484314, "11": 0.8738409280776978, "12": 0.8728297352790833, "13": 0.8801661133766174, "14": 0.8760138750076294, "15": 0.8855231404304504, "16": 0.8837804794311523, "17": 0.8848561644554138, "18": 0.8890729546546936, "19": 0.8880617618560791}}