{"model_id": {"0": "256-256-256-256", "1": "256-256-256-256", "2": "256-256-256-256", "3": "256-256-256-256", "4": "256-256-256-256", "5": "256-256-256-256", "6": "256-256-256-256", "7": "256-256-256-256", "8": "256-256-256-256", "9": "256-256-256-256", "10": "256-256-256-256", "11": "256-256-256-256", "12": "256-256-256-256", "13": "256-256-256-256", "14": "256-256-256-256", "15": "256-256-256-256", "16": "256-256-256-256", "17": "256-256-256-256", "18": "256-256-256-256", "19": "256-256-256-256"}, "epoch": {"0": 1, "1": 2, "2": 3, "3": 4, "4": 5, "5": 6, "6": 7, "7": 8, "8": 9, "9": 10, "10": 11, "11": 12, "12": 13, "13": 14, "14": 15, "15": 16, "16": 17, "17": 18, "18": 19, "19": 20}, "loss": {"0": 0.6615408062934875, "1": 0.5167852640151978, "2": 0.452574223279953, "3": 0.41235220432281494, "4": 0.3828628361225128, "5": 0.3562683165073395, "6": 0.3354889750480652, "7": 0.3196142911911011, "8": 0.30859437584877014, "9": 0.29950979351997375, "10": 0.28692275285720825, "11": 0.28011247515678406, "12": 0.27095967531204224, "13": 0.2643991708755493, "14": 0.2605782449245453, "15": 0.25463393330574036, "16": 0.25178033113479614, "17": 0.24809212982654572, "18": 0.24451899528503418, "19": 0.24090006947517395}, "accuracy": {"0": 0.7156585454940796, "1": 0.7747341990470886, "2": 0.8042851686477661, "3": 0.8241379857063293, "4": 0.8374791741371155, "5": 0.8500315546989441, "6": 0.8598683476448059, "7": 0.8672094345092773, "8": 0.8711704611778259, "9": 0.8749832510948181, "10": 0.8817100524902344, "11": 0.8842726349830627, "12": 0.8878583312034607, "13": 0.8907747268676758, "14": 0.8926775455474854, "15": 0.8949747681617737, "16": 0.8968536853790283, "17": 0.898151695728302, "18": 0.8994066715240479, "19": 0.9015915989875793}, "val_loss": {"0": 0.5499013066291809, "1": 0.48136594891548157, "2": 0.43387818336486816, "3": 0.3927619755268097, "4": 0.38553163409233093, "5": 0.3417097330093384, "6": 0.3370673954486847, "7": 0.31453585624694824, "8": 0.35209202766418457, "9": 0.304701566696167, "10": 0.2908799350261688, "11": 0.27411481738090515, "12": 0.2821257412433624, "13": 0.27380165457725525, "14": 0.2704731523990631, "15": 0.2606726586818695, "16": 0.25709500908851624, "17": 0.25660473108291626, "18": 0.24551966786384583, "19": 0.24221916496753693}, "val_accuracy": {"0": 0.7600094676017761, "1": 0.7914201617240906, "2": 0.8128482699394226, "3": 0.8349863290786743, "4": 0.835954487323761, "5": 0.8578559160232544, "6": 0.8572965264320374, "7": 0.869301438331604, "8": 0.8527785539627075, "9": 0.8728082180023193, "10": 0.8804888129234314, "11": 0.8892020583152771, "12": 0.8823174834251404, "13": 0.8885565996170044, "14": 0.8894817233085632, "15": 0.8958499431610107, "16": 0.8959144353866577, "17": 0.8962587118148804, "18": 0.9012284874916077, "19": 0.9037455916404724}}