{"model_id": {"0": "1024-1024-1024-1024", "1": "1024-1024-1024-1024", "2": "1024-1024-1024-1024", "3": "1024-1024-1024-1024", "4": "1024-1024-1024-1024", "5": "1024-1024-1024-1024", "6": "1024-1024-1024-1024", "7": "1024-1024-1024-1024", "8": "1024-1024-1024-1024", "9": "1024-1024-1024-1024", "10": "1024-1024-1024-1024", "11": "1024-1024-1024-1024", "12": "1024-1024-1024-1024", "13": "1024-1024-1024-1024", "14": "1024-1024-1024-1024", "15": "1024-1024-1024-1024", "16": "1024-1024-1024-1024", "17": "1024-1024-1024-1024", "18": "1024-1024-1024-1024", "19": "1024-1024-1024-1024"}, "epoch": {"0": 1, "1": 2, "2": 3, "3": 4, "4": 5, "5": 6, "6": 7, "7": 8, "8": 9, "9": 10, "10": 11, "11": 12, "12": 13, "13": 14, "14": 15, "15": 16, "16": 17, "17": 18, "18": 19, "19": 20}, "loss": {"0": 0.7904584407806396, "1": 0.5646687150001526, "2": 0.5125418901443481, "3": 0.4663833975791931, "4": 0.4271398186683655, "5": 0.39629456400871277, "6": 0.37049400806427, "7": 0.3483261466026306, "8": 0.3320111036300659, "9": 0.31683507561683655, "10": 0.30257317423820496, "11": 0.29225125908851624, "12": 0.28288769721984863, "13": 0.2699812650680542, "14": 0.2684447169303894, "15": 0.2581327557563782, "16": 0.25389978289604187, "17": 0.24650388956069946, "18": 0.2414601743221283, "19": 0.2371758222579956}, "accuracy": {"0": 0.6978806257247925, "1": 0.7544152140617371, "2": 0.7789915800094604, "3": 0.7997695803642273, "4": 0.8175211548805237, "5": 0.8311038017272949, "6": 0.8433765172958374, "7": 0.8536674380302429, "8": 0.8603249192237854, "9": 0.8675776124000549, "10": 0.8733792901039124, "11": 0.8772829174995422, "12": 0.882702112197876, "13": 0.8882360458374023, "14": 0.8893619179725647, "15": 0.8927205204963684, "16": 0.8952520489692688, "17": 0.898481547832489, "18": 0.9001429677009583, "19": 0.9019883871078491}, "val_loss": {"0": 0.631142795085907, "1": 0.5267090201377869, "2": 0.4968203008174896, "3": 0.4649805724620819, "4": 0.4061450660228729, "5": 0.3800632357597351, "6": 0.35292577743530273, "7": 0.3468559980392456, "8": 0.3446148633956909, "9": 0.32481181621551514, "10": 0.3239939510822296, "11": 0.3007287383079529, "12": 0.27807003259658813, "13": 0.28343287110328674, "14": 0.28085702657699585, "15": 0.2917978763580322, "16": 0.2611216604709625, "17": 0.26092639565467834, "18": 0.24132424592971802, "19": 0.2542760372161865}, "val_accuracy": {"0": 0.7241883873939514, "1": 0.7682063579559326, "2": 0.786837637424469, "3": 0.8019835948944092, "4": 0.825218915939331, "5": 0.8418708443641663, "6": 0.8526709675788879, "7": 0.8533594608306885, "8": 0.8524773716926575, "9": 0.8665476441383362, "10": 0.8635571599006653, "11": 0.8753038644790649, "12": 0.8843398094177246, "13": 0.8849637508392334, "14": 0.8853940367698669, "15": 0.8775628805160522, "16": 0.8941933512687683, "17": 0.8943654298782349, "18": 0.9014220833778381, "19": 0.8973774313926697}}