{"model_id": {"0": "2048-2048-2048-2048"}, "nodes": {"0": [2048, 2048, 2048, 2048]}, "layer_count": {"0": 4}, "structure": {"0": "constant"}, "trainable_count": {"0": 12716039}, "non_trainable_count": {"0": 0}, "loss": {"0": 0.2542795240879059}, "accuracy": {"0": 0.8947619795799255}, "val_loss": {"0": 0.256393164396286}, "val_accuracy": {"0": 0.8948602676391602}, "training_time": {"0": 667.586428}}