{"model_id": {"0": "256-256-256", "1": "256-256-256", "2": "256-256-256", "3": "256-256-256", "4": "256-256-256", "5": "256-256-256", "6": "256-256-256", "7": "256-256-256", "8": "256-256-256", "9": "256-256-256", "10": "256-256-256", "11": "256-256-256", "12": "256-256-256", "13": "256-256-256", "14": "256-256-256", "15": "256-256-256", "16": "256-256-256", "17": "256-256-256", "18": "256-256-256", "19": "256-256-256"}, "epoch": {"0": 1, "1": 2, "2": 3, "3": 4, "4": 5, "5": 6, "6": 7, "7": 8, "8": 9, "9": 10, "10": 11, "11": 12, "12": 13, "13": 14, "14": 15, "15": 16, "16": 17, "17": 18, "18": 19, "19": 20}, "loss": {"0": 0.646514356136322, "1": 0.5180599689483643, "2": 0.45436233282089233, "3": 0.41236287355422974, "4": 0.38153475522994995, "5": 0.35435187816619873, "6": 0.3349110782146454, "7": 0.31757691502571106, "8": 0.30507978796958923, "9": 0.2958965301513672, "10": 0.283081591129303, "11": 0.27410924434661865, "12": 0.26502591371536255, "13": 0.25821441411972046, "14": 0.2533291280269623, "15": 0.24582262337207794, "16": 0.24300162494182587, "17": 0.23899877071380615, "18": 0.23344343900680542, "19": 0.23019695281982422}, "accuracy": {"0": 0.7221486568450928, "1": 0.7750568985939026, "2": 0.8046198487281799, "3": 0.8247188925743103, "4": 0.8391309976577759, "5": 0.8513678312301636, "6": 0.859882652759552, "7": 0.8677974939346313, "8": 0.8729895949363708, "9": 0.8772159814834595, "10": 0.8829746246337891, "11": 0.8865531086921692, "12": 0.8912695050239563, "13": 0.893741250038147, "14": 0.8956727981567383, "15": 0.8986250162124634, "16": 0.9000568985939026, "17": 0.9022178649902344, "18": 0.9041063189506531, "19": 0.9058824777603149}, "val_loss": {"0": 0.5658135414123535, "1": 0.48635634779930115, "2": 0.43234220147132874, "3": 0.3961653709411621, "4": 0.38442283868789673, "5": 0.34987062215805054, "6": 0.3579590618610382, "7": 0.31464478373527527, "8": 0.30381274223327637, "9": 0.297336220741272, "10": 0.28978750109672546, "11": 0.2783047556877136, "12": 0.2768215239048004, "13": 0.2587178647518158, "14": 0.2567439675331116, "15": 0.2514183521270752, "16": 0.27402329444885254, "17": 0.26353195309638977, "18": 0.24325405061244965, "19": 0.2535072863101959}, "val_accuracy": {"0": 0.7538994550704956, "1": 0.7876121401786804, "2": 0.813945472240448, "3": 0.8333297371864319, "4": 0.841634213924408, "5": 0.8545642495155334, "6": 0.8514876961708069, "7": 0.8697532415390015, "8": 0.8736472725868225, "9": 0.877369225025177, "10": 0.8794991374015808, "11": 0.8864912390708923, "12": 0.887136697769165, "13": 0.8942148685455322, "14": 0.8947957158088684, "15": 0.8986467719078064, "16": 0.8888148069381714, "17": 0.8939996957778931, "18": 0.9028205275535583, "19": 0.8990770578384399}}