{"model_id": {"0": "64-32-16", "1": "64-32-16", "2": "64-32-16", "3": "64-32-16", "4": "64-32-16", "5": "64-32-16", "6": "64-32-16", "7": "64-32-16", "8": "64-32-16", "9": "64-32-16", "10": "64-32-16", "11": "64-32-16", "12": "64-32-16", "13": "64-32-16", "14": "64-32-16", "15": "64-32-16", "16": "64-32-16", "17": "64-32-16", "18": "64-32-16", "19": "64-32-16"}, "epoch": {"0": 1, "1": 2, "2": 3, "3": 4, "4": 5, "5": 6, "6": 7, "7": 8, "8": 9, "9": 10, "10": 11, "11": 12, "12": 13, "13": 14, "14": 15, "15": 16, "16": 17, "17": 18, "18": 19, "19": 20}, "loss": {"0": 0.6783947944641113, "1": 0.5717099905014038, "2": 0.543552815914154, "3": 0.5202561616897583, "4": 0.503966748714447, "5": 0.48607346415519714, "6": 0.4709188938140869, "7": 0.46174806356430054, "8": 0.44960230588912964, "9": 0.44291970133781433, "10": 0.4342827796936035, "11": 0.4295911490917206, "12": 0.42494362592697144, "13": 0.4199666976928711, "14": 0.41518792510032654, "15": 0.41071566939353943, "16": 0.4072144031524658, "17": 0.40232810378074646, "18": 0.4002867043018341, "19": 0.3982557952404022}, "accuracy": {"0": 0.7113150358200073, "1": 0.7512598037719727, "2": 0.7617419958114624, "3": 0.7718440890312195, "4": 0.7794482111930847, "5": 0.7885224223136902, "6": 0.796310544013977, "7": 0.8008667826652527, "8": 0.806721031665802, "9": 0.8098453879356384, "10": 0.8136629462242126, "11": 0.8156159520149231, "12": 0.8179299235343933, "13": 0.820341944694519, "14": 0.8230814337730408, "15": 0.8250726461410522, "16": 0.8270686864852905, "17": 0.8296312689781189, "18": 0.8305516242980957, "19": 0.8312352895736694}, "val_loss": {"0": 0.5965912342071533, "1": 0.5541221499443054, "2": 0.5526389479637146, "3": 0.5099726319313049, "4": 0.49738022685050964, "5": 0.48953601717948914, "6": 0.4789496958255768, "7": 0.5296158194541931, "8": 0.4537282884120941, "9": 0.4453777074813843, "10": 0.44154202938079834, "11": 0.42787787318229675, "12": 0.48349952697753906, "13": 0.42311951518058777, "14": 0.4099128842353821, "15": 0.4087006449699402, "16": 0.4058651924133301, "17": 0.40166375041007996, "18": 0.4177907109260559, "19": 0.40334492921829224}, "val_accuracy": {"0": 0.7381941080093384, "1": 0.7588692307472229, "2": 0.7537488341331482, "3": 0.7783825397491455, "4": 0.7808781862258911, "5": 0.7897420525550842, "6": 0.7934855222702026, "7": 0.7633872032165527, "8": 0.8045868277549744, "9": 0.8104817271232605, "10": 0.8069964051246643, "11": 0.8177750110626221, "12": 0.7905811071395874, "13": 0.8212387561798096, "14": 0.8255631327629089, "15": 0.8289408683776855, "16": 0.8284245133399963, "17": 0.8305544257164001, "18": 0.8230244517326355, "19": 0.8295432329177856}}