{"model_id": {"0": "1024-512", "1": "1024-512", "2": "1024-512", "3": "1024-512", "4": "1024-512", "5": "1024-512", "6": "1024-512", "7": "1024-512", "8": "1024-512", "9": "1024-512", "10": "1024-512", "11": "1024-512", "12": "1024-512", "13": "1024-512", "14": "1024-512", "15": "1024-512", "16": "1024-512", "17": "1024-512", "18": "1024-512", "19": "1024-512"}, "epoch": {"0": 1, "1": 2, "2": 3, "3": 4, "4": 5, "5": 6, "6": 7, "7": 8, "8": 9, "9": 10, "10": 11, "11": 12, "12": 13, "13": 14, "14": 15, "15": 16, "16": 17, "17": 18, "18": 19, "19": 20}, "loss": {"0": 0.6537227034568787, "1": 0.5107384324073792, "2": 0.44776684045791626, "3": 0.40412983298301697, "4": 0.3705582618713379, "5": 0.35285764932632446, "6": 0.33252328634262085, "7": 0.31799450516700745, "8": 0.30690401792526245, "9": 0.2967105507850647, "10": 0.286179780960083, "11": 0.2786535918712616, "12": 0.27219676971435547, "13": 0.26528099179267883, "14": 0.2608804404735565, "15": 0.2495104819536209, "16": 0.24931539595127106, "17": 0.24414165318012238, "18": 0.2403927445411682, "19": 0.2339654117822647}, "accuracy": {"0": 0.7172553539276123, "1": 0.776390790939331, "2": 0.8057098984718323, "3": 0.8261866569519043, "4": 0.8426283001899719, "5": 0.8504044413566589, "6": 0.8605615496635437, "7": 0.8669441342353821, "8": 0.8720692992210388, "9": 0.8762215375900269, "10": 0.8813155889511108, "11": 0.8840431571006775, "12": 0.8871650695800781, "13": 0.8904065489768982, "14": 0.8923452496528625, "15": 0.8971620202064514, "16": 0.8965022563934326, "17": 0.8996911644935608, "18": 0.9009437561035156, "19": 0.9039891958236694}, "val_loss": {"0": 0.5510727167129517, "1": 0.475554496049881, "2": 0.4327510893344879, "3": 0.3873196840286255, "4": 0.3778100311756134, "5": 0.3508256673812866, "6": 0.3402356803417206, "7": 0.309302419424057, "8": 0.30555295944213867, "9": 0.319192111492157, "10": 0.29761385917663574, "11": 0.2886299788951874, "12": 0.2640816569328308, "13": 0.27808165550231934, "14": 0.26128968596458435, "15": 0.25933751463890076, "16": 0.25912463665008545, "17": 0.25178053975105286, "18": 0.25287848711013794, "19": 0.23758821189403534}, "val_accuracy": {"0": 0.7592134475708008, "1": 0.792194664478302, "2": 0.813321590423584, "3": 0.8361911177635193, "4": 0.8376110792160034, "5": 0.851702868938446, "6": 0.8571029305458069, "7": 0.87168949842453, "8": 0.8715819120407104, "9": 0.8645898103713989, "10": 0.8742712140083313, "11": 0.8794991374015808, "12": 0.8889438509941101, "13": 0.8852864503860474, "14": 0.8924722075462341, "15": 0.8924506902694702, "16": 0.8937415480613708, "17": 0.8966244459152222, "18": 0.8942148685455322, "19": 0.9025192856788635}}