{"model_id": {"0": "32-32-32", "1": "32-32-32", "2": "32-32-32", "3": "32-32-32", "4": "32-32-32", "5": "32-32-32", "6": "32-32-32", "7": "32-32-32", "8": "32-32-32", "9": "32-32-32", "10": "32-32-32", "11": "32-32-32", "12": "32-32-32", "13": "32-32-32", "14": "32-32-32", "15": "32-32-32", "16": "32-32-32", "17": "32-32-32", "18": "32-32-32", "19": "32-32-32"}, "epoch": {"0": 1, "1": 2, "2": 3, "3": 4, "4": 5, "5": 6, "6": 7, "7": 8, "8": 9, "9": 10, "10": 11, "11": 12, "12": 13, "13": 14, "14": 15, "15": 16, "16": 17, "17": 18, "18": 19, "19": 20}, "loss": {"0": 0.7016153335571289, "1": 0.593229353427887, "2": 0.5670529007911682, "3": 0.549460768699646, "4": 0.5297065377235413, "5": 0.5140584111213684, "6": 0.5024667978286743, "7": 0.4908504784107208, "8": 0.47909238934516907, "9": 0.4724453389644623, "10": 0.46602755784988403, "11": 0.46160903573036194, "12": 0.4538288414478302, "13": 0.45101413130760193, "14": 0.44746503233909607, "15": 0.4437111020088196, "16": 0.4436560571193695, "17": 0.44051414728164673, "18": 0.43633371591567993, "19": 0.4336349368095398}, "accuracy": {"0": 0.7011651396751404, "1": 0.7442939281463623, "2": 0.7545657753944397, "3": 0.7619643211364746, "4": 0.7706225514411926, "5": 0.7778441905975342, "6": 0.7824649810791016, "7": 0.7884626388549805, "8": 0.7932435870170593, "9": 0.796298623085022, "10": 0.798684298992157, "11": 0.8011225461959839, "12": 0.8057553172111511, "13": 0.8071441650390625, "14": 0.8077704310417175, "15": 0.8102182745933533, "16": 0.8093242645263672, "17": 0.8120517730712891, "18": 0.8136079907417297, "19": 0.8151402473449707}, "val_loss": {"0": 0.6185222268104553, "1": 0.5809586644172668, "2": 0.5520563721656799, "3": 0.5355945825576782, "4": 0.5299530029296875, "5": 0.5104606747627258, "6": 0.5020270943641663, "7": 0.48568204045295715, "8": 0.4765188694000244, "9": 0.47670814394950867, "10": 0.49750545620918274, "11": 0.44948235154151917, "12": 0.44720911979675293, "13": 0.45350781083106995, "14": 0.443561315536499, "15": 0.4530593156814575, "16": 0.45292797684669495, "17": 0.4388546645641327, "18": 0.43159419298171997, "19": 0.4385949671268463}, "val_accuracy": {"0": 0.7271143198013306, "1": 0.7486714720726013, "2": 0.7588046789169312, "3": 0.7683139443397522, "4": 0.771648645401001, "5": 0.7801252007484436, "6": 0.7826208472251892, "7": 0.7912265062332153, "8": 0.7970353364944458, "9": 0.7947548627853394, "10": 0.7879348397254944, "11": 0.8114498257637024, "12": 0.8098793029785156, "13": 0.8024784326553345, "14": 0.8107829093933105, "15": 0.8042210936546326, "16": 0.8087605834007263, "17": 0.8148490786552429, "18": 0.8140100240707397, "19": 0.8148921132087708}}