{"model_id": {"0": "2048-2048-2048-2048-2048", "1": "2048-2048-2048-2048-2048", "2": "2048-2048-2048-2048-2048", "3": "2048-2048-2048-2048-2048", "4": "2048-2048-2048-2048-2048", "5": "2048-2048-2048-2048-2048", "6": "2048-2048-2048-2048-2048", "7": "2048-2048-2048-2048-2048", "8": "2048-2048-2048-2048-2048", "9": "2048-2048-2048-2048-2048", "10": "2048-2048-2048-2048-2048", "11": "2048-2048-2048-2048-2048", "12": "2048-2048-2048-2048-2048", "13": "2048-2048-2048-2048-2048", "14": "2048-2048-2048-2048-2048", "15": "2048-2048-2048-2048-2048", "16": "2048-2048-2048-2048-2048", "17": "2048-2048-2048-2048-2048", "18": "2048-2048-2048-2048-2048", "19": "2048-2048-2048-2048-2048"}, "epoch": {"0": 1, "1": 2, "2": 3, "3": 4, "4": 5, "5": 6, "6": 7, "7": 8, "8": 9, "9": 10, "10": 11, "11": 12, "12": 13, "13": 14, "14": 15, "15": 16, "16": 17, "17": 18, "18": 19, "19": 20}, "loss": {"0": 3.7559878826141357, "1": 0.6289314031600952, "2": 0.6051393747329712, "3": 0.5804702043533325, "4": 0.5609170794487, "5": 0.5397571325302124, "6": 0.5244143605232239, "7": 0.5005060434341431, "8": 0.482025682926178, "9": 0.4643305540084839, "10": 0.4497237503528595, "11": 0.43476602435112, "12": 0.4215282201766968, "13": 0.41086143255233765, "14": 0.40282002091407776, "15": 0.39559459686279297, "16": 0.3855474889278412, "17": 0.37954846024513245, "18": 0.375283420085907, "19": 0.3669528663158417}, "accuracy": {"0": 0.6589781045913696, "1": 0.7369982600212097, "2": 0.741965651512146, "3": 0.7504279017448425, "4": 0.7577283978462219, "5": 0.7664440274238586, "6": 0.7718106508255005, "7": 0.782660961151123, "8": 0.7921774387359619, "9": 0.8003073930740356, "10": 0.8068381547927856, "11": 0.8140335083007812, "12": 0.8200359344482422, "13": 0.824228823184967, "14": 0.827487051486969, "15": 0.8310320973396301, "16": 0.8350409269332886, "17": 0.8379262089729309, "18": 0.8401421904563904, "19": 0.8432450294494629}, "val_loss": {"0": 0.6654881238937378, "1": 0.6083385944366455, "2": 0.6136160492897034, "3": 0.5645828247070312, "4": 0.5458959937095642, "5": 0.5223977565765381, "6": 0.5191023349761963, "7": 0.522899866104126, "8": 0.462575227022171, "9": 0.4641801714897156, "10": 0.4466589093208313, "11": 0.4378342628479004, "12": 0.43038368225097656, "13": 0.4070480763912201, "14": 0.3973892033100128, "15": 0.387628436088562, "16": 0.3946666419506073, "17": 0.3784406781196594, "18": 0.36344802379608154, "19": 0.3624020218849182}, "val_accuracy": {"0": 0.7184441089630127, "1": 0.7403025031089783, "2": 0.737096905708313, "3": 0.7538994550704956, "4": 0.7648501396179199, "5": 0.7750908732414246, "6": 0.7717992067337036, "7": 0.7738215327262878, "8": 0.8015748262405396, "9": 0.8018330335617065, "10": 0.8069964051246643, "11": 0.8126115798950195, "12": 0.8165487051010132, "13": 0.8260794878005981, "14": 0.8288763165473938, "15": 0.8348572254180908, "16": 0.8286396861076355, "17": 0.8403863906860352, "18": 0.8449689149856567, "19": 0.8458079695701599}}