{"model_id": {"0": "512-512-512-512-512", "1": "512-512-512-512-512", "2": "512-512-512-512-512", "3": "512-512-512-512-512", "4": "512-512-512-512-512", "5": "512-512-512-512-512", "6": "512-512-512-512-512", "7": "512-512-512-512-512", "8": "512-512-512-512-512", "9": "512-512-512-512-512", "10": "512-512-512-512-512", "11": "512-512-512-512-512", "12": "512-512-512-512-512", "13": "512-512-512-512-512", "14": "512-512-512-512-512", "15": "512-512-512-512-512", "16": "512-512-512-512-512", "17": "512-512-512-512-512", "18": "512-512-512-512-512", "19": "512-512-512-512-512"}, "epoch": {"0": 1, "1": 2, "2": 3, "3": 4, "4": 5, "5": 6, "6": 7, "7": 8, "8": 9, "9": 10, "10": 11, "11": 12, "12": 13, "13": 14, "14": 15, "15": 16, "16": 17, "17": 18, "18": 19, "19": 20}, "loss": {"0": 0.7340054512023926, "1": 0.5747543573379517, "2": 0.5322867631912231, "3": 0.4992753565311432, "4": 0.4718638062477112, "5": 0.4471803903579712, "6": 0.42504486441612244, "7": 0.4058997631072998, "8": 0.3885919451713562, "9": 0.37639686465263367, "10": 0.36561456322669983, "11": 0.35139456391334534, "12": 0.34634003043174744, "13": 0.3372284173965454, "14": 0.3295845687389374, "15": 0.32171866297721863, "16": 0.3169431984424591, "17": 0.3150922358036041, "18": 0.30858221650123596, "19": 0.30426526069641113}, "accuracy": {"0": 0.6882637739181519, "1": 0.7525530457496643, "2": 0.772298276424408, "3": 0.7857136130332947, "4": 0.7973241209983826, "5": 0.8080620765686035, "6": 0.8185228109359741, "7": 0.8274774551391602, "8": 0.8354831337928772, "9": 0.8416888117790222, "10": 0.8459271192550659, "11": 0.8518052697181702, "12": 0.8545495271682739, "13": 0.8594810962677002, "14": 0.8621106147766113, "15": 0.8660022616386414, "16": 0.8685935735702515, "17": 0.8688063025474548, "18": 0.8714931607246399, "19": 0.8737617135047913}, "val_loss": {"0": 0.5925414562225342, "1": 0.5498391389846802, "2": 0.5280162692070007, "3": 0.492727130651474, "4": 0.47032907605171204, "5": 0.4283086657524109, "6": 0.44278374314308167, "7": 0.4078091084957123, "8": 0.39033782482147217, "9": 0.37234365940093994, "10": 0.3663025498390198, "11": 0.3506189286708832, "12": 0.33895817399024963, "13": 0.34580671787261963, "14": 0.33007773756980896, "15": 0.32368701696395874, "16": 0.3285788595676422, "17": 0.3167523741722107, "18": 0.32484665513038635, "19": 0.3165692687034607}, "val_accuracy": {"0": 0.747251570224762, "1": 0.760611891746521, "2": 0.7759729623794556, "3": 0.7895914316177368, "4": 0.7992082834243774, "5": 0.8153654336929321, "6": 0.8091048002243042, "7": 0.8262730836868286, "8": 0.8343839645385742, "9": 0.8447537422180176, "10": 0.8468406200408936, "11": 0.8547148108482361, "12": 0.8567156195640564, "13": 0.8534885048866272, "14": 0.8617714643478394, "15": 0.8656225204467773, "16": 0.8596415519714355, "17": 0.8683978319168091, "18": 0.8668057918548584, "19": 0.8697747588157654}}