{"model_id": {"0": "2048-1024-512", "1": "2048-1024-512", "2": "2048-1024-512", "3": "2048-1024-512", "4": "2048-1024-512", "5": "2048-1024-512", "6": "2048-1024-512", "7": "2048-1024-512", "8": "2048-1024-512", "9": "2048-1024-512", "10": "2048-1024-512", "11": "2048-1024-512", "12": "2048-1024-512", "13": "2048-1024-512", "14": "2048-1024-512", "15": "2048-1024-512", "16": "2048-1024-512", "17": "2048-1024-512", "18": "2048-1024-512", "19": "2048-1024-512"}, "epoch": {"0": 1, "1": 2, "2": 3, "3": 4, "4": 5, "5": 6, "6": 7, "7": 8, "8": 9, "9": 10, "10": 11, "11": 12, "12": 13, "13": 14, "14": 15, "15": 16, "16": 17, "17": 18, "18": 19, "19": 20}, "loss": {"0": 0.7186732292175293, "1": 0.5445147752761841, "2": 0.4776424765586853, "3": 0.4322845935821533, "4": 0.39541852474212646, "5": 0.36514586210250854, "6": 0.3455738127231598, "7": 0.3244052827358246, "8": 0.3110206425189972, "9": 0.2984466552734375, "10": 0.2885705828666687, "11": 0.27809059619903564, "12": 0.26861435174942017, "13": 0.2637859582901001, "14": 0.25715500116348267, "15": 0.2513902187347412, "16": 0.2435847818851471, "17": 0.24198666214942932, "18": 0.2373361885547638, "19": 0.2318083643913269}, "accuracy": {"0": 0.7059173583984375, "1": 0.762502133846283, "2": 0.7944794297218323, "3": 0.8148558139801025, "4": 0.8322990536689758, "5": 0.8462450504302979, "6": 0.8550109267234802, "7": 0.8641257286071777, "8": 0.8701521158218384, "9": 0.8756860494613647, "10": 0.8799841403961182, "11": 0.8845857977867126, "12": 0.888972282409668, "13": 0.8902822732925415, "14": 0.8938177824020386, "15": 0.896416187286377, "16": 0.8992441296577454, "17": 0.9003843665122986, "18": 0.9021915793418884, "19": 0.9049047827720642}, "val_loss": {"0": 0.6170657873153687, "1": 0.5201011896133423, "2": 0.4464002549648285, "3": 0.4329034984111786, "4": 0.3876829743385315, "5": 0.404073029756546, "6": 0.3298448920249939, "7": 0.33447498083114624, "8": 0.3307431936264038, "9": 0.295382022857666, "10": 0.29507479071617126, "11": 0.2794027626514435, "12": 0.2807156443595886, "13": 0.26401519775390625, "14": 0.2562985420227051, "15": 0.251741498708725, "16": 0.25128689408302307, "17": 0.24703550338745117, "18": 0.24836932122707367, "19": 0.2473989725112915}, "val_accuracy": {"0": 0.7225102782249451, "1": 0.7766614556312561, "2": 0.8101804852485657, "3": 0.8113852739334106, "4": 0.8378046751022339, "5": 0.8278221487998962, "6": 0.8620296716690063, "7": 0.862502932548523, "8": 0.8629332184791565, "9": 0.8777349591255188, "10": 0.8777995109558105, "11": 0.8852218985557556, "12": 0.883866548538208, "13": 0.8923431038856506, "14": 0.895204484462738, "15": 0.895527184009552, "16": 0.8982164859771729, "17": 0.8996363878250122, "18": 0.8993567228317261, "19": 0.8989479541778564}}