{"model_id": {"0": "2048-1024-512-256"}, "nodes": {"0": [2048, 1024, 512, 256]}, "layer_count": {"0": 4}, "structure": {"0": "tapered"}, "trainable_count": {"0": 2868743}, "non_trainable_count": {"0": 0}, "loss": {"0": 0.23620612919330597}, "accuracy": {"0": 0.9030115008354187}, "val_loss": {"0": 0.24256040155887604}, "val_accuracy": {"0": 0.90208899974823}, "training_time": {"0": 280.569198}}