{"model_id": {"0": "512-512", "1": "512-512", "2": "512-512", "3": "512-512", "4": "512-512", "5": "512-512", "6": "512-512", "7": "512-512", "8": "512-512", "9": "512-512", "10": "512-512", "11": "512-512", "12": "512-512", "13": "512-512", "14": "512-512", "15": "512-512", "16": "512-512", "17": "512-512", "18": "512-512", "19": "512-512"}, "epoch": {"0": 1, "1": 2, "2": 3, "3": 4, "4": 5, "5": 6, "6": 7, "7": 8, "8": 9, "9": 10, "10": 11, "11": 12, "12": 13, "13": 14, "14": 15, "15": 16, "16": 17, "17": 18, "18": 19, "19": 20}, "loss": {"0": 0.644332230091095, "1": 0.5099620819091797, "2": 0.4478001594543457, "3": 0.4068221151828766, "4": 0.37842580676078796, "5": 0.3535623550415039, "6": 0.33754104375839233, "7": 0.3212685286998749, "8": 0.3086051642894745, "9": 0.298170804977417, "10": 0.2858646810054779, "11": 0.2777232527732849, "12": 0.26867082715034485, "13": 0.26105985045433044, "14": 0.25465238094329834, "15": 0.24842658638954163, "16": 0.24479813873767853, "17": 0.239535853266716, "18": 0.2352674901485443, "19": 0.22907234728336334}, "accuracy": {"0": 0.7199255228042603, "1": 0.7772632837295532, "2": 0.8066062927246094, "3": 0.8254694938659668, "4": 0.8391262292861938, "5": 0.8508849740028381, "6": 0.8572459816932678, "7": 0.8648954629898071, "8": 0.8700326085090637, "9": 0.8754111528396606, "10": 0.8804908990859985, "11": 0.8846790194511414, "12": 0.8887332677841187, "13": 0.8922496438026428, "14": 0.894587516784668, "15": 0.8976305723190308, "16": 0.8988544940948486, "17": 0.9014648795127869, "18": 0.9036115407943726, "19": 0.9058800935745239}, "val_loss": {"0": 0.5465254783630371, "1": 0.4882485270500183, "2": 0.42163994908332825, "3": 0.39048025012016296, "4": 0.3626856505870819, "5": 0.36037036776542664, "6": 0.3279506266117096, "7": 0.31812313199043274, "8": 0.2953730523586273, "9": 0.3051697909832001, "10": 0.2955724596977234, "11": 0.28317832946777344, "12": 0.26600873470306396, "13": 0.27686578035354614, "14": 0.2635788917541504, "15": 0.2541576027870178, "16": 0.26734116673469543, "17": 0.24607987701892853, "18": 0.2556002140045166, "19": 0.24380874633789062}, "val_accuracy": {"0": 0.762117862701416, "1": 0.7841053605079651, "2": 0.8187216520309448, "3": 0.8328564167022705, "4": 0.8481960296630859, "5": 0.8464533686637878, "6": 0.8619651198387146, "7": 0.8653643131256104, "8": 0.8777995109558105, "9": 0.8749596476554871, "10": 0.878509521484375, "11": 0.8816075325012207, "12": 0.8911813497543335, "13": 0.8836944103240967, "14": 0.8923215866088867, "15": 0.8951614499092102, "16": 0.8912889361381531, "17": 0.9002818465232849, "18": 0.895785391330719, "19": 0.9001097083091736}}