{"model_id": {"0": "256-128-64", "1": "256-128-64", "2": "256-128-64", "3": "256-128-64", "4": "256-128-64", "5": "256-128-64", "6": "256-128-64", "7": "256-128-64", "8": "256-128-64", "9": "256-128-64", "10": "256-128-64", "11": "256-128-64", "12": "256-128-64", "13": "256-128-64", "14": "256-128-64", "15": "256-128-64", "16": "256-128-64", "17": "256-128-64", "18": "256-128-64", "19": "256-128-64"}, "epoch": {"0": 1, "1": 2, "2": 3, "3": 4, "4": 5, "5": 6, "6": 7, "7": 8, "8": 9, "9": 10, "10": 11, "11": 12, "12": 13, "13": 14, "14": 15, "15": 16, "16": 17, "17": 18, "18": 19, "19": 20}, "loss": {"0": 0.6425656676292419, "1": 0.5161342024803162, "2": 0.45620959997177124, "3": 0.417704313993454, "4": 0.3872954249382019, "5": 0.36656975746154785, "6": 0.350063294172287, "7": 0.3358103632926941, "8": 0.32535478472709656, "9": 0.31273165345191956, "10": 0.3063625693321228, "11": 0.2975786030292511, "12": 0.2916794717311859, "13": 0.28638213872909546, "14": 0.27935802936553955, "15": 0.2759108543395996, "16": 0.2708774507045746, "17": 0.2686791718006134, "18": 0.2661174237728119, "19": 0.2621667683124542}, "accuracy": {"0": 0.7232649922370911, "1": 0.7736775875091553, "2": 0.8027480840682983, "3": 0.8199762105941772, "4": 0.8340034484863281, "5": 0.8446530103683472, "6": 0.8522666692733765, "7": 0.858665943145752, "8": 0.8634325265884399, "9": 0.8694612979888916, "10": 0.8725043535232544, "11": 0.8763554096221924, "12": 0.8787673711776733, "13": 0.8816359639167786, "14": 0.8846001029014587, "15": 0.8859937787055969, "16": 0.8882431983947754, "17": 0.8891707062721252, "18": 0.8899499773979187, "19": 0.8923835158348083}, "val_loss": {"0": 0.562446117401123, "1": 0.4900842010974884, "2": 0.47556272149086, "3": 0.4115394055843353, "4": 0.38797640800476074, "5": 0.3759610652923584, "6": 0.34395697712898254, "7": 0.37907692790031433, "8": 0.3213862180709839, "9": 0.31562256813049316, "10": 0.29513975977897644, "11": 0.30402231216430664, "12": 0.28749310970306396, "13": 0.29774677753448486, "14": 0.2945140302181244, "15": 0.28478968143463135, "16": 0.27458423376083374, "17": 0.28568074107170105, "18": 0.2732353210449219, "19": 0.26942047476768494}, "val_accuracy": {"0": 0.7515974044799805, "1": 0.7861276865005493, "2": 0.7912695407867432, "3": 0.821690559387207, "4": 0.8348572254180908, "5": 0.8434414267539978, "6": 0.8540694117546082, "7": 0.8389664888381958, "8": 0.8665691614151001, "9": 0.8689141869544983, "10": 0.8772401809692383, "11": 0.8753038644790649, "12": 0.8820378184318542, "13": 0.875239372253418, "14": 0.8769604563713074, "15": 0.8821884393692017, "16": 0.8859749436378479, "17": 0.8810696601867676, "18": 0.888083279132843, "19": 0.888083279132843}}