{"model_id": {"0": "1024-512-256-128", "1": "1024-512-256-128", "2": "1024-512-256-128", "3": "1024-512-256-128", "4": "1024-512-256-128", "5": "1024-512-256-128", "6": "1024-512-256-128", "7": "1024-512-256-128", "8": "1024-512-256-128", "9": "1024-512-256-128", "10": "1024-512-256-128", "11": "1024-512-256-128", "12": "1024-512-256-128", "13": "1024-512-256-128", "14": "1024-512-256-128", "15": "1024-512-256-128", "16": "1024-512-256-128", "17": "1024-512-256-128", "18": "1024-512-256-128", "19": "1024-512-256-128"}, "epoch": {"0": 1, "1": 2, "2": 3, "3": 4, "4": 5, "5": 6, "6": 7, "7": 8, "8": 9, "9": 10, "10": 11, "11": 12, "12": 13, "13": 14, "14": 15, "15": 16, "16": 17, "17": 18, "18": 19, "19": 20}, "loss": {"0": 0.6573914289474487, "1": 0.5092940926551819, "2": 0.4411551058292389, "3": 0.3882090151309967, "4": 0.3524547517299652, "5": 0.3274637758731842, "6": 0.30505484342575073, "7": 0.28775063157081604, "8": 0.2766263782978058, "9": 0.2651098072528839, "10": 0.2563216984272003, "11": 0.24793067574501038, "12": 0.24312415719032288, "13": 0.23468944430351257, "14": 0.22960203886032104, "15": 0.2255547046661377, "16": 0.22176781296730042, "17": 0.21796098351478577, "18": 0.21711714565753937, "19": 0.21057717502117157}, "accuracy": {"0": 0.7160768508911133, "1": 0.7771796584129333, "2": 0.8089441657066345, "3": 0.8342616558074951, "4": 0.8510188460350037, "5": 0.8629520535469055, "6": 0.8726764917373657, "7": 0.8804502487182617, "8": 0.8849515318870544, "9": 0.890437662601471, "10": 0.8943867087364197, "11": 0.8970209956169128, "12": 0.9004369974136353, "13": 0.9039413928985596, "14": 0.9054378271102905, "15": 0.9073454141616821, "16": 0.9090665578842163, "17": 0.9104602336883545, "18": 0.910950243473053, "19": 0.9140291810035706}, "val_loss": {"0": 0.5726038217544556, "1": 0.4787723124027252, "2": 0.42569422721862793, "3": 0.37779638171195984, "4": 0.3431110680103302, "5": 0.3246115744113922, "6": 0.30512064695358276, "7": 0.2912946343421936, "8": 0.2703268826007843, "9": 0.264157235622406, "10": 0.2557191848754883, "11": 0.2601665258407593, "12": 0.24461062252521515, "13": 0.2326636165380478, "14": 0.2377292364835739, "15": 0.22995637357234955, "16": 0.24425064027309418, "17": 0.237589031457901, "18": 0.22660785913467407, "19": 0.21803373098373413}, "val_accuracy": {"0": 0.7488651275634766, "1": 0.7920655608177185, "2": 0.8164196014404297, "3": 0.8381274342536926, "4": 0.8586519360542297, "5": 0.8660743236541748, "6": 0.8738839626312256, "7": 0.8801445960998535, "8": 0.8887932896614075, "9": 0.8912459015846252, "10": 0.8949678540229797, "11": 0.8945590853691101, "12": 0.9011639356613159, "13": 0.9057894349098206, "14": 0.9015942215919495, "15": 0.9069727659225464, "16": 0.900260329246521, "17": 0.9030141234397888, "18": 0.9082205891609192, "19": 0.9122006893157959}}