{"model_id": {"0": "512-512-512-512", "1": "512-512-512-512", "2": "512-512-512-512", "3": "512-512-512-512", "4": "512-512-512-512", "5": "512-512-512-512", "6": "512-512-512-512", "7": "512-512-512-512", "8": "512-512-512-512", "9": "512-512-512-512", "10": "512-512-512-512", "11": "512-512-512-512", "12": "512-512-512-512", "13": "512-512-512-512", "14": "512-512-512-512", "15": "512-512-512-512", "16": "512-512-512-512", "17": "512-512-512-512", "18": "512-512-512-512", "19": "512-512-512-512"}, "epoch": {"0": 1, "1": 2, "2": 3, "3": 4, "4": 5, "5": 6, "6": 7, "7": 8, "8": 9, "9": 10, "10": 11, "11": 12, "12": 13, "13": 14, "14": 15, "15": 16, "16": 17, "17": 18, "18": 19, "19": 20}, "loss": {"0": 0.6930814981460571, "1": 0.5490190982818604, "2": 0.49161297082901, "3": 0.44761618971824646, "4": 0.41325971484184265, "5": 0.3803677260875702, "6": 0.35989126563072205, "7": 0.3399074673652649, "8": 0.32220983505249023, "9": 0.3096708357334137, "10": 0.29756850004196167, "11": 0.28907495737075806, "12": 0.27824437618255615, "13": 0.273069828748703, "14": 0.26865097880363464, "15": 0.26185914874076843, "16": 0.257720410823822, "17": 0.2521815598011017, "18": 0.24811913073062897, "19": 0.24401648342609406}, "accuracy": {"0": 0.7054225206375122, "1": 0.7643141150474548, "2": 0.7898706197738647, "3": 0.8096302151679993, "4": 0.8243889808654785, "5": 0.8393868207931519, "6": 0.8484275341033936, "7": 0.8574420213699341, "8": 0.8653138279914856, "9": 0.8710031509399414, "10": 0.8764127492904663, "11": 0.8793435096740723, "12": 0.8847507238388062, "13": 0.8872989416122437, "14": 0.8887595534324646, "15": 0.8920488357543945, "16": 0.8935500383377075, "17": 0.8964400887489319, "18": 0.8982879519462585, "19": 0.9000712633132935}, "val_loss": {"0": 0.5664695501327515, "1": 0.5182541608810425, "2": 0.46678322553634644, "3": 0.4602452516555786, "4": 0.38875195384025574, "5": 0.37766003608703613, "6": 0.39224785566329956, "7": 0.33024874329566956, "8": 0.3217892348766327, "9": 0.31402257084846497, "10": 0.32633107900619507, "11": 0.2818678915500641, "12": 0.2907562851905823, "13": 0.2894967496395111, "14": 0.27515795826911926, "15": 0.2749635577201843, "16": 0.27222740650177, "17": 0.29043665528297424, "18": 0.27667415142059326, "19": 0.25375795364379883}, "val_accuracy": {"0": 0.7566317319869995, "1": 0.7773498892784119, "2": 0.8012951612472534, "3": 0.8046083450317383, "4": 0.8347066640853882, "5": 0.8394182324409485, "6": 0.8343624472618103, "7": 0.8616424202919006, "8": 0.8670639395713806, "9": 0.8706783652305603, "10": 0.8665476441383362, "11": 0.884490430355072, "12": 0.8793485760688782, "13": 0.8821454048156738, "14": 0.8871151804924011, "15": 0.8869215250015259, "16": 0.8879757523536682, "17": 0.8792840242385864, "18": 0.8886211514472961, "19": 0.8959359526634216}}