{"model_id": {"0": "256-128", "1": "256-128", "2": "256-128", "3": "256-128", "4": "256-128", "5": "256-128", "6": "256-128", "7": "256-128", "8": "256-128", "9": "256-128", "10": "256-128", "11": "256-128", "12": "256-128", "13": "256-128", "14": "256-128", "15": "256-128", "16": "256-128", "17": "256-128", "18": "256-128", "19": "256-128"}, "epoch": {"0": 1, "1": 2, "2": 3, "3": 4, "4": 5, "5": 6, "6": 7, "7": 8, "8": 9, "9": 10, "10": 11, "11": 12, "12": 13, "13": 14, "14": 15, "15": 16, "16": 17, "17": 18, "18": 19, "19": 20}, "loss": {"0": 0.6346959471702576, "1": 0.520517110824585, "2": 0.4736161231994629, "3": 0.43822187185287476, "4": 0.4098243713378906, "5": 0.3878633975982666, "6": 0.3696400821208954, "7": 0.35664108395576477, "8": 0.34353888034820557, "9": 0.33262449502944946, "10": 0.32601454854011536, "11": 0.3156006634235382, "12": 0.3071649670600891, "13": 0.3024212718009949, "14": 0.2940395474433899, "15": 0.28927138447761536, "16": 0.28266844153404236, "17": 0.2770191431045532, "18": 0.27235090732574463, "19": 0.26968953013420105}, "accuracy": {"0": 0.7238889336585999, "1": 0.769888699054718, "2": 0.7918834090232849, "3": 0.8092932105064392, "4": 0.8219363689422607, "5": 0.8331572413444519, "6": 0.84261155128479, "7": 0.8484538197517395, "8": 0.8547766208648682, "9": 0.8599017858505249, "10": 0.8621488213539124, "11": 0.8679433465003967, "12": 0.8717465996742249, "13": 0.8740223050117493, "14": 0.8780382871627808, "15": 0.8798431158065796, "16": 0.8827762007713318, "17": 0.885415256023407, "18": 0.8877220749855042, "19": 0.8889316320419312}, "val_loss": {"0": 0.5471199154853821, "1": 0.4901484549045563, "2": 0.4821837842464447, "3": 0.4346102476119995, "4": 0.40169039368629456, "5": 0.3782252371311188, "6": 0.37981390953063965, "7": 0.3565443456172943, "8": 0.3379313349723816, "9": 0.3364032804965973, "10": 0.3278213143348694, "11": 0.31757766008377075, "12": 0.31068792939186096, "13": 0.3010982573032379, "14": 0.30746757984161377, "15": 0.2981521189212799, "16": 0.285992294549942, "17": 0.27753669023513794, "18": 0.28169625997543335, "19": 0.275673508644104}, "val_accuracy": {"0": 0.7584604620933533, "1": 0.7826423645019531, "2": 0.7888814806938171, "3": 0.8140100240707397, "4": 0.8270260691642761, "5": 0.8380628824234009, "6": 0.8381059169769287, "7": 0.8463888764381409, "8": 0.8559626340866089, "9": 0.8588024973869324, "10": 0.8625459671020508, "11": 0.8670424222946167, "12": 0.8708719611167908, "13": 0.8747445344924927, "14": 0.8700329065322876, "15": 0.8759278059005737, "16": 0.8843828439712524, "17": 0.8851143717765808, "18": 0.8843398094177246, "19": 0.8865127563476562}}