{"model_id": {"0": "64-64-64-64-64", "1": "64-64-64-64-64", "2": "64-64-64-64-64", "3": "64-64-64-64-64", "4": "64-64-64-64-64", "5": "64-64-64-64-64", "6": "64-64-64-64-64", "7": "64-64-64-64-64", "8": "64-64-64-64-64", "9": "64-64-64-64-64", "10": "64-64-64-64-64", "11": "64-64-64-64-64", "12": "64-64-64-64-64", "13": "64-64-64-64-64", "14": "64-64-64-64-64", "15": "64-64-64-64-64", "16": "64-64-64-64-64", "17": "64-64-64-64-64", "18": "64-64-64-64-64", "19": "64-64-64-64-64"}, "epoch": {"0": 1, "1": 2, "2": 3, "3": 4, "4": 5, "5": 6, "6": 7, "7": 8, "8": 9, "9": 10, "10": 11, "11": 12, "12": 13, "13": 14, "14": 15, "15": 16, "16": 17, "17": 18, "18": 19, "19": 20}, "loss": {"0": 0.6665758490562439, "1": 0.5306705236434937, "2": 0.4696264863014221, "3": 0.4306030571460724, "4": 0.4046398401260376, "5": 0.3810875415802002, "6": 0.3700582683086395, "7": 0.3557455241680145, "8": 0.34426188468933105, "9": 0.3394334614276886, "10": 0.3300112187862396, "11": 0.32034745812416077, "12": 0.3165645897388458, "13": 0.31003183126449585, "14": 0.308700829744339, "15": 0.3011517822742462, "16": 0.29902729392051697, "17": 0.2985369861125946, "18": 0.2944616377353668, "19": 0.2877098321914673}, "accuracy": {"0": 0.7137318253517151, "1": 0.7705914974212646, "2": 0.7994014024734497, "3": 0.8172701597213745, "4": 0.8288089632987976, "5": 0.8396258354187012, "6": 0.8445597887039185, "7": 0.8509207963943481, "8": 0.8556539416313171, "9": 0.8581711053848267, "10": 0.8626651763916016, "11": 0.8668341636657715, "12": 0.8682971000671387, "13": 0.8715266585350037, "14": 0.872616708278656, "15": 0.8761641383171082, "16": 0.8770270943641663, "17": 0.8768669366836548, "18": 0.879142701625824, "19": 0.8821044564247131}, "val_loss": {"0": 0.559249997138977, "1": 0.5034666657447815, "2": 0.4536500871181488, "3": 0.43388164043426514, "4": 0.390125036239624, "5": 0.3673774003982544, "6": 0.37013572454452515, "7": 0.34128594398498535, "8": 0.34565240144729614, "9": 0.33763065934181213, "10": 0.33876118063926697, "11": 0.32609790563583374, "12": 0.33234405517578125, "13": 0.3214865028858185, "14": 0.31798240542411804, "15": 0.30981260538101196, "16": 0.3216351866722107, "17": 0.29344698786735535, "18": 0.3136041462421417, "19": 0.3051806390285492}, "val_accuracy": {"0": 0.7600740194320679, "1": 0.7877197265625, "2": 0.8036617040634155, "3": 0.8160753846168518, "4": 0.8353090286254883, "5": 0.848174512386322, "6": 0.842494785785675, "7": 0.8553387522697449, "8": 0.8543921113014221, "9": 0.8608678579330444, "10": 0.8582216501235962, "11": 0.8645467758178711, "12": 0.8631268739700317, "13": 0.8653213381767273, "14": 0.8693659901618958, "15": 0.8734106421470642, "16": 0.8667842745780945, "17": 0.8810696601867676, "18": 0.8708289265632629, "19": 0.8761429190635681}}