{"model_id": {"0": "256", "1": "256", "2": "256", "3": "256", "4": "256", "5": "256", "6": "256", "7": "256", "8": "256", "9": "256", "10": "256", "11": "256", "12": "256", "13": "256", "14": "256", "15": "256", "16": "256", "17": "256", "18": "256", "19": "256"}, "epoch": {"0": 1, "1": 2, "2": 3, "3": 4, "4": 5, "5": 6, "6": 7, "7": 8, "8": 9, "9": 10, "10": 11, "11": 12, "12": 13, "13": 14, "14": 15, "15": 16, "16": 17, "17": 18, "18": 19, "19": 20}, "loss": {"0": 0.661522388458252, "1": 0.5659294724464417, "2": 0.5318250060081482, "3": 0.5102480053901672, "4": 0.49547725915908813, "5": 0.483545184135437, "6": 0.4753011465072632, "7": 0.4655705392360687, "8": 0.4580436646938324, "9": 0.45058998465538025, "10": 0.4448975920677185, "11": 0.43699780106544495, "12": 0.4312201738357544, "13": 0.425399512052536, "14": 0.4199464023113251, "15": 0.41421669721603394, "16": 0.4083976745605469, "17": 0.4073871076107025, "18": 0.3996773660182953, "19": 0.39607328176498413}, "accuracy": {"0": 0.7157302498817444, "1": 0.7554263472557068, "2": 0.7680121660232544, "3": 0.7783366441726685, "4": 0.7838131785392761, "5": 0.7894474864006042, "6": 0.7933176755905151, "7": 0.7979575991630554, "8": 0.801653265953064, "9": 0.8056190609931946, "10": 0.8073736429214478, "11": 0.8118366599082947, "12": 0.8141577839851379, "13": 0.8178797364234924, "14": 0.8198064565658569, "15": 0.8225650787353516, "16": 0.8253881931304932, "17": 0.8257013559341431, "18": 0.8289499878883362, "19": 0.831039309501648}, "val_loss": {"0": 0.5922118425369263, "1": 0.5497653484344482, "2": 0.5216359496116638, "3": 0.5014597177505493, "4": 0.48990514874458313, "5": 0.48014354705810547, "6": 0.46498629450798035, "7": 0.45988520979881287, "8": 0.45865845680236816, "9": 0.4486686587333679, "10": 0.44477003812789917, "11": 0.45732057094573975, "12": 0.42543062567710876, "13": 0.4223431944847107, "14": 0.42027848958969116, "15": 0.42196282744407654, "16": 0.4061727821826935, "17": 0.41305091977119446, "18": 0.4174012839794159, "19": 0.41840341687202454}, "val_accuracy": {"0": 0.7464125156402588, "1": 0.7621393799781799, "2": 0.7710247039794922, "3": 0.7799961566925049, "4": 0.7873755097389221, "5": 0.7920440435409546, "6": 0.7986488938331604, "7": 0.7980465292930603, "8": 0.7967341542243958, "9": 0.8079215288162231, "10": 0.8017469644546509, "11": 0.8028656840324402, "12": 0.8170865774154663, "13": 0.8186355829238892, "14": 0.8218411803245544, "15": 0.819861888885498, "16": 0.8279942274093628, "17": 0.8244013786315918, "18": 0.8175168633460999, "19": 0.8215184807777405}}