{"model_id": {"0": "512-256", "1": "512-256", "2": "512-256", "3": "512-256", "4": "512-256", "5": "512-256", "6": "512-256", "7": "512-256", "8": "512-256", "9": "512-256", "10": "512-256", "11": "512-256", "12": "512-256", "13": "512-256", "14": "512-256", "15": "512-256", "16": "512-256", "17": "512-256", "18": "512-256", "19": "512-256"}, "epoch": {"0": 1, "1": 2, "2": 3, "3": 4, "4": 5, "5": 6, "6": 7, "7": 8, "8": 9, "9": 10, "10": 11, "11": 12, "12": 13, "13": 14, "14": 15, "15": 16, "16": 17, "17": 18, "18": 19, "19": 20}, "loss": {"0": 0.6236922740936279, "1": 0.5018602609634399, "2": 0.43943774700164795, "3": 0.40181875228881836, "4": 0.37236130237579346, "5": 0.34980258345603943, "6": 0.33378955721855164, "7": 0.31739524006843567, "8": 0.3064242899417877, "9": 0.29639682173728943, "10": 0.2886221408843994, "11": 0.27762022614479065, "12": 0.27255919575691223, "13": 0.267871230840683, "14": 0.258806973695755, "15": 0.2543874680995941, "16": 0.2502703368663788, "17": 0.2436189204454422, "18": 0.24099284410476685, "19": 0.23730947077274323}, "accuracy": {"0": 0.7272045016288757, "1": 0.7792378067970276, "2": 0.8102971911430359, "3": 0.8274105191230774, "4": 0.8414306640625, "5": 0.8516786098480225, "6": 0.8588810563087463, "7": 0.8666572570800781, "8": 0.8715863823890686, "9": 0.8771585822105408, "10": 0.8798502683639526, "11": 0.8852264285087585, "12": 0.8871124982833862, "13": 0.8893977999687195, "14": 0.8932560086250305, "15": 0.8947787284851074, "16": 0.896691083908081, "17": 0.899920642375946, "18": 0.9010895490646362, "19": 0.9026601314544678}, "val_loss": {"0": 0.5422986149787903, "1": 0.4663679897785187, "2": 0.41429105401039124, "3": 0.3914775848388672, "4": 0.3725210428237915, "5": 0.3489612936973572, "6": 0.3359350562095642, "7": 0.31376928091049194, "8": 0.3152315318584442, "9": 0.29131433367729187, "10": 0.28848332166671753, "11": 0.2926875948905945, "12": 0.28812453150749207, "13": 0.27414563298225403, "14": 0.2754599452018738, "15": 0.2561820149421692, "16": 0.2550197243690491, "17": 0.26751577854156494, "18": 0.24434307217597961, "19": 0.24069525301456451}, "val_accuracy": {"0": 0.7604397535324097, "1": 0.7924312949180603, "2": 0.8229814171791077, "3": 0.8330715894699097, "4": 0.8400206565856934, "5": 0.8534024357795715, "6": 0.856500506401062, "7": 0.8690862655639648, "8": 0.8658806681632996, "9": 0.8799079060554504, "10": 0.8808760643005371, "11": 0.8790688514709473, "12": 0.8814139366149902, "13": 0.8878896832466125, "14": 0.8861685395240784, "15": 0.8950968980789185, "16": 0.8951829671859741, "17": 0.8886211514472961, "18": 0.8996148705482483, "19": 0.9015296697616577}}