{"model_id": {"0": "32-32", "1": "32-32", "2": "32-32", "3": "32-32", "4": "32-32", "5": "32-32", "6": "32-32", "7": "32-32", "8": "32-32", "9": "32-32", "10": "32-32", "11": "32-32", "12": "32-32", "13": "32-32", "14": "32-32", "15": "32-32", "16": "32-32", "17": "32-32", "18": "32-32", "19": "32-32"}, "epoch": {"0": 1, "1": 2, "2": 3, "3": 4, "4": 5, "5": 6, "6": 7, "7": 8, "8": 9, "9": 10, "10": 11, "11": 12, "12": 13, "13": 14, "14": 15, "15": 16, "16": 17, "17": 18, "18": 19, "19": 20}, "loss": {"0": 0.6897295713424683, "1": 0.5918055772781372, "2": 0.5642865300178528, "3": 0.5444578528404236, "4": 0.5289430618286133, "5": 0.5182636976242065, "6": 0.5095082521438599, "7": 0.5031983852386475, "8": 0.49764958024024963, "9": 0.49071529507637024, "10": 0.4892304837703705, "11": 0.4826012849807739, "12": 0.4822612702846527, "13": 0.4751373827457428, "14": 0.47392380237579346, "15": 0.47131824493408203, "16": 0.4683613181114197, "17": 0.4672650992870331, "18": 0.46461397409439087, "19": 0.46203264594078064}, "accuracy": {"0": 0.7042990326881409, "1": 0.7427520751953125, "2": 0.752646267414093, "3": 0.7621029615402222, "4": 0.7695014476776123, "5": 0.773479163646698, "6": 0.7778465747833252, "7": 0.7802824378013611, "8": 0.7828665375709534, "9": 0.7861271500587463, "10": 0.785890519618988, "11": 0.7886419296264648, "12": 0.7892252206802368, "13": 0.7929375767707825, "14": 0.7931407690048218, "15": 0.7946826219558716, "16": 0.7965352535247803, "17": 0.7971041798591614, "18": 0.7979695200920105, "19": 0.7992388606071472}, "val_loss": {"0": 0.6277425289154053, "1": 0.5745619535446167, "2": 0.5717588663101196, "3": 0.5435577630996704, "4": 0.52107173204422, "5": 0.5182810425758362, "6": 0.5003781914710999, "7": 0.5035363435745239, "8": 0.49441277980804443, "9": 0.5089744925498962, "10": 0.48886558413505554, "11": 0.483542799949646, "12": 0.49491235613822937, "13": 0.4938808083534241, "14": 0.4773728549480438, "15": 0.4791245758533478, "16": 0.4921913146972656, "17": 0.4625018537044525, "18": 0.4639867842197418, "19": 0.4679981470108032}, "val_accuracy": {"0": 0.7309868335723877, "1": 0.7481766939163208, "2": 0.7444762587547302, "3": 0.7581377625465393, "4": 0.7749403119087219, "5": 0.7732191681861877, "6": 0.7840408086776733, "7": 0.7766399383544922, "8": 0.7834599018096924, "9": 0.7690669298171997, "10": 0.7843850255012512, "11": 0.7909253239631653, "12": 0.783309280872345, "13": 0.7822551131248474, "14": 0.7903659343719482, "15": 0.788343608379364, "16": 0.7836320400238037, "17": 0.8001764416694641, "18": 0.7979389429092407, "19": 0.7940018773078918}}