{"model_id": {"0": "1024-1024-1024"}, "nodes": {"0": [1024, 1024, 1024]}, "layer_count": {"0": 3}, "structure": {"0": "constant"}, "trainable_count": {"0": 2162695}, "non_trainable_count": {"0": 0}, "loss": {"0": 0.21958579123020172}, "accuracy": {"0": 0.9102665781974792}, "val_loss": {"0": 0.2286010980606079}, "val_accuracy": {"0": 0.9097480773925781}, "training_time": {"0": 248.545499}}