{"model_id": {"0": "256-256-256"}, "optimizer": {"0": "Adam"}, "learning_rate": {"0": 0.001}, "input_prob": {"0": 0}, "hidden_prob": {"0": 0}, "weight_constraint": {"0": 0}, "loss": {"0": 0.14506833255290985}, "accuracy": {"0": 0.9410677552223206}, "val_loss": {"0": 0.16547663509845734}, "val_accuracy": {"0": 0.9347690343856812}, "training_time": {"0": 330.503106}}