{"model_id": {"0": "256-256-256"}, "optimizer": {"0": "Adam"}, "learning_rate": {"0": 0.01}, "input_prob": {"0": 0}, "hidden_prob": {"0": 0}, "weight_constraint": {"0": 0}, "loss": {"0": 0.14960794150829315}, "accuracy": {"0": 0.9408119916915894}, "val_loss": {"0": 0.18220831453800201}, "val_accuracy": {"0": 0.9309825301170349}, "training_time": {"0": 326.109336}}