{"model_id": {"0": "512-512"}, "optimizer": {"0": "Adam"}, "learning_rate": {"0": 0.01}, "input_prob": {"0": 0}, "hidden_prob": {"0": 0}, "weight_constraint": {"0": 0}, "loss": {"0": 0.14523658156394958}, "accuracy": {"0": 0.9422295689582825}, "val_loss": {"0": 0.19509899616241455}, "val_accuracy": {"0": 0.9291968941688538}, "training_time": {"0": 340.160252}}