{"model_id": {"0": "512-512"}, "optimizer": {"0": "Adam"}, "learning_rate": {"0": 0.001}, "input_prob": {"0": 0}, "hidden_prob": {"0": 0}, "weight_constraint": {"0": 0}, "loss": {"0": 0.16873015463352203}, "accuracy": {"0": 0.9316182732582092}, "val_loss": {"0": 0.19012756645679474}, "val_accuracy": {"0": 0.9236246943473816}, "training_time": {"0": 350.771393}}