{"model_id": {"0": "512-256"}, "optimizer": {"0": "Adam"}, "learning_rate": {"0": 0.005}, "input_prob": {"0": 0.01}, "hidden_prob": {"0": 0.1}, "weight_constraint": {"0": 0}, "loss": {"0": 0.23927290737628937}, "accuracy": {"0": 0.9013166427612305}, "val_loss": {"0": 0.18124143779277802}, "val_accuracy": {"0": 0.9263570308685303}, "training_time": {"0": 390.12684}}