{"model_id": {"0": "512-256-128"}, "optimizer": {"0": "Adam"}, "learning_rate": {"0": 0.005}, "input_prob": {"0": 0.01}, "hidden_prob": {"0": 0.1}, "weight_constraint": {"0": 0}, "loss": {"0": 0.24860715866088867}, "accuracy": {"0": 0.8971477150917053}, "val_loss": {"0": 0.17827291786670685}, "val_accuracy": {"0": 0.9271745681762695}, "training_time": {"0": 411.209669}}