{"model_id": {"0": "256-256-256"}, "optimizer": {"0": "Adam"}, "learning_rate": {"0": 0.005}, "input_prob": {"0": 0.01}, "hidden_prob": {"0": 0.1}, "weight_constraint": {"0": 0}, "loss": {"0": 0.25162050127983093}, "accuracy": {"0": 0.8974775671958923}, "val_loss": {"0": 0.17813488841056824}, "val_accuracy": {"0": 0.9288526773452759}, "training_time": {"0": 374.691102}}