{"model_id": {"0": "512-256"}, "optimizer": {"0": "Adam"}, "learning_rate": {"0": 0.005}, "input_prob": {"0": 0.01}, "hidden_prob": {"0": 0.1}, "weight_constraint": {"0": 0}, "loss": {"0": 0.23951351642608643}, "accuracy": {"0": 0.9009270071983337}, "val_loss": {"0": 0.18432974815368652}, "val_accuracy": {"0": 0.9255179762840271}, "training_time": {"0": 346.407223}}