{"model_id": {"0": "256-256-256"}, "optimizer": {"0": "Adam"}, "learning_rate": {"0": 0.005}, "input_prob": {"0": 0.01}, "hidden_prob": {"0": 0.1}, "weight_constraint": {"0": 0}, "loss": {"0": 0.25096574425697327}, "accuracy": {"0": 0.8975445032119751}, "val_loss": {"0": 0.1823521852493286}, "val_accuracy": {"0": 0.9270239472389221}, "training_time": {"0": 368.727407}}