{"model_id": {"0": "256-256-256", "1": "256-256-256", "2": "256-256-256", "3": "512-256", "4": "512-256", "5": "512-256", "6": "512-256-128", "7": "512-256-128", "8": "512-256-128", "9": "512-512", "10": "512-512", "11": "512-512"}, "optimizer": {"0": "Adam", "1": "Adam", "2": "Adam", "3": "Adam", "4": "Adam", "5": "Adam", "6": "Adam", "7": "Adam", "8": "Adam", "9": "Adam", "10": "Adam", "11": "Adam"}, "learning_rate": {"0": 0.001, "1": 0.005, "2": 0.01, "3": 0.001, "4": 0.005, "5": 0.01, "6": 0.001, "7": 0.005, "8": 0.01, "9": 0.001, "10": 0.005, "11": 0.01}, "input_prob": {"0": 0.01, "1": 0.005, "2": 0.0005, "3": 0.01, "4": 0.005, "5": 0.0005, "6": 0.01, "7": 0.005, "8": 0.0005, "9": 0.01, "10": 0.005, "11": 0.0005}, "hidden_prob": {"0": 0.1, "1": 0.01, "2": 0.005, "3": 0.1, "4": 0.01, "5": 0.005, "6": 0.1, "7": 0.01, "8": 0.005, "9": 0.1, "10": 0.01, "11": 0.005}, "weight_constraint": {"0": 0, "1": 0, "2": 0, "3": 0, "4": 0, "5": 0, "6": 0, "7": 0, "8": 0, "9": 0, "10": 0, "11": 0}, "loss": {"0": 0.22846153378486633, "1": 0.16292142868041992, "2": 0.19042377173900604, "3": 0.2494346797466278, "4": 0.18469153344631195, "5": 0.18526072800159454, "6": 0.21381127834320068, "7": 0.16355474293231964, "8": 0.19063062965869904, "9": 0.2316621094942093, "10": 0.16292235255241394, "11": 0.16800399124622345}, "accuracy": {"0": 0.9058179259300232, "1": 0.9349290728569031, "2": 0.9253337383270264, "3": 0.8968178033828735, "4": 0.9259767532348633, "5": 0.9266078472137451, "6": 0.9119494557380676, "7": 0.93439120054245, "8": 0.9250420928001404, "9": 0.9051510095596313, "10": 0.9352158904075623, "11": 0.9348669052124023}, "val_loss": {"0": 0.16032695770263672, "1": 0.15174512565135956, "2": 0.18693014979362488, "3": 0.19404803216457367, "4": 0.168802410364151, "5": 0.18157917261123657, "6": 0.15526430308818817, "7": 0.1493145376443863, "8": 0.19290347397327423, "9": 0.17808322608470917, "10": 0.1528112143278122, "11": 0.17722782492637634}, "val_accuracy": {"0": 0.9364041090011597, "1": 0.9398033618927002, "2": 0.9277338981628418, "3": 0.9230653643608093, "4": 0.9328112602233887, "5": 0.9294765591621399, "6": 0.93840491771698, "7": 0.9410296678543091, "8": 0.9238613843917847, "9": 0.9290462732315063, "10": 0.9410296678543091, "11": 0.930896520614624}, "training_time": {"0": 387.700654, "1": 367.635293, "2": 361.855323, "3": 352.173506, "4": 356.652952, "5": 353.909736, "6": 388.814714, "7": 391.651145, "8": 390.080447, "9": 396.651984, "10": 395.178285, "11": 399.947764}}