{"model_id": {"0": "512-256-128"}, "batch_size": {"0": 3400}, "loss": {"0": 0.1594856232404709}, "accuracy": {"0": 0.9354310631752014}, "val_loss": {"0": 0.20039181411266327}, "val_accuracy": {"0": 0.920246958732605}, "training_time": {"0": 233.043138}}