{"model_id": {"0": "512-256"}, "batch_size": {"0": 800}, "loss": {"0": 0.15861690044403076}, "accuracy": {"0": 0.9365904331207275}, "val_loss": {"0": 0.19468429684638977}, "val_accuracy": {"0": 0.9281211495399475}, "training_time": {"0": 344.512008}}