{"model_id": {"0": "256-256-256"}, "batch_size": {"0": 800}, "loss": {"0": 0.17120493948459625}, "accuracy": {"0": 0.9318525195121765}, "val_loss": {"0": 0.2008352130651474}, "val_accuracy": {"0": 0.9222478270530701}, "training_time": {"0": 351.501419}}