{"model_id": {"0": "512-256"}, "batch_size": {"0": 1800}, "loss": {"0": 0.1554843634366989}, "accuracy": {"0": 0.9372621774673462}, "val_loss": {"0": 0.18072108924388885}, "val_accuracy": {"0": 0.9329833984375}, "training_time": {"0": 249.090751}}