{"model_id": {"0": "512-256-128"}, "batch_size": {"0": 2600}, "loss": {"0": 0.13631974160671234}, "accuracy": {"0": 0.9450574517250061}, "val_loss": {"0": 0.16824451088905334}, "val_accuracy": {"0": 0.9361244440078735}, "training_time": {"0": 244.851214}}