{"model_id": {"0": "256-256-256"}, "batch_size": {"0": 1800}, "loss": {"0": 0.1533142775297165}, "accuracy": {"0": 0.9388972520828247}, "val_loss": {"0": 0.1876848191022873}, "val_accuracy": {"0": 0.9288526773452759}, "training_time": {"0": 252.4332}}