{"model_id": {"0": "512-256-128"}, "batch_size": {"0": 1000}, "loss": {"0": 0.16398724913597107}, "accuracy": {"0": 0.9348788261413574}, "val_loss": {"0": 0.18970812857151031}, "val_accuracy": {"0": 0.925862193107605}, "training_time": {"0": 329.438244}}