{"model_id": {"0": "512-256-128"}, "batch_size": {"0": 1800}, "loss": {"0": 0.15618304908275604}, "accuracy": {"0": 0.9367601275444031}, "val_loss": {"0": 0.18669629096984863}, "val_accuracy": {"0": 0.9277554154396057}, "training_time": {"0": 269.709756}}