{"model_id": {"0": "512-256-128"}, "batch_size": {"0": 800}, "loss": {"0": 0.1695101112127304}, "accuracy": {"0": 0.9325098991394043}, "val_loss": {"0": 0.19066256284713745}, "val_accuracy": {"0": 0.9256255030632019}, "training_time": {"0": 375.815222}}