{"model_id": {"0": "256-256-256"}, "batch_size": {"0": 2800}, "loss": {"0": 0.14256055653095245}, "accuracy": {"0": 0.9425331354141235}, "val_loss": {"0": 0.1865520477294922}, "val_accuracy": {"0": 0.9303801655769348}, "training_time": {"0": 225.347644}}