{"model_id": {"0": "512-512"}, "batch_size": {"0": 600}, "loss": {"0": 0.15466982126235962}, "accuracy": {"0": 0.9396406412124634}, "val_loss": {"0": 0.1884741187095642}, "val_accuracy": {"0": 0.9307028651237488}, "training_time": {"0": 442.036572}}