{"model_id": {"0": "512-512"}, "batch_size": {"0": 1400}, "loss": {"0": 0.14526253938674927}, "accuracy": {"0": 0.9424088001251221}, "val_loss": {"0": 0.17163071036338806}, "val_accuracy": {"0": 0.93599534034729}, "training_time": {"0": 305.592558}}