{"model_id": {"0": "512-256-128"}, "batch_size": {"0": 200}, "loss": {"0": 0.2444642335176468}, "accuracy": {"0": 0.9028680920600891}, "val_loss": {"0": 0.2569224238395691}, "val_accuracy": {"0": 0.8997224569320679}, "training_time": {"0": 988.05406}}