{"model_id": {"0": "512-256-128"}, "batch_size": {"0": 1400}, "loss": {"0": 0.1516793817281723}, "accuracy": {"0": 0.939136266708374}, "val_loss": {"0": 0.177958145737648}, "val_accuracy": {"0": 0.9310901165008545}, "training_time": {"0": 287.428286}}