{"model_id": {"0": "512-512"}, "batch_size": {"0": 3200}, "loss": {"0": 0.14149636030197144}, "accuracy": {"0": 0.9428080320358276}, "val_loss": {"0": 0.18160578608512878}, "val_accuracy": {"0": 0.9325100779533386}, "training_time": {"0": 250.771434}}