{"model_id": {"0": "512-256"}, "batch_size": {"0": 3600}, "loss": {"0": 0.1593226045370102}, "accuracy": {"0": 0.9357872009277344}, "val_loss": {"0": 0.18526716530323029}, "val_accuracy": {"0": 0.9271100163459778}, "training_time": {"0": 211.771092}}