{"model_id": {"0": "512-256"}, "batch_size": {"0": 4600}, "loss": {"0": 0.16879984736442566}, "accuracy": {"0": 0.9311234354972839}, "val_loss": {"0": 0.18893231451511383}, "val_accuracy": {"0": 0.9263785481452942}, "training_time": {"0": 204.772224}}