{"model_id": {"0": "512-256-128"}, "batch_size": {"0": 3600}, "loss": {"0": 0.14603622257709503}, "accuracy": {"0": 0.9405251145362854}, "val_loss": {"0": 0.1747622936964035}, "val_accuracy": {"0": 0.931520402431488}, "training_time": {"0": 229.035358}}