{"model_id": {"0": "512-256"}, "batch_size": {"0": 3400}, "loss": {"0": 0.16796955466270447}, "accuracy": {"0": 0.9324644804000854}, "val_loss": {"0": 0.22715987265110016}, "val_accuracy": {"0": 0.9138142466545105}, "training_time": {"0": 214.260621}}