{"model_id": {"0": "512-256-128"}, "batch_size": {"0": 1200}, "loss": {"0": 0.16079780459403992}, "accuracy": {"0": 0.9354597330093384}, "val_loss": {"0": 0.18295970559120178}, "val_accuracy": {"0": 0.928831160068512}, "training_time": {"0": 312.502356}}