{"model_id": {"0": "512-512"}, "batch_size": {"0": 3600}, "loss": {"0": 0.15421685576438904}, "accuracy": {"0": 0.9375322461128235}, "val_loss": {"0": 0.2113036960363388}, "val_accuracy": {"0": 0.9189561605453491}, "training_time": {"0": 254.501504}}