{"model_id": {"0": "512-512"}, "batch_size": {"0": 4000}, "loss": {"0": 0.15138232707977295}, "accuracy": {"0": 0.9386988282203674}, "val_loss": {"0": 0.17419235408306122}, "val_accuracy": {"0": 0.9334996938705444}, "training_time": {"0": 241.776221}}