{"model_id": {"0": "512-512"}, "batch_size": {"0": 4200}, "loss": {"0": 0.15287353098392487}, "accuracy": {"0": 0.9379768967628479}, "val_loss": {"0": 0.17741599678993225}, "val_accuracy": {"0": 0.9296056628227234}, "training_time": {"0": 241.421395}}