{"model_id": {"0": "512-256"}, "batch_size": {"0": 600}, "loss": {"0": 0.1711185723543167}, "accuracy": {"0": 0.9319648742675781}, "val_loss": {"0": 0.19446922838687897}, "val_accuracy": {"0": 0.9257976412773132}, "training_time": {"0": 400.280809}}