{"model_id": {"0": "512-256"}, "batch_size": {"0": 2000}, "loss": {"0": 0.1555161476135254}, "accuracy": {"0": 0.9374988079071045}, "val_loss": {"0": 0.20050476491451263}, "val_accuracy": {"0": 0.9225274920463562}, "training_time": {"0": 241.968438}}