{"model_id": {"0": "256-256-256"}, "batch_size": {"0": 3400}, "loss": {"0": 0.1503002941608429}, "accuracy": {"0": 0.9394853115081787}, "val_loss": {"0": 0.20295311510562897}, "val_accuracy": {"0": 0.9221402406692505}, "training_time": {"0": 218.068788}}