{"model_id": {"0": "512-256"}, "batch_size": {"0": 200}, "loss": {"0": 0.22260494530200958}, "accuracy": {"0": 0.912090539932251}, "val_loss": {"0": 0.2476339489221573}, "val_accuracy": {"0": 0.9048858880996704}, "training_time": {"0": 907.466589}}