{"model_id": {"0": "256-256-256"}, "batch_size": {"0": 1200}, "loss": {"0": 0.14807744324207306}, "accuracy": {"0": 0.9411609768867493}, "val_loss": {"0": 0.1772536188364029}, "val_accuracy": {"0": 0.9324885606765747}, "training_time": {"0": 292.94555}}