{"model_id": {"0": "256-256-256"}, "batch_size": {"0": 4000}, "loss": {"0": 0.14432293176651}, "accuracy": {"0": 0.9412088394165039}, "val_loss": {"0": 0.18369969725608826}, "val_accuracy": {"0": 0.9291753768920898}, "training_time": {"0": 210.526912}}