{"model_id": {"0": "256-256-256"}, "batch_size": {"0": 1400}, "loss": {"0": 0.144958958029747}, "accuracy": {"0": 0.9422510862350464}, "val_loss": {"0": 0.18056683242321014}, "val_accuracy": {"0": 0.9310901165008545}, "training_time": {"0": 275.742352}}