{"model_id": {"0": "256-256-256"}, "batch_size": {"0": 3800}, "loss": {"0": 0.14419247210025787}, "accuracy": {"0": 0.9414574503898621}, "val_loss": {"0": 0.18464307487010956}, "val_accuracy": {"0": 0.9285944700241089}, "training_time": {"0": 211.5976}}