{"model_id": {"0": "512-512"}, "batch_size": {"0": 3400}, "loss": {"0": 0.15739242732524872}, "accuracy": {"0": 0.9370948076248169}, "val_loss": {"0": 0.19654050469398499}, "val_accuracy": {"0": 0.9244422316551208}, "training_time": {"0": 246.051278}}