{"model_id": {"0": "512-256-128"}, "batch_size": {"0": 2400}, "loss": {"0": 0.1482442021369934}, "accuracy": {"0": 0.9401737451553345}, "val_loss": {"0": 0.18066848814487457}, "val_accuracy": {"0": 0.9301865100860596}, "training_time": {"0": 244.774383}}