{"model_id": {"0": "512-256"}, "batch_size": {"0": 1400}, "loss": {"0": 0.1507759988307953}, "accuracy": {"0": 0.9397888779640198}, "val_loss": {"0": 0.19090642035007477}, "val_accuracy": {"0": 0.9264645576477051}, "training_time": {"0": 270.593936}}