{"model_id": {"0": "256-256-256"}, "batch_size": {"0": 2600}, "loss": {"0": 0.14385543763637543}, "accuracy": {"0": 0.9423347115516663}, "val_loss": {"0": 0.17262443900108337}, "val_accuracy": {"0": 0.9326606392860413}, "training_time": {"0": 228.582637}}