{"model_id": {"0": "512-256-128"}, "batch_size": {"0": 4400}, "loss": {"0": 0.15731872618198395}, "accuracy": {"0": 0.9363920092582703}, "val_loss": {"0": 0.24916410446166992}, "val_accuracy": {"0": 0.9054021835327148}, "training_time": {"0": 219.940566}}