{"model_id": {"0": "512-512"}, "batch_size": {"0": 5000}, "loss": {"0": 0.15416575968265533}, "accuracy": {"0": 0.9378311038017273}, "val_loss": {"0": 0.1929042786359787}, "val_accuracy": {"0": 0.925539493560791}, "training_time": {"0": 236.279861}}