{"model_id": {"0": "256-256-256"}, "batch_size": {"0": 4800}, "loss": {"0": 0.1493377387523651}, "accuracy": {"0": 0.9391984343528748}, "val_loss": {"0": 0.17097604274749756}, "val_accuracy": {"0": 0.9333276152610779}, "training_time": {"0": 203.788223}}