{"model_id": {"0": "512-256"}, "batch_size": {"0": 4000}, "loss": {"0": 0.16664353013038635}, "accuracy": {"0": 0.9318286180496216}, "val_loss": {"0": 0.19525273144245148}, "val_accuracy": {"0": 0.9239689111709595}, "training_time": {"0": 209.605074}}