{"model_id": {"0": "512-512"}, "batch_size": {"0": 2600}, "loss": {"0": 0.14768120646476746}, "accuracy": {"0": 0.9406470656394958}, "val_loss": {"0": 0.17508269846439362}, "val_accuracy": {"0": 0.9329618811607361}, "training_time": {"0": 262.982173}}