{"model_id": {"0": "512-256-128"}, "batch_size": {"0": 4800}, "loss": {"0": 0.14371851086616516}, "accuracy": {"0": 0.9416342973709106}, "val_loss": {"0": 0.17104284465312958}, "val_accuracy": {"0": 0.9327467083930969}, "training_time": {"0": 216.781576}}