{"model_id": {"0": "512-256"}, "batch_size": {"0": 4200}, "loss": {"0": 0.16338291764259338}, "accuracy": {"0": 0.9336358308792114}, "val_loss": {"0": 0.19107408821582794}, "val_accuracy": {"0": 0.9249370694160461}, "training_time": {"0": 210.564801}}