{"model_id": {"0": "512-256-128"}, "batch_size": {"0": 1600}, "loss": {"0": 0.15255632996559143}, "accuracy": {"0": 0.9385004043579102}, "val_loss": {"0": 0.18283848464488983}, "val_accuracy": {"0": 0.9286590218544006}, "training_time": {"0": 277.423685}}