{"model_id": {"0": "512-512"}, "batch_size": {"0": 2800}, "loss": {"0": 0.14212225377559662}, "accuracy": {"0": 0.9428175687789917}, "val_loss": {"0": 0.17164942622184753}, "val_accuracy": {"0": 0.9351993203163147}, "training_time": {"0": 255.305188}}