{"model_id": {"0": "512-512"}, "batch_size": {"0": 200}, "loss": {"0": 0.22078615427017212}, "accuracy": {"0": 0.9129486680030823}, "val_loss": {"0": 0.24886378645896912}, "val_accuracy": {"0": 0.9061121940612793}, "training_time": {"0": 930.520068}}