{"model_id": {"0": "256-256-256"}, "batch_size": {"0": 2000}, "loss": {"0": 0.13942337036132812}, "accuracy": {"0": 0.9442088603973389}, "val_loss": {"0": 0.16984891891479492}, "val_accuracy": {"0": 0.936877429485321}, "training_time": {"0": 243.15345}}