{"model_id": {"0": "256-256-256"}, "batch_size": {"0": 5000}, "loss": {"0": 0.15391890704631805}, "accuracy": {"0": 0.9374198913574219}, "val_loss": {"0": 0.1827533096075058}, "val_accuracy": {"0": 0.9292829036712646}, "training_time": {"0": 203.982549}}