{"model_id": {"0": "512-256-128"}, "batch_size": {"0": 3000}, "loss": {"0": 0.14285895228385925}, "accuracy": {"0": 0.9420908689498901}, "val_loss": {"0": 0.17055384814739227}, "val_accuracy": {"0": 0.9323379397392273}, "training_time": {"0": 233.580563}}