{"model_id": {"0": "256-256-256"}, "batch_size": {"0": 4200}, "loss": {"0": 0.14214247465133667}, "accuracy": {"0": 0.9426024556159973}, "val_loss": {"0": 0.1716160774230957}, "val_accuracy": {"0": 0.9338439106941223}, "training_time": {"0": 209.971302}}