{"model_id": {"0": "256-256-256"}, "batch_size": {"0": 2200}, "loss": {"0": 0.14311878383159637}, "accuracy": {"0": 0.9424996376037598}, "val_loss": {"0": 0.17476753890514374}, "val_accuracy": {"0": 0.9345539212226868}, "training_time": {"0": 237.952475}}