{"model_id": {"0": "512-256"}, "batch_size": {"0": 5000}, "loss": {"0": 0.1592184454202652}, "accuracy": {"0": 0.9350294470787048}, "val_loss": {"0": 0.1944907009601593}, "val_accuracy": {"0": 0.9239689111709595}, "training_time": {"0": 202.457807}}