{"model_id": {"0": "256-256-256"}, "batch_size": {"0": 4400}, "loss": {"0": 0.15329107642173767}, "accuracy": {"0": 0.9384024143218994}, "val_loss": {"0": 0.21276460587978363}, "val_accuracy": {"0": 0.9164820313453674}, "training_time": {"0": 206.596139}}