{"model_id": {"0": "256-256-256"}, "batch_size": {"0": 2400}, "loss": {"0": 0.14872334897518158}, "accuracy": {"0": 0.9402430653572083}, "val_loss": {"0": 0.1850561946630478}, "val_accuracy": {"0": 0.9305307269096375}, "training_time": {"0": 234.618561}}