{"model_id": {"0": "512-256"}, "batch_size": {"0": 1600}, "loss": {"0": 0.15681664645671844}, "accuracy": {"0": 0.9371856451034546}, "val_loss": {"0": 0.18438321352005005}, "val_accuracy": {"0": 0.9293259382247925}, "training_time": {"0": 261.44564}}