{"model_id": {"0": "512-256"}, "batch_size": {"0": 1200}, "loss": {"0": 0.15898318588733673}, "accuracy": {"0": 0.9363394379615784}, "val_loss": {"0": 0.1876574009656906}, "val_accuracy": {"0": 0.9297777414321899}, "training_time": {"0": 289.282067}}