{"model_id": {"0": "512-256-128"}, "batch_size": {"0": 3200}, "loss": {"0": 0.1498987227678299}, "accuracy": {"0": 0.9390215277671814}, "val_loss": {"0": 0.18053759634494781}, "val_accuracy": {"0": 0.9285944700241089}, "training_time": {"0": 232.965228}}