{"model_id": {"0": "512-512"}, "batch_size": {"0": 1200}, "loss": {"0": 0.1396877020597458}, "accuracy": {"0": 0.9443498849868774}, "val_loss": {"0": 0.1799391359090805}, "val_accuracy": {"0": 0.9338009357452393}, "training_time": {"0": 324.1462}}