{"model_id": {"0": "512-512"}, "batch_size": {"0": 4800}, "loss": {"0": 0.15003959834575653}, "accuracy": {"0": 0.9389474391937256}, "val_loss": {"0": 0.18146730959415436}, "val_accuracy": {"0": 0.9297992587089539}, "training_time": {"0": 237.00469}}