{"model_id": {"0": "512-256"}, "batch_size": {"0": 2800}, "loss": {"0": 0.160653755068779}, "accuracy": {"0": 0.9354358315467834}, "val_loss": {"0": 0.18576858937740326}, "val_accuracy": {"0": 0.9277123808860779}, "training_time": {"0": 224.92287}}