{"model_id": {"0": "512-256-128"}, "batch_size": {"0": 2000}, "loss": {"0": 0.13920599222183228}, "accuracy": {"0": 0.9437235593795776}, "val_loss": {"0": 0.18088921904563904}, "val_accuracy": {"0": 0.9297131896018982}, "training_time": {"0": 257.639645}}