{"model_id": {"0": "256-256-256"}, "batch_size": {"0": 600}, "loss": {"0": 0.18052905797958374}, "accuracy": {"0": 0.9292827844619751}, "val_loss": {"0": 0.20675930380821228}, "val_accuracy": {"0": 0.9228071570396423}, "training_time": {"0": 425.618098}}