{"model_id": {"0": "512-256-128"}, "batch_size": {"0": 600}, "loss": {"0": 0.17523643374443054}, "accuracy": {"0": 0.9303250312805176}, "val_loss": {"0": 0.2049771547317505}, "val_accuracy": {"0": 0.9236246943473816}, "training_time": {"0": 443.899426}}