{"model_id": {"0": "512-256"}, "batch_size": {"0": 3200}, "loss": {"0": 0.15218298137187958}, "accuracy": {"0": 0.9381729364395142}, "val_loss": {"0": 0.17987367510795593}, "val_accuracy": {"0": 0.930014431476593}, "training_time": {"0": 221.840434}}