{"model_id": {"0": "512-512"}, "batch_size": {"0": 3000}, "loss": {"0": 0.14237268269062042}, "accuracy": {"0": 0.9429658055305481}, "val_loss": {"0": 0.17355133593082428}, "val_accuracy": {"0": 0.9333706498146057}, "training_time": {"0": 251.979169}}