{"model_id": {"0": "512-512"}, "batch_size": {"0": 2000}, "loss": {"0": 0.138007253408432}, "accuracy": {"0": 0.9447323679924011}, "val_loss": {"0": 0.17626678943634033}, "val_accuracy": {"0": 0.9331554770469666}, "training_time": {"0": 273.559509}}