{"model_id": {"0": "256-256-256"}, "batch_size": {"0": 3000}, "loss": {"0": 0.1475149244070053}, "accuracy": {"0": 0.9402382969856262}, "val_loss": {"0": 0.17605426907539368}, "val_accuracy": {"0": 0.9314988851547241}, "training_time": {"0": 222.250673}}