{"model_id": {"0": "256-256-256"}, "batch_size": {"0": 3200}, "loss": {"0": 0.14258290827274323}, "accuracy": {"0": 0.9422988891601562}, "val_loss": {"0": 0.17593079805374146}, "val_accuracy": {"0": 0.9325315952301025}, "training_time": {"0": 217.886867}}