{"model_id": {"0": "512-256"}, "batch_size": {"0": 1000}, "loss": {"0": 0.15713557600975037}, "accuracy": {"0": 0.9374772906303406}, "val_loss": {"0": 0.18497693538665771}, "val_accuracy": {"0": 0.9299283623695374}, "training_time": {"0": 310.773954}}