{"model_id": {"0": "512-512"}, "batch_size": {"0": 3800}, "loss": {"0": 0.14651156961917877}, "accuracy": {"0": 0.9408550262451172}, "val_loss": {"0": 0.21744988858699799}, "val_accuracy": {"0": 0.9223983883857727}, "training_time": {"0": 244.838988}}