{"model_id": {"0": "256-256-256"}, "batch_size": {"0": 3600}, "loss": {"0": 0.14771848917007446}, "accuracy": {"0": 0.940008819103241}, "val_loss": {"0": 0.18097305297851562}, "val_accuracy": {"0": 0.9301005005836487}, "training_time": {"0": 216.376681}}