{"model_id": {"0": "512-256-128"}, "batch_size": {"0": 400}, "loss": {"0": 0.19349870085716248}, "accuracy": {"0": 0.9244420528411865}, "val_loss": {"0": 0.20792992413043976}, "val_accuracy": {"0": 0.9231513738632202}, "training_time": {"0": 564.937092}}