{"model_id": {"0": "512-256"}, "batch_size": {"0": 2600}, "loss": {"0": 0.15703287720680237}, "accuracy": {"0": 0.9368366599082947}, "val_loss": {"0": 0.1797005534172058}, "val_accuracy": {"0": 0.932101309299469}, "training_time": {"0": 229.831887}}