{"model_id": {"0": "512-512"}, "batch_size": {"0": 1000}, "loss": {"0": 0.1456916779279709}, "accuracy": {"0": 0.9420454502105713}, "val_loss": {"0": 0.18309974670410156}, "val_accuracy": {"0": 0.9319291710853577}, "training_time": {"0": 341.089979}}