{"model_id": {"0": "256-256-256"}, "batch_size": {"0": 4600}, "loss": {"0": 0.14121608436107635}, "accuracy": {"0": 0.9423873424530029}, "val_loss": {"0": 0.17146621644496918}, "val_accuracy": {"0": 0.9331769943237305}, "training_time": {"0": 203.562782}}