{"model_id": {"0": "512-256-128"}, "batch_size": {"0": 2800}, "loss": {"0": 0.1414765566587448}, "accuracy": {"0": 0.9432215690612793}, "val_loss": {"0": 0.17451493442058563}, "val_accuracy": {"0": 0.9331554770469666}, "training_time": {"0": 237.751315}}