{"model_id": {"0": "512-256-128"}, "batch_size": {"0": 4000}, "loss": {"0": 0.1551543027162552}, "accuracy": {"0": 0.9374772906303406}, "val_loss": {"0": 0.18825748562812805}, "val_accuracy": {"0": 0.9264215230941772}, "training_time": {"0": 224.927116}}