{"model_id": {"0": "512-512"}, "batch_size": {"0": 2400}, "loss": {"0": 0.14281803369522095}, "accuracy": {"0": 0.9425020813941956}, "val_loss": {"0": 0.17157666385173798}, "val_accuracy": {"0": 0.9345108866691589}, "training_time": {"0": 263.553005}}