{"model_id": {"0": "512-256-128"}, "batch_size": {"0": 5000}, "loss": {"0": 0.17085278034210205}, "accuracy": {"0": 0.9302604794502258}, "val_loss": {"0": 0.19890442490577698}, "val_accuracy": {"0": 0.9212366342544556}, "training_time": {"0": 224.222839}}