{"model_id": {"0": "512-512"}, "batch_size": {"0": 1800}, "loss": {"0": 0.1423984169960022}, "accuracy": {"0": 0.9432478547096252}, "val_loss": {"0": 0.19603486359119415}, "val_accuracy": {"0": 0.9279060363769531}, "training_time": {"0": 281.543878}}