{"model_id": {"0": "256-256-256"}, "batch_size": {"0": 400}, "loss": {"0": 0.20079974830150604}, "accuracy": {"0": 0.9210643172264099}, "val_loss": {"0": 0.2264360785484314}, "val_accuracy": {"0": 0.9136205911636353}, "training_time": {"0": 571.139319}}