{"model_id": {"0": "256-256-256"}, "batch_size": {"0": 1600}, "loss": {"0": 0.1434893012046814}, "accuracy": {"0": 0.9430829286575317}, "val_loss": {"0": 0.181656613945961}, "val_accuracy": {"0": 0.9316925406455994}, "training_time": {"0": 264.411063}}