{"model_id": {"0": "512-256"}, "batch_size": {"0": 2400}, "loss": {"0": 0.15193606913089752}, "accuracy": {"0": 0.938835084438324}, "val_loss": {"0": 0.19001051783561707}, "val_accuracy": {"0": 0.9274327158927917}, "training_time": {"0": 231.976879}}