{"model_id": {"0": "256-256-256"}, "batch_size": {"0": 1000}, "loss": {"0": 0.16432365775108337}, "accuracy": {"0": 0.9351370334625244}, "val_loss": {"0": 0.18863137066364288}, "val_accuracy": {"0": 0.9278630018234253}, "training_time": {"0": 319.326678}}