{"model_id": {"0": "512-256-128"}, "batch_size": {"0": 4200}, "loss": {"0": 0.16874705255031586}, "accuracy": {"0": 0.9309345483779907}, "val_loss": {"0": 0.1949184536933899}, "val_accuracy": {"0": 0.9231513738632202}, "training_time": {"0": 222.944714}}