{"model_id": {"0": "512-256"}, "batch_size": {"0": 400}, "loss": {"0": 0.18058530986309052}, "accuracy": {"0": 0.9279823303222656}, "val_loss": {"0": 0.2068091481924057}, "val_accuracy": {"0": 0.9222908020019531}, "training_time": {"0": 521.090437}}