{"model_id": {"0": "512-256"}, "batch_size": {"0": 4800}, "loss": {"0": 0.16566947102546692}, "accuracy": {"0": 0.9327991604804993}, "val_loss": {"0": 0.20844005048274994}, "val_accuracy": {"0": 0.916976809501648}, "training_time": {"0": 204.624482}}