{"model_id": {"0": "512-256"}, "batch_size": {"0": 4400}, "loss": {"0": 0.1614120751619339}, "accuracy": {"0": 0.9343338012695312}, "val_loss": {"0": 0.20270727574825287}, "val_accuracy": {"0": 0.9206557273864746}, "training_time": {"0": 208.523863}}