{"model_id": {"0": "512-256-128"}, "batch_size": {"0": 4600}, "loss": {"0": 0.14703509211540222}, "accuracy": {"0": 0.9399992227554321}, "val_loss": {"0": 0.17423683404922485}, "val_accuracy": {"0": 0.9300574660301208}, "training_time": {"0": 222.756741}}