{"model_id": {"0": "512-256-128"}, "batch_size": {"0": 3800}, "loss": {"0": 0.15017107129096985}, "accuracy": {"0": 0.9391506314277649}, "val_loss": {"0": 0.1769503653049469}, "val_accuracy": {"0": 0.9311331510543823}, "training_time": {"0": 224.72309}}