{"model_id": {"0": "256-256-256"}, "batch_size": {"0": 200}, "loss": {"0": 0.28168657422065735}, "accuracy": {"0": 0.8900121450424194}, "val_loss": {"0": 0.2863212823867798}, "val_accuracy": {"0": 0.887760579586029}, "training_time": {"0": 1012.673709}}