{"model_id": {"0": "512-512"}, "batch_size": {"0": 4600}, "loss": {"0": 0.1469218134880066}, "accuracy": {"0": 0.9403243660926819}, "val_loss": {"0": 0.18013490736484528}, "val_accuracy": {"0": 0.9322949051856995}, "training_time": {"0": 237.756524}}