{"model_id": {"0": "512-256"}, "batch_size": {"0": 2200}, "loss": {"0": 0.1522449404001236}, "accuracy": {"0": 0.9388542175292969}, "val_loss": {"0": 0.17932839691638947}, "val_accuracy": {"0": 0.9302940964698792}, "training_time": {"0": 238.330051}}