{"model_id": {"0": "512-512"}, "batch_size": {"0": 800}, "loss": {"0": 0.1501418948173523}, "accuracy": {"0": 0.9407952427864075}, "val_loss": {"0": 0.18080434203147888}, "val_accuracy": {"0": 0.9337794184684753}, "training_time": {"0": 384.993512}}