{"model_id": {"0": "512-512"}, "batch_size": {"0": 1600}, "loss": {"0": 0.1399853229522705}, "accuracy": {"0": 0.9439889192581177}, "val_loss": {"0": 0.1731501668691635}, "val_accuracy": {"0": 0.93569415807724}, "training_time": {"0": 289.570057}}