{"model_id": {"0": "512-512"}, "batch_size": {"0": 2200}, "loss": {"0": 0.1418217420578003}, "accuracy": {"0": 0.9432693719863892}, "val_loss": {"0": 0.19571548700332642}, "val_accuracy": {"0": 0.9250231385231018}, "training_time": {"0": 270.581766}}