{"model_id": {"0": "512-512"}, "batch_size": {"0": 4400}, "loss": {"0": 0.1499512791633606}, "accuracy": {"0": 0.9392151832580566}, "val_loss": {"0": 0.20606574416160583}, "val_accuracy": {"0": 0.9192358255386353}, "training_time": {"0": 238.572689}}