{"model_id": {"0": "512-256"}, "batch_size": {"0": 3800}, "loss": {"0": 0.16704629361629486}, "accuracy": {"0": 0.932335376739502}, "val_loss": {"0": 0.20607924461364746}, "val_accuracy": {"0": 0.9191497564315796}, "training_time": {"0": 210.396874}}