{"model_id": {"0": "512-256"}, "batch_size": {"0": 3000}, "loss": {"0": 0.15597586333751678}, "accuracy": {"0": 0.9370254874229431}, "val_loss": {"0": 0.19133210182189941}, "val_accuracy": {"0": 0.9259697794914246}, "training_time": {"0": 223.092899}}