{"model_id": {"0": "512-512"}, "batch_size": {"0": 400}, "loss": {"0": 0.17055858671665192}, "accuracy": {"0": 0.9329521059989929}, "val_loss": {"0": 0.1966969072818756}, "val_accuracy": {"0": 0.9272390604019165}, "training_time": {"0": 541.113671}}