{"model_id": {"0": "512-256-128"}, "batch_size": {"0": 2200}, "loss": {"0": 0.15259979665279388}, "accuracy": {"0": 0.9381609559059143}, "val_loss": {"0": 0.1900281310081482}, "val_accuracy": {"0": 0.9273036122322083}, "training_time": {"0": 254.496797}}