{"model_id": {"0": "512-512"}, "optimizer": {"0": "Adam"}, "learning_rate": {"0": 0.001}, "input_prob": {"0": 0.01}, "hidden_prob": {"0": 0.1}, "weight_constraint": {"0": 15}, "loss": {"0": 0.2299334555864334}, "accuracy": {"0": 0.9061214923858643}, "val_loss": {"0": 0.17537203431129456}, "val_accuracy": {"0": 0.9306813478469849}, "training_time": {"0": 517.560362}}