{"model_id": {"0": "256-256-256"}, "optimizer": {"0": "Adam"}, "learning_rate": {"0": 0.01}, "input_prob": {"0": 0.01}, "hidden_prob": {"0": 0.1}, "weight_constraint": {"0": 22}, "loss": {"0": 0.332348108291626}, "accuracy": {"0": 0.863762378692627}, "val_loss": {"0": 0.2457115203142166}, "val_accuracy": {"0": 0.9001742601394653}, "training_time": {"0": 492.354102}}