{"model_id": {"0": "512-256-128"}, "optimizer": {"0": "Adam"}, "learning_rate": {"0": 0.01}, "input_prob": {"0": 0.01}, "hidden_prob": {"0": 0.1}, "weight_constraint": {"0": 7}, "loss": {"0": 0.33455318212509155}, "accuracy": {"0": 0.8613719344139099}, "val_loss": {"0": 0.264610230922699}, "val_accuracy": {"0": 0.8926227688789368}, "training_time": {"0": 516.645368}}