{"model_id": {"0": "512-256-128"}, "optimizer": {"0": "Adam"}, "learning_rate": {"0": 0.01}, "input_prob": {"0": 0.01}, "hidden_prob": {"0": 0.1}, "weight_constraint": {"0": 10}, "loss": {"0": 0.3307013213634491}, "accuracy": {"0": 0.8631982803344727}, "val_loss": {"0": 0.24987183511257172}, "val_accuracy": {"0": 0.897872269153595}, "training_time": {"0": 513.49691}}