{"model_id": {"0": "512-256-128"}, "optimizer": {"0": "Adam"}, "learning_rate": {"0": 0.001}, "input_prob": {"0": 0.01}, "hidden_prob": {"0": 0.1}, "weight_constraint": {"0": 4}, "loss": {"0": 0.2166893184185028}, "accuracy": {"0": 0.9109430909156799}, "val_loss": {"0": 0.16160455346107483}, "val_accuracy": {"0": 0.9355005025863647}, "training_time": {"0": 509.454905}}