{"model_id": {"0": "256-256-256"}, "optimizer": {"0": "Adam"}, "learning_rate": {"0": 0.01}, "input_prob": {"0": 0.01}, "hidden_prob": {"0": 0.1}, "weight_constraint": {"0": 10}, "loss": {"0": 0.3366043269634247}, "accuracy": {"0": 0.8617424368858337}, "val_loss": {"0": 0.24987991154193878}, "val_accuracy": {"0": 0.9000881910324097}, "training_time": {"0": 503.985627}}