{"model_id": {"0": "512-512"}, "optimizer": {"0": "Adam"}, "learning_rate": {"0": 0.001}, "input_prob": {"0": 0.01}, "hidden_prob": {"0": 0.1}, "weight_constraint": {"0": 1}, "loss": {"0": 0.2911597192287445}, "accuracy": {"0": 0.8803976774215698}, "val_loss": {"0": 0.2598975896835327}, "val_accuracy": {"0": 0.8947741985321045}, "training_time": {"0": 551.422648}}