{"model_id": {"0": "512-256-128"}, "optimizer": {"0": "Adam"}, "learning_rate": {"0": 0.001}, "input_prob": {"0": 0.01}, "hidden_prob": {"0": 0.1}, "weight_constraint": {"0": 33}, "loss": {"0": 0.21461191773414612}, "accuracy": {"0": 0.911798894405365}, "val_loss": {"0": 0.16006553173065186}, "val_accuracy": {"0": 0.9355005025863647}, "training_time": {"0": 515.843585}}