{"model_id": {"0": "512-512"}, "optimizer": {"0": "Adam"}, "learning_rate": {"0": 0.001}, "input_prob": {"0": 0.01}, "hidden_prob": {"0": 0.1}, "weight_constraint": {"0": 10}, "loss": {"0": 0.2304132878780365}, "accuracy": {"0": 0.9056816697120667}, "val_loss": {"0": 0.18065674602985382}, "val_accuracy": {"0": 0.9290677905082703}, "training_time": {"0": 514.699019}}