{"model_id": {"0": "512-256"}, "optimizer": {"0": "Adam"}, "learning_rate": {"0": 0.01}, "input_prob": {"0": 0.01}, "hidden_prob": {"0": 0.1}, "weight_constraint": {"0": 22}, "loss": {"0": 0.29263991117477417}, "accuracy": {"0": 0.8795514702796936}, "val_loss": {"0": 0.22023619711399078}, "val_accuracy": {"0": 0.9105871319770813}, "training_time": {"0": 471.153758}}