{"model_id": {"0": "512-256"}, "optimizer": {"0": "Adam"}, "learning_rate": {"0": 0.001}, "input_prob": {"0": 0.01}, "hidden_prob": {"0": 0.1}, "weight_constraint": {"0": 33}, "loss": {"0": 0.24920572340488434}, "accuracy": {"0": 0.8973054885864258}, "val_loss": {"0": 0.19546057283878326}, "val_accuracy": {"0": 0.9225274920463562}, "training_time": {"0": 463.053087}}