{"model_id": {"0": "256-256-256"}, "optimizer": {"0": "Adam"}, "learning_rate": {"0": 0.01}, "input_prob": {"0": 0.01}, "hidden_prob": {"0": 0.1}, "weight_constraint": {"0": 1}, "loss": {"0": 0.5544610619544983}, "accuracy": {"0": 0.7613786458969116}, "val_loss": {"0": 0.5101326107978821}, "val_accuracy": {"0": 0.7847292423248291}, "training_time": {"0": 497.633429}}