{"model_id": {"0": "256-256-256"}, "optimizer": {"0": "Adam"}, "learning_rate": {"0": 0.001}, "input_prob": {"0": 0.01}, "hidden_prob": {"0": 0.1}, "weight_constraint": {"0": 50}, "loss": {"0": 0.22784025967121124}, "accuracy": {"0": 0.9063414335250854}, "val_loss": {"0": 0.16054943203926086}, "val_accuracy": {"0": 0.9364471435546875}, "training_time": {"0": 493.892434}}