{"model_id": {"0": "512-256-128"}, "optimizer": {"0": "Adam"}, "learning_rate": {"0": 0.001}, "input_prob": {"0": 0.01}, "hidden_prob": {"0": 0.1}, "weight_constraint": {"0": 22}, "loss": {"0": 0.21551641821861267}, "accuracy": {"0": 0.9110219478607178}, "val_loss": {"0": 0.15893661975860596}, "val_accuracy": {"0": 0.9367698431015015}, "training_time": {"0": 513.003581}}