{"model_id": {"0": "512-256-128"}, "optimizer": {"0": "Adam"}, "learning_rate": {"0": 0.01}, "input_prob": {"0": 0.01}, "hidden_prob": {"0": 0.1}, "weight_constraint": {"0": 4}, "loss": {"0": 0.368480384349823}, "accuracy": {"0": 0.8464123606681824}, "val_loss": {"0": 0.30661943554878235}, "val_accuracy": {"0": 0.8737548589706421}, "training_time": {"0": 517.338267}}