{"model_id": {"0": "256-256-256"}, "optimizer": {"0": "Adam"}, "learning_rate": {"0": 0.001}, "input_prob": {"0": 0.01}, "hidden_prob": {"0": 0.1}, "weight_constraint": {"0": 7}, "loss": {"0": 0.23040133714675903}, "accuracy": {"0": 0.9052872657775879}, "val_loss": {"0": 0.1608043760061264}, "val_accuracy": {"0": 0.9358662962913513}, "training_time": {"0": 494.317875}}