{"model_id": {"0": "512-512"}, "optimizer": {"0": "Adam"}, "learning_rate": {"0": 0.001}, "input_prob": {"0": 0.01}, "hidden_prob": {"0": 0.1}, "weight_constraint": {"0": 50}, "loss": {"0": 0.23221585154533386}, "accuracy": {"0": 0.9051294922828674}, "val_loss": {"0": 0.18434201180934906}, "val_accuracy": {"0": 0.9268733263015747}, "training_time": {"0": 515.171294}}