{"model_id": {"0": "512-256-128"}, "optimizer": {"0": "Adam"}, "learning_rate": {"0": 0.001}, "input_prob": {"0": 0.01}, "hidden_prob": {"0": 0.1}, "weight_constraint": {"0": 1}, "loss": {"0": 0.27131208777427673}, "accuracy": {"0": 0.8889842629432678}, "val_loss": {"0": 0.23501430451869965}, "val_accuracy": {"0": 0.9040468335151672}, "training_time": {"0": 508.434059}}