{"model_id": {"0": "512-256-128"}, "optimizer": {"0": "Adam"}, "learning_rate": {"0": 0.01}, "input_prob": {"0": 0.01}, "hidden_prob": {"0": 0.1}, "weight_constraint": {"0": 22}, "loss": {"0": 0.3236594498157501}, "accuracy": {"0": 0.8669226169586182}, "val_loss": {"0": 0.23811206221580505}, "val_accuracy": {"0": 0.9025408029556274}, "training_time": {"0": 518.655834}}