{"model_id": {"0": "512-512"}, "optimizer": {"0": "Adam"}, "learning_rate": {"0": 0.001}, "input_prob": {"0": 0.01}, "hidden_prob": {"0": 0.1}, "weight_constraint": {"0": 22}, "loss": {"0": 0.2284867912530899}, "accuracy": {"0": 0.9065566062927246}, "val_loss": {"0": 0.1815224289894104}, "val_accuracy": {"0": 0.9285084009170532}, "training_time": {"0": 501.337383}}