{"model_id": {"0": "256-256-256"}, "optimizer": {"0": "Adam"}, "learning_rate": {"0": 0.001}, "input_prob": {"0": 0.01}, "hidden_prob": {"0": 0.1}, "weight_constraint": {"0": 33}, "loss": {"0": 0.22751684486865997}, "accuracy": {"0": 0.9059852361679077}, "val_loss": {"0": 0.1570802927017212}, "val_accuracy": {"0": 0.9372646808624268}, "training_time": {"0": 500.302556}}