{"model_id": {"0": "512-256"}, "optimizer": {"0": "Adam"}, "learning_rate": {"0": 0.001}, "input_prob": {"0": 0.01}, "hidden_prob": {"0": 0.1}, "weight_constraint": {"0": 10}, "loss": {"0": 0.25121110677719116}, "accuracy": {"0": 0.8963205814361572}, "val_loss": {"0": 0.1954360455274582}, "val_accuracy": {"0": 0.9221832752227783}, "training_time": {"0": 470.731002}}