{"model_id": {"0": "256-256-256"}, "optimizer": {"0": "Adam"}, "learning_rate": {"0": 0.001}, "input_prob": {"0": 0.01}, "hidden_prob": {"0": 0.1}, "weight_constraint": {"0": 15}, "loss": {"0": 0.23008260130882263}, "accuracy": {"0": 0.9053446054458618}, "val_loss": {"0": 0.16313175857067108}, "val_accuracy": {"0": 0.9351778030395508}, "training_time": {"0": 498.090308}}