{"model_id": {"0": "512-256-128"}, "optimizer": {"0": "Adam"}, "learning_rate": {"0": 0.01}, "input_prob": {"0": 0.01}, "hidden_prob": {"0": 0.1}, "weight_constraint": {"0": 15}, "loss": {"0": 0.3183554410934448}, "accuracy": {"0": 0.8689951300621033}, "val_loss": {"0": 0.2382187694311142}, "val_accuracy": {"0": 0.903853178024292}, "training_time": {"0": 523.13788}}