{"model_id": {"0": "256-256-256"}, "optimizer": {"0": "Adam"}, "learning_rate": {"0": 0.001}, "input_prob": {"0": 0.01}, "hidden_prob": {"0": 0.1}, "weight_constraint": {"0": 3}, "loss": {"0": 0.23241710662841797}, "accuracy": {"0": 0.9044482111930847}, "val_loss": {"0": 0.16883490979671478}, "val_accuracy": {"0": 0.9331985116004944}, "training_time": {"0": 489.632261}}