{"model_id": {"0": "512-256"}, "optimizer": {"0": "Adam"}, "learning_rate": {"0": 0.001}, "input_prob": {"0": 0.01}, "hidden_prob": {"0": 0.1}, "weight_constraint": {"0": 50}, "loss": {"0": 0.24885673820972443}, "accuracy": {"0": 0.897238552570343}, "val_loss": {"0": 0.1928129345178604}, "val_accuracy": {"0": 0.9238829016685486}, "training_time": {"0": 467.387585}}