{"model_id": {"0": "256-256-256"}, "optimizer": {"0": "Adam"}, "learning_rate": {"0": 0.005}, "input_prob": {"0": 0.01}, "hidden_prob": {"0": 0}, "weight_constraint": {"0": 0}, "loss": {"0": 0.15342804789543152}, "accuracy": {"0": 0.9383378624916077}, "val_loss": {"0": 0.15008287131786346}, "val_accuracy": {"0": 0.9416965842247009}, "training_time": {"0": 331.929854}}