{"model_id": {"0": "512-256"}, "optimizer": {"0": "Adam"}, "learning_rate": {"0": 0.005}, "input_prob": {"0": 0.0005}, "hidden_prob": {"0": 0}, "weight_constraint": {"0": 0}, "loss": {"0": 0.1398300975561142}, "accuracy": {"0": 0.945695698261261}, "val_loss": {"0": 0.1758871227502823}, "val_accuracy": {"0": 0.9329403638839722}, "training_time": {"0": 316.995638}}