{"model_id": {"0": "512-256"}, "optimizer": {"0": "Adam"}, "learning_rate": {"0": 0.005}, "input_prob": {"0": 0.001}, "hidden_prob": {"0": 0}, "weight_constraint": {"0": 0}, "loss": {"0": 0.14582854509353638}, "accuracy": {"0": 0.9431283473968506}, "val_loss": {"0": 0.16468703746795654}, "val_accuracy": {"0": 0.9363610744476318}, "training_time": {"0": 315.129959}}