{"model_id": {"0": "512-256"}, "optimizer": {"0": "Adam"}, "learning_rate": {"0": 0.005}, "input_prob": {"0": 0.2}, "hidden_prob": {"0": 0}, "weight_constraint": {"0": 0}, "loss": {"0": 0.42915859818458557}, "accuracy": {"0": 0.8113083243370056}, "val_loss": {"0": 1.4087141752243042}, "val_accuracy": {"0": 0.5910587310791016}, "training_time": {"0": 313.743882}}