{"model_id": {"0": "256-256-256"}, "optimizer": {"0": "Adam"}, "learning_rate": {"0": 0.005}, "input_prob": {"0": 0.5}, "hidden_prob": {"0": 0}, "weight_constraint": {"0": 0}, "loss": {"0": 0.6976732611656189}, "accuracy": {"0": 0.6847664713859558}, "val_loss": {"0": 3.1293625831604004}, "val_accuracy": {"0": 0.3899873197078705}, "training_time": {"0": 330.029961}}