{"model_id": {"0": "512-256-128"}, "optimizer": {"0": "Adam"}, "learning_rate": {"0": 0.005}, "input_prob": {"0": 0.002}, "hidden_prob": {"0": 0}, "weight_constraint": {"0": 0}, "loss": {"0": 0.13356450200080872}, "accuracy": {"0": 0.9469626545906067}, "val_loss": {"0": 0.15045756101608276}, "val_accuracy": {"0": 0.9416965842247009}, "training_time": {"0": 341.750969}}