{"model_id": {"0": "512-256"}, "optimizer": {"0": "Adam"}, "learning_rate": {"0": 0.005}, "input_prob": {"0": 0.005}, "hidden_prob": {"0": 0}, "weight_constraint": {"0": 0}, "loss": {"0": 0.17016686499118805}, "accuracy": {"0": 0.9337218403816223}, "val_loss": {"0": 0.16494323313236237}, "val_accuracy": {"0": 0.9365332126617432}, "training_time": {"0": 314.76451}}