{"model_id": {"0": "512-256"}, "optimizer": {"0": "Adam"}, "learning_rate": {"0": 0.005}, "input_prob": {"0": 0.05}, "hidden_prob": {"0": 0}, "weight_constraint": {"0": 0}, "loss": {"0": 0.25818002223968506}, "accuracy": {"0": 0.8929667472839355}, "val_loss": {"0": 0.28797268867492676}, "val_accuracy": {"0": 0.8842107653617859}, "training_time": {"0": 313.648187}}