{"model_id": {"0": "512-512"}, "optimizer": {"0": "Adam"}, "learning_rate": {"0": 0.005}, "input_prob": {"0": 0.01}, "hidden_prob": {"0": 0}, "weight_constraint": {"0": 0}, "loss": {"0": 0.16573789715766907}, "accuracy": {"0": 0.934395968914032}, "val_loss": {"0": 0.1550370305776596}, "val_accuracy": {"0": 0.9384909868240356}, "training_time": {"0": 345.877104}}