{"model_id": {"0": "256-256-256"}, "optimizer": {"0": "Adam"}, "learning_rate": {"0": 0.005}, "input_prob": {"0": 0.2}, "hidden_prob": {"0": 0}, "weight_constraint": {"0": 0}, "loss": {"0": 0.3943321406841278}, "accuracy": {"0": 0.828957200050354}, "val_loss": {"0": 1.7099977731704712}, "val_accuracy": {"0": 0.610873281955719}, "training_time": {"0": 325.204017}}