{"model_id": {"0": "256-256-256"}, "optimizer": {"0": "Adam"}, "learning_rate": {"0": 0.005}, "input_prob": {"0": 0.001}, "hidden_prob": {"0": 0}, "weight_constraint": {"0": 0}, "loss": {"0": 0.120899498462677}, "accuracy": {"0": 0.9527069926261902}, "val_loss": {"0": 0.14550277590751648}, "val_accuracy": {"0": 0.9464512467384338}, "training_time": {"0": 325.400838}}