{"model_id": {"0": "512-256-128"}, "optimizer": {"0": "Adam"}, "learning_rate": {"0": 0.005}, "input_prob": {"0": 0.005}, "hidden_prob": {"0": 0}, "weight_constraint": {"0": 0}, "loss": {"0": 0.14100804924964905}, "accuracy": {"0": 0.9438550472259521}, "val_loss": {"0": 0.14305058121681213}, "val_accuracy": {"0": 0.9442567825317383}, "training_time": {"0": 336.92517}}