{"model_id": {"0": "512-256-128"}, "optimizer": {"0": "Adam"}, "learning_rate": {"0": 0.005}, "input_prob": {"0": 0.2}, "hidden_prob": {"0": 0}, "weight_constraint": {"0": 0}, "loss": {"0": 0.4077046513557434}, "accuracy": {"0": 0.8219937682151794}, "val_loss": {"0": 1.606226921081543}, "val_accuracy": {"0": 0.5961790680885315}, "training_time": {"0": 333.634033}}