{"model_id": {"0": "512-256-128"}, "optimizer": {"0": "Adam"}, "learning_rate": {"0": 0.005}, "input_prob": {"0": 0.05}, "hidden_prob": {"0": 0}, "weight_constraint": {"0": 0}, "loss": {"0": 0.23095735907554626}, "accuracy": {"0": 0.903766930103302}, "val_loss": {"0": 0.3506327271461487}, "val_accuracy": {"0": 0.8713667988777161}, "training_time": {"0": 335.618218}}