{"model_id": {"0": "256-256-256"}, "optimizer": {"0": "Adam"}, "learning_rate": {"0": 0.005}, "input_prob": {"0": 0.0002}, "hidden_prob": {"0": 0}, "weight_constraint": {"0": 0}, "loss": {"0": 0.11236511915922165}, "accuracy": {"0": 0.9559484720230103}, "val_loss": {"0": 0.14906036853790283}, "val_accuracy": {"0": 0.9445364475250244}, "training_time": {"0": 324.66625}}