{"model_id": {"0": "256-256-256"}, "optimizer": {"0": "Adam"}, "learning_rate": {"0": 0.005}, "input_prob": {"0": 0.005}, "hidden_prob": {"0": 0}, "weight_constraint": {"0": 0}, "loss": {"0": 0.1447768360376358}, "accuracy": {"0": 0.9421434998512268}, "val_loss": {"0": 0.15302900969982147}, "val_accuracy": {"0": 0.9413954019546509}, "training_time": {"0": 324.901077}}