{"model_id": {"0": "512-256"}, "optimizer": {"0": "Adam"}, "learning_rate": {"0": 0.005}, "input_prob": {"0": 0.002}, "hidden_prob": {"0": 0}, "weight_constraint": {"0": 0}, "loss": {"0": 0.16018328070640564}, "accuracy": {"0": 0.93763267993927}, "val_loss": {"0": 0.16750198602676392}, "val_accuracy": {"0": 0.9343817830085754}, "training_time": {"0": 313.587051}}