{"model_id": {"0": "256-256-256"}, "optimizer": {"0": "Adam"}, "learning_rate": {"0": 0.005}, "input_prob": {"0": 0.05}, "hidden_prob": {"0": 0}, "weight_constraint": {"0": 0}, "loss": {"0": 0.22772464156150818}, "accuracy": {"0": 0.9054999947547913}, "val_loss": {"0": 0.32706791162490845}, "val_accuracy": {"0": 0.8824681043624878}, "training_time": {"0": 326.284446}}