{"model_id": {"0": "512-512"}, "optimizer": {"0": "Adam"}, "learning_rate": {"0": 0.005}, "input_prob": {"0": 0.0001}, "hidden_prob": {"0": 0}, "weight_constraint": {"0": 0}, "loss": {"0": 0.12009631097316742}, "accuracy": {"0": 0.9527667164802551}, "val_loss": {"0": 0.16165640950202942}, "val_accuracy": {"0": 0.940491795539856}, "training_time": {"0": 347.898051}}