{"model_id": {"0": "512-256"}, "optimizer": {"0": "Adam"}, "learning_rate": {"0": 0.005}, "input_prob": {"0": 0.02}, "hidden_prob": {"0": 0}, "weight_constraint": {"0": 0}, "loss": {"0": 0.21638426184654236}, "accuracy": {"0": 0.9131972789764404}, "val_loss": {"0": 0.18533720076084137}, "val_accuracy": {"0": 0.9247649312019348}, "training_time": {"0": 314.379979}}