{"model_id": {"0": "512-512"}, "optimizer": {"0": "Adam"}, "learning_rate": {"0": 0.005}, "input_prob": {"0": 0.05}, "hidden_prob": {"0": 0}, "weight_constraint": {"0": 0}, "loss": {"0": 0.23235979676246643}, "accuracy": {"0": 0.9034322500228882}, "val_loss": {"0": 0.2727603018283844}, "val_accuracy": {"0": 0.8887932896614075}, "training_time": {"0": 344.115712}}