{"model_id": {"0": "256-256-256"}, "optimizer": {"0": "Adam"}, "learning_rate": {"0": 0.005}, "input_prob": {"0": 0.0001}, "hidden_prob": {"0": 0}, "weight_constraint": {"0": 0}, "loss": {"0": 0.11387009173631668}, "accuracy": {"0": 0.9546934366226196}, "val_loss": {"0": 0.1489306092262268}, "val_accuracy": {"0": 0.944342851638794}, "training_time": {"0": 467.925803}}