{"model_id": {"0": "512-256"}, "optimizer": {"0": "Adam"}, "learning_rate": {"0": 0.005}, "input_prob": {"0": 0.0002}, "hidden_prob": {"0": 0}, "weight_constraint": {"0": 0}, "loss": {"0": 0.13763141632080078}, "accuracy": {"0": 0.9458965063095093}, "val_loss": {"0": 0.17419038712978363}, "val_accuracy": {"0": 0.9343172311782837}, "training_time": {"0": 313.531983}}