{"model_id": {"0": "512-256-128"}, "optimizer": {"0": "Adam"}, "learning_rate": {"0": 0.005}, "input_prob": {"0": 0.0001}, "hidden_prob": {"0": 0}, "weight_constraint": {"0": 0}, "loss": {"0": 0.11636123061180115}, "accuracy": {"0": 0.9537970423698425}, "val_loss": {"0": 0.15470178425312042}, "val_accuracy": {"0": 0.9412233233451843}, "training_time": {"0": 342.037383}}