{"model_id": {"0": "512-256"}, "optimizer": {"0": "Adagrad"}, "learning_rate": {"0": 0.005}, "loss": {"0": 0.6178703904151917}, "accuracy": {"0": 0.7377105951309204}, "val_loss": {"0": 0.6187081933021545}, "val_accuracy": {"0": 0.7372044324874878}, "training_time": {"0": 224.523064}}