{"model_id": {"0": "512-256"}, "optimizer": {"0": "Adamax"}, "learning_rate": {"0": 0.0005}, "loss": {"0": 0.3792233467102051}, "accuracy": {"0": 0.8422960042953491}, "val_loss": {"0": 0.3821532130241394}, "val_accuracy": {"0": 0.8406875729560852}, "training_time": {"0": 228.198267}}