{"model_id": {"0": "512-256"}, "optimizer": {"0": "RMSprop"}, "learning_rate": {"0": 0.0001}, "loss": {"0": 0.46192654967308044}, "accuracy": {"0": 0.8017560243606567}, "val_loss": {"0": 0.46196436882019043}, "val_accuracy": {"0": 0.8020481467247009}, "training_time": {"0": 245.058381}}