{"model_id": {"0": "512-512"}, "optimizer": {"0": "Ftrl"}, "learning_rate": {"0": 0.001}, "loss": {"0": 1.1001476049423218}, "accuracy": {"0": 0.4874858856201172}, "val_loss": {"0": 1.0968900918960571}, "val_accuracy": {"0": 0.4886082410812378}, "training_time": {"0": 264.476918}}