{"model_id": {"0": "512-512"}, "optimizer": {"0": "Nadam"}, "learning_rate": {"0": 0.01}, "loss": {"0": 0.09630338847637177}, "accuracy": {"0": 0.9616616368293762}, "val_loss": {"0": 0.14689169824123383}, "val_accuracy": {"0": 0.9490974545478821}, "training_time": {"0": 309.087477}}