{"model_id": {"0": "512-512"}, "optimizer": {"0": "Nadam"}, "learning_rate": {"0": 0.0001}, "loss": {"0": 0.4042138159275055}, "accuracy": {"0": 0.8308624029159546}, "val_loss": {"0": 0.4109002947807312}, "val_accuracy": {"0": 0.8283169269561768}, "training_time": {"0": 303.368505}}