{"model_id": {"0": "512-512"}, "optimizer": {"0": "RMSprop"}, "learning_rate": {"0": 0.0001}, "loss": {"0": 0.449785977602005}, "accuracy": {"0": 0.8062692284584045}, "val_loss": {"0": 0.4535519778728485}, "val_accuracy": {"0": 0.8051247000694275}, "training_time": {"0": 275.042207}}