{"model_id": {"0": "512-256"}, "optimizer": {"0": "Ftrl"}, "learning_rate": {"0": 0.001}, "loss": {"0": 1.0930595397949219}, "accuracy": {"0": 0.4874858856201172}, "val_loss": {"0": 1.0898241996765137}, "val_accuracy": {"0": 0.4886082410812378}, "training_time": {"0": 234.288777}}