{"model_id": {"0": "512-512"}, "optimizer": {"0": "Adadelta"}, "learning_rate": {"0": 0.0001}, "loss": {"0": 1.2171679735183716}, "accuracy": {"0": 0.4874858856201172}, "val_loss": {"0": 1.2142062187194824}, "val_accuracy": {"0": 0.4886082410812378}, "training_time": {"0": 256.870307}}