{"model_id": {"0": "512-256"}, "optimizer": {"0": "Adamax"}, "learning_rate": {"0": 0.01}, "loss": {"0": 0.17572136223316193}, "accuracy": {"0": 0.928190290927887}, "val_loss": {"0": 0.1921328753232956}, "val_accuracy": {"0": 0.9244207143783569}, "training_time": {"0": 227.876088}}