{"model_id": {"0": "256-256-256"}, "optimizer": {"0": "Nadam"}, "learning_rate": {"0": 0.01}, "loss": {"0": 0.08996979147195816}, "accuracy": {"0": 0.9639517068862915}, "val_loss": {"0": 0.14145267009735107}, "val_accuracy": {"0": 0.9504743814468384}, "training_time": {"0": 288.187374}}