{"model_id": {"0": "512-256"}, "optimizer": {"0": "Adagrad"}, "learning_rate": {"0": 0.0001}, "loss": {"0": 1.101049542427063}, "accuracy": {"0": 0.5595872402191162}, "val_loss": {"0": 1.0979684591293335}, "val_accuracy": {"0": 0.5600568056106567}, "training_time": {"0": 224.962941}}