{"model_id": {"0": "512-256"}, "optimizer": {"0": "Adagrad"}, "learning_rate": {"0": 0.01}, "loss": {"0": 0.5709822773933411}, "accuracy": {"0": 0.7585387825965881}, "val_loss": {"0": 0.5713051557540894}, "val_accuracy": {"0": 0.7579441070556641}, "training_time": {"0": 224.464791}}