{"model_id": {"0": "256-256-256"}, "optimizer": {"0": "RMSprop"}, "learning_rate": {"0": 0.0005}, "loss": {"0": 0.2449204921722412}, "accuracy": {"0": 0.8994258046150208}, "val_loss": {"0": 0.241996169090271}, "val_accuracy": {"0": 0.9017017483711243}, "training_time": {"0": 253.704654}}