{"model_id": {"0": "512-512"}, "optimizer": {"0": "Adam"}, "learning_rate": {"0": 0.0005}, "loss": {"0": 0.2925906479358673}, "accuracy": {"0": 0.8804550766944885}, "val_loss": {"0": 0.3046156167984009}, "val_accuracy": {"0": 0.8730664253234863}, "training_time": {"0": 260.109668}}