{"model_id": {"0": "256-256-256"}, "optimizer": {"0": "Adadelta"}, "learning_rate": {"0": 0.001}, "loss": {"0": 0.8914251327514648}, "accuracy": {"0": 0.6281889081001282}, "val_loss": {"0": 0.8879586458206177}, "val_accuracy": {"0": 0.6287299990653992}, "training_time": {"0": 227.440353}}