{"model_id": {"0": "512-256"}, "optimizer": {"0": "Adam"}, "learning_rate": {"0": 0.0005}, "loss": {"0": 0.33079320192337036}, "accuracy": {"0": 0.8640468716621399}, "val_loss": {"0": 0.3427218496799469}, "val_accuracy": {"0": 0.8603730797767639}, "training_time": {"0": 227.184812}}