{"model_id": {"0": "512-256"}, "optimizer": {"0": "Nadam"}, "learning_rate": {"0": 0.01}, "loss": {"0": 0.10775377601385117}, "accuracy": {"0": 0.9569213390350342}, "val_loss": {"0": 0.16195189952850342}, "val_accuracy": {"0": 0.9418687224388123}, "training_time": {"0": 277.399856}}