{"model_id": {"0": "256-256-256"}, "optimizer": {"0": "Adamax"}, "learning_rate": {"0": 0.01}, "loss": {"0": 0.13445541262626648}, "accuracy": {"0": 0.9456144571304321}, "val_loss": {"0": 0.16977807879447937}, "val_accuracy": {"0": 0.934812068939209}, "training_time": {"0": 229.278067}}