{"model_id": {"0": "512-512"}, "optimizer": {"0": "SGD"}, "learning_rate": {"0": 0.01}, "loss": {"0": 0.6423529982566833}, "accuracy": {"0": 0.7305105328559875}, "val_loss": {"0": 0.6423050165176392}, "val_accuracy": {"0": 0.729072093963623}, "training_time": {"0": 254.732871}}