{"model_id": {"0": "512-512"}, "optimizer": {"0": "Adadelta"}, "learning_rate": {"0": 0.0005}, "loss": {"0": 1.0113040208816528}, "accuracy": {"0": 0.5766934156417847}, "val_loss": {"0": 1.0078485012054443}, "val_accuracy": {"0": 0.5771605372428894}, "training_time": {"0": 257.390215}}