{"model_id": {"0": "512-512"}, "optimizer": {"0": "Ftrl"}, "learning_rate": {"0": 0.0001}, "loss": {"0": 1.9179762601852417}, "accuracy": {"0": 0.4874858856201172}, "val_loss": {"0": 1.917870044708252}, "val_accuracy": {"0": 0.4886082410812378}, "training_time": {"0": 264.159905}}