{"model_id": {"0": "512-512"}, "optimizer": {"0": "RMSprop"}, "learning_rate": {"0": 0.01}, "loss": {"0": 0.16357187926769257}, "accuracy": {"0": 0.936162531375885}, "val_loss": {"0": 0.1922522783279419}, "val_accuracy": {"0": 0.9327897429466248}, "training_time": {"0": 275.632879}}