{"model_id": {"0": "256-256-256"}, "optimizer": {"0": "SGD"}, "learning_rate": {"0": 0.01}, "loss": {"0": 0.6151109337806702}, "accuracy": {"0": 0.7393695712089539}, "val_loss": {"0": 0.616254985332489}, "val_accuracy": {"0": 0.7382586598396301}, "training_time": {"0": 222.375692}}