{"model_id": {"0": "256-256-256"}, "optimizer": {"0": "RMSprop"}, "learning_rate": {"0": 0.01}, "loss": {"0": 0.19696995615959167}, "accuracy": {"0": 0.9249727725982666}, "val_loss": {"0": 0.22842589020729065}, "val_accuracy": {"0": 0.922333836555481}, "training_time": {"0": 248.963031}}