{"model_id": {"0": "512-256"}, "optimizer": {"0": "Nadam"}, "learning_rate": {"0": 0.005}, "loss": {"0": 0.1013498604297638}, "accuracy": {"0": 0.9593524932861328}, "val_loss": {"0": 0.14245255291461945}, "val_accuracy": {"0": 0.9478926658630371}, "training_time": {"0": 269.012645}}