{"model_id": {"0": "256-256-256"}, "optimizer": {"0": "Adagrad"}, "learning_rate": {"0": 0.01}, "loss": {"0": 0.5463881492614746}, "accuracy": {"0": 0.7676057815551758}, "val_loss": {"0": 0.5449957251548767}, "val_accuracy": {"0": 0.7680557370185852}, "training_time": {"0": 227.326677}}