{"model_id": {"0": "512-512"}, "optimizer": {"0": "Adam"}, "learning_rate": {"0": 0.001}, "loss": {"0": 0.24376963078975677}, "accuracy": {"0": 0.9016345739364624}, "val_loss": {"0": 0.2621554732322693}, "val_accuracy": {"0": 0.8923000693321228}, "training_time": {"0": 256.132988}}