{"model_id": {"0": "512-256"}, "optimizer": {"0": "Adagrad"}, "learning_rate": {"0": 0.0005}, "loss": {"0": 0.819100558757782}, "accuracy": {"0": 0.6545150876045227}, "val_loss": {"0": 0.8163232803344727}, "val_accuracy": {"0": 0.6544824838638306}, "training_time": {"0": 226.128083}}