{"model_id": {"0": "512-512"}, "optimizer": {"0": "Nadam"}, "learning_rate": {"0": 0.0005}, "loss": {"0": 0.259117066860199}, "accuracy": {"0": 0.8965166211128235}, "val_loss": {"0": 0.2739621102809906}, "val_accuracy": {"0": 0.8869215250015259}, "training_time": {"0": 308.035714}}