{"model_id": {"0": "512-256-128"}, "optimizer": {"0": "SGD"}, "learning_rate": {"0": 0.001}, "loss": {"0": 0.8371806144714355}, "accuracy": {"0": 0.65203857421875}, "val_loss": {"0": 0.8335986137390137}, "val_accuracy": {"0": 0.6516211032867432}, "training_time": {"0": 238.168775}}