{"model_id": {"0": "512-256-128"}, "optimizer": {"0": "Adamax"}, "learning_rate": {"0": 0.0005}, "loss": {"0": 0.33216744661331177}, "accuracy": {"0": 0.863996684551239}, "val_loss": {"0": 0.34150099754333496}, "val_accuracy": {"0": 0.8605236411094666}, "training_time": {"0": 241.542265}}