{"model_id": {"0": "512-512"}, "optimizer": {"0": "Adadelta"}, "learning_rate": {"0": 0.001}, "loss": {"0": 0.8937045931816101}, "accuracy": {"0": 0.6295179724693298}, "val_loss": {"0": 0.8904866576194763}, "val_accuracy": {"0": 0.6296981573104858}, "training_time": {"0": 256.901779}}