{"model_id": {"0": "512-512"}, "optimizer": {"0": "Adamax"}, "learning_rate": {"0": 0.01}, "loss": {"0": 0.14480358362197876}, "accuracy": {"0": 0.9410032033920288}, "val_loss": {"0": 0.16595804691314697}, "val_accuracy": {"0": 0.9341236352920532}, "training_time": {"0": 260.576677}}