{"model_id": {"0": "512-256-128"}, "optimizer": {"0": "Adadelta"}, "learning_rate": {"0": 0.01}, "loss": {"0": 0.6270353198051453}, "accuracy": {"0": 0.7350715398788452}, "val_loss": {"0": 0.6278805732727051}, "val_accuracy": {"0": 0.7333104014396667}, "training_time": {"0": 241.220121}}