{"model_id": {"0": "512-256-128"}, "optimizer": {"0": "Nadam"}, "learning_rate": {"0": 0.005}, "loss": {"0": 0.08147057145833969}, "accuracy": {"0": 0.9670091271400452}, "val_loss": {"0": 0.12880563735961914}, "val_accuracy": {"0": 0.9547126889228821}, "training_time": {"0": 302.118074}}