{"model_id": {"0": "512-256-128"}, "optimizer": {"0": "Adadelta"}, "learning_rate": {"0": 0.001}, "loss": {"0": 0.8627332448959351}, "accuracy": {"0": 0.6390822529792786}, "val_loss": {"0": 0.8594576120376587}, "val_accuracy": {"0": 0.6360233426094055}, "training_time": {"0": 242.09827}}