{"model_id": {"0": "512-512"}, "optimizer": {"0": "Adamax"}, "learning_rate": {"0": 0.001}, "loss": {"0": 0.31043025851249695}, "accuracy": {"0": 0.8742780685424805}, "val_loss": {"0": 0.32107993960380554}, "val_accuracy": {"0": 0.8677524328231812}, "training_time": {"0": 259.375179}}