{"model_id": {"0": "512-256-128"}, "optimizer": {"0": "Adam"}, "learning_rate": {"0": 0.01}, "loss": {"0": 0.1420273333787918}, "accuracy": {"0": 0.9423753619194031}, "val_loss": {"0": 0.1748042106628418}, "val_accuracy": {"0": 0.9315849542617798}, "training_time": {"0": 244.044032}}