{"model_id": {"0": "512-256-128"}, "optimizer": {"0": "Adagrad"}, "learning_rate": {"0": 0.0005}, "loss": {"0": 0.7861002087593079}, "accuracy": {"0": 0.6681933999061584}, "val_loss": {"0": 0.783475935459137}, "val_accuracy": {"0": 0.6661646962165833}, "training_time": {"0": 238.650464}}