{"model_id": {"0": "512-512"}, "optimizer": {"0": "RMSprop"}, "learning_rate": {"0": 0.0005}, "loss": {"0": 0.28542929887771606}, "accuracy": {"0": 0.8826447129249573}, "val_loss": {"0": 0.28571808338165283}, "val_accuracy": {"0": 0.8813709020614624}, "training_time": {"0": 275.644399}}