{"model_id": {"0": "512-256-128"}, "optimizer": {"0": "RMSprop"}, "learning_rate": {"0": 0.01}, "loss": {"0": 0.17968523502349854}, "accuracy": {"0": 0.931429386138916}, "val_loss": {"0": 0.2723698616027832}, "val_accuracy": {"0": 0.9080914855003357}, "training_time": {"0": 263.184311}}