{"model_id": {"0": "512-512"}, "optimizer": {"0": "SGD"}, "learning_rate": {"0": 0.0001}, "loss": {"0": 1.15952730178833}, "accuracy": {"0": 0.4900891184806824}, "val_loss": {"0": 1.1568833589553833}, "val_accuracy": {"0": 0.4908887445926666}, "training_time": {"0": 254.380968}}