{"model_id": {"0": "512-256-128"}, "optimizer": {"0": "Adadelta"}, "learning_rate": {"0": 0.0005}, "loss": {"0": 0.9896467924118042}, "accuracy": {"0": 0.6121727228164673}, "val_loss": {"0": 0.9855908751487732}, "val_accuracy": {"0": 0.6121211051940918}, "training_time": {"0": 241.848856}}