{"model_id": {"0": "512-512"}, "optimizer": {"0": "Ftrl"}, "learning_rate": {"0": 0.005}, "loss": {"0": 0.9781355261802673}, "accuracy": {"0": 0.5324434638023376}, "val_loss": {"0": 0.9754056334495544}, "val_accuracy": {"0": 0.534390389919281}, "training_time": {"0": 266.984298}}