{"model_id": {"0": "512-512"}, "optimizer": {"0": "Adam"}, "learning_rate": {"0": 0.01}, "loss": {"0": 0.13843950629234314}, "accuracy": {"0": 0.9443546533584595}, "val_loss": {"0": 0.17719262838363647}, "val_accuracy": {"0": 0.9326821565628052}, "training_time": {"0": 259.549498}}