{"model_id": {"0": "512-512"}, "optimizer": {"0": "SGD"}, "learning_rate": {"0": 0.0005}, "loss": {"0": 0.9883258938789368}, "accuracy": {"0": 0.607764720916748}, "val_loss": {"0": 0.985114574432373}, "val_accuracy": {"0": 0.6075385808944702}, "training_time": {"0": 253.409885}}