{"model_id": {"0": "512-512"}, "optimizer": {"0": "Adamax"}, "learning_rate": {"0": 0.005}, "loss": {"0": 0.19306732714176178}, "accuracy": {"0": 0.9218508005142212}, "val_loss": {"0": 0.211972177028656}, "val_accuracy": {"0": 0.9137281775474548}, "training_time": {"0": 259.443}}