{"model_id": {"0": "512-256-128"}, "optimizer": {"0": "Adam"}, "learning_rate": {"0": 0.0001}, "loss": {"0": 0.3778361678123474}, "accuracy": {"0": 0.8425613641738892}, "val_loss": {"0": 0.3849172294139862}, "val_accuracy": {"0": 0.8407951593399048}, "training_time": {"0": 240.522432}}