{"model_id": {"0": "512-256-128"}, "optimizer": {"0": "Adamax"}, "learning_rate": {"0": 0.01}, "loss": {"0": 0.13001152873039246}, "accuracy": {"0": 0.9469770193099976}, "val_loss": {"0": 0.16374261677265167}, "val_accuracy": {"0": 0.9367268085479736}, "training_time": {"0": 245.646977}}