{"model_id": {"0": "512-512"}, "optimizer": {"0": "Adagrad"}, "learning_rate": {"0": 0.001}, "loss": {"0": 0.7229593396186829}, "accuracy": {"0": 0.7062113881111145}, "val_loss": {"0": 0.7214998602867126}, "val_accuracy": {"0": 0.7052774429321289}, "training_time": {"0": 254.989065}}