{"model_id": {"0": "512-256-128"}, "optimizer": {"0": "Ftrl"}, "learning_rate": {"0": 0.001}, "loss": {"0": 1.2144205570220947}, "accuracy": {"0": 0.4874858856201172}, "val_loss": {"0": 1.2119027376174927}, "val_accuracy": {"0": 0.4886082410812378}, "training_time": {"0": 249.445071}}