{"model_id": {"0": "512-256"}, "optimizer": {"0": "RMSprop"}, "learning_rate": {"0": 0.01}, "loss": {"0": 0.15905606746673584}, "accuracy": {"0": 0.937343418598175}, "val_loss": {"0": 0.1954553723335266}, "val_accuracy": {"0": 0.9282072186470032}, "training_time": {"0": 242.354822}}