{"model_id": {"0": "512-256-128"}, "optimizer": {"0": "RMSprop"}, "learning_rate": {"0": 0.0001}, "loss": {"0": 0.4421424865722656}, "accuracy": {"0": 0.8091378211975098}, "val_loss": {"0": 0.4607445299625397}, "val_accuracy": {"0": 0.8004991412162781}, "training_time": {"0": 262.797212}}