{"model_id": {"0": "256-256-256"}, "optimizer": {"0": "Ftrl"}, "learning_rate": {"0": 0.0001}, "loss": {"0": 1.917912244796753}, "accuracy": {"0": 0.4874858856201172}, "val_loss": {"0": 1.917804479598999}, "val_accuracy": {"0": 0.4886082410812378}, "training_time": {"0": 240.280987}}