{"model_id": {"0": "512-256"}, "optimizer": {"0": "Nadam"}, "learning_rate": {"0": 0.001}, "loss": {"0": 0.21166498959064484}, "accuracy": {"0": 0.9154061079025269}, "val_loss": {"0": 0.2254829704761505}, "val_accuracy": {"0": 0.9094038605690002}, "training_time": {"0": 272.694435}}