{"model_id": {"0": "512-512"}, "optimizer": {"0": "Adadelta"}, "learning_rate": {"0": 0.005}, "loss": {"0": 0.6961022019386292}, "accuracy": {"0": 0.7138513326644897}, "val_loss": {"0": 0.6946365833282471}, "val_accuracy": {"0": 0.7139691710472107}, "training_time": {"0": 259.092271}}