{"model_id": {"0": "512-256-128"}, "optimizer": {"0": "Adamax"}, "learning_rate": {"0": 0.001}, "loss": {"0": 0.2751238942146301}, "accuracy": {"0": 0.8880519866943359}, "val_loss": {"0": 0.2784579396247864}, "val_accuracy": {"0": 0.8893956542015076}, "training_time": {"0": 245.328216}}