{"model_id": {"0": "512-256-128"}, "optimizer": {"0": "Adagrad"}, "learning_rate": {"0": 0.005}, "loss": {"0": 0.5854848623275757}, "accuracy": {"0": 0.750588059425354}, "val_loss": {"0": 0.5856048464775085}, "val_accuracy": {"0": 0.7498117685317993}, "training_time": {"0": 240.556744}}