{"model_id": {"0": "256-256-256"}, "optimizer": {"0": "Adadelta"}, "learning_rate": {"0": 0.0005}, "loss": {"0": 1.0255542993545532}, "accuracy": {"0": 0.5601800680160522}, "val_loss": {"0": 1.0216577053070068}, "val_accuracy": {"0": 0.5601859092712402}, "training_time": {"0": 228.392113}}