{"model_id": {"0": "512-256"}, "optimizer": {"0": "Ftrl"}, "learning_rate": {"0": 0.0005}, "loss": {"0": 1.1889252662658691}, "accuracy": {"0": 0.4874858856201172}, "val_loss": {"0": 1.185227632522583}, "val_accuracy": {"0": 0.4886082410812378}, "training_time": {"0": 233.402102}}