{"model_id": {"0": "512-256"}, "optimizer": {"0": "Ftrl"}, "learning_rate": {"0": 0.005}, "loss": {"0": 0.9778677225112915}, "accuracy": {"0": 0.5324745178222656}, "val_loss": {"0": 0.9751375913619995}, "val_accuracy": {"0": 0.5343473553657532}, "training_time": {"0": 234.99645}}