{"model_id": {"0": "512-256"}, "optimizer": {"0": "Adam"}, "learning_rate": {"0": 0.0001}, "loss": {"0": 0.4304845631122589}, "accuracy": {"0": 0.8187499046325684}, "val_loss": {"0": 0.4347657263278961}, "val_accuracy": {"0": 0.8157526850700378}, "training_time": {"0": 227.322121}}