{"model_id": {"0": "512-256"}, "optimizer": {"0": "Adadelta"}, "learning_rate": {"0": 0.01}, "loss": {"0": 0.6573548913002014}, "accuracy": {"0": 0.7245104312896729}, "val_loss": {"0": 0.6568454504013062}, "val_accuracy": {"0": 0.7239301800727844}, "training_time": {"0": 225.739999}}