{"model_id": {"0": "512-256"}, "optimizer": {"0": "Adadelta"}, "learning_rate": {"0": 0.0001}, "loss": {"0": 1.2690244913101196}, "accuracy": {"0": 0.49147796630859375}, "val_loss": {"0": 1.2658627033233643}, "val_accuracy": {"0": 0.49155569076538086}, "training_time": {"0": 226.068236}}