{"model_id": {"0": "512-256"}, "optimizer": {"0": "SGD"}, "learning_rate": {"0": 0.01}, "loss": {"0": 0.6392049789428711}, "accuracy": {"0": 0.7309336066246033}, "val_loss": {"0": 0.639898955821991}, "val_accuracy": {"0": 0.7300187349319458}, "training_time": {"0": 222.868535}}