{"model_id": {"0": "512-512"}, "optimizer": {"0": "Adadelta"}, "learning_rate": {"0": 0.01}, "loss": {"0": 0.6544364094734192}, "accuracy": {"0": 0.7262459397315979}, "val_loss": {"0": 0.6546272039413452}, "val_accuracy": {"0": 0.7261031270027161}, "training_time": {"0": 260.080622}}