{"model_id": {"0": "512-256"}, "optimizer": {"0": "Adadelta"}, "learning_rate": {"0": 0.0005}, "loss": {"0": 1.0195345878601074}, "accuracy": {"0": 0.5881485342979431}, "val_loss": {"0": 1.0158660411834717}, "val_accuracy": {"0": 0.5886276364326477}, "training_time": {"0": 225.293235}}