{"model_id": {"0": "512-256-128"}, "optimizer": {"0": "Adadelta"}, "learning_rate": {"0": 0.0001}, "loss": {"0": 1.255334496498108}, "accuracy": {"0": 0.4874858856201172}, "val_loss": {"0": 1.2510921955108643}, "val_accuracy": {"0": 0.4886082410812378}, "training_time": {"0": 246.420395}}