{"model_id": {"0": "256-256-256"}, "optimizer": {"0": "Nadam"}, "learning_rate": {"0": 0.0005}, "loss": {"0": 0.2308209091424942}, "accuracy": {"0": 0.9081653356552124}, "val_loss": {"0": 0.2377021163702011}, "val_accuracy": {"0": 0.9045631289482117}, "training_time": {"0": 286.806754}}