{"model_id": {"0": "512-256"}, "optimizer": {"0": "Adagrad"}, "learning_rate": {"0": 0.001}, "loss": {"0": 0.7244841456413269}, "accuracy": {"0": 0.7017937898635864}, "val_loss": {"0": 0.7226939797401428}, "val_accuracy": {"0": 0.7024375796318054}, "training_time": {"0": 224.402768}}