{"model_id": {"0": "256-256-256"}, "optimizer": {"0": "Ftrl"}, "learning_rate": {"0": 0.005}, "loss": {"0": 1.2053688764572144}, "accuracy": {"0": 0.4874858856201172}, "val_loss": {"0": 1.2033634185791016}, "val_accuracy": {"0": 0.4886082410812378}, "training_time": {"0": 237.697976}}