{"model_id": {"0": "256-256-256"}, "optimizer": {"0": "SGD"}, "learning_rate": {"0": 0.005}, "loss": {"0": 0.6557428240776062}, "accuracy": {"0": 0.7287870049476624}, "val_loss": {"0": 0.6554631590843201}, "val_accuracy": {"0": 0.7281039357185364}, "training_time": {"0": 225.797199}}