{"model_id": {"0": "512-256-128"}, "optimizer": {"0": "Nadam"}, "learning_rate": {"0": 0.0005}, "loss": {"0": 0.21574561297893524}, "accuracy": {"0": 0.9145407676696777}, "val_loss": {"0": 0.23087775707244873}, "val_accuracy": {"0": 0.9079623818397522}, "training_time": {"0": 299.198349}}