{"model_id": {"0": "256-256-256"}, "optimizer": {"0": "Adamax"}, "learning_rate": {"0": 0.001}, "loss": {"0": 0.2825912535190582}, "accuracy": {"0": 0.8855969309806824}, "val_loss": {"0": 0.2985337972640991}, "val_accuracy": {"0": 0.8771541118621826}, "training_time": {"0": 229.440561}}