{"model_id": {"0": "256-256-256"}, "optimizer": {"0": "SGD"}, "learning_rate": {"0": 0.0001}, "loss": {"0": 1.166809320449829}, "accuracy": {"0": 0.4874858856201172}, "val_loss": {"0": 1.1644538640975952}, "val_accuracy": {"0": 0.4886082410812378}, "training_time": {"0": 365.81532}}