{"model_id": {"0": "512-256"}, "optimizer": {"0": "Adam"}, "learning_rate": {"0": 0.01}, "loss": {"0": 0.15421733260154724}, "accuracy": {"0": 0.9380270838737488}, "val_loss": {"0": 0.19000723958015442}, "val_accuracy": {"0": 0.9271530508995056}, "training_time": {"0": 225.18765}}