{"model_id": {"0": "256-256-256"}, "optimizer": {"0": "Adam"}, "learning_rate": {"0": 0.0001}, "loss": {"0": 0.39576005935668945}, "accuracy": {"0": 0.8350456953048706}, "val_loss": {"0": 0.39988139271736145}, "val_accuracy": {"0": 0.8334373235702515}, "training_time": {"0": 228.087156}}