{"model_id": {"0": "512-256"}, "optimizer": {"0": "RMSprop"}, "learning_rate": {"0": 0.005}, "loss": {"0": 0.13268910348415375}, "accuracy": {"0": 0.9465921521186829}, "val_loss": {"0": 0.18883495032787323}, "val_accuracy": {"0": 0.929756224155426}, "training_time": {"0": 242.353469}}