{"model_id": {"0": "512-512"}, "optimizer": {"0": "SGD"}, "learning_rate": {"0": 0.001}, "loss": {"0": 0.8794291615486145}, "accuracy": {"0": 0.6349084973335266}, "val_loss": {"0": 0.8759630918502808}, "val_accuracy": {"0": 0.6352273225784302}, "training_time": {"0": 253.407523}}