{"model_id": {"0": "512-256-128"}, "optimizer": {"0": "RMSprop"}, "learning_rate": {"0": 0.001}, "loss": {"0": 0.14968587458133698}, "accuracy": {"0": 0.9391745328903198}, "val_loss": {"0": 0.1635393649339676}, "val_accuracy": {"0": 0.9355220198631287}, "training_time": {"0": 261.031528}}