{"model_id": {"0": "512-256"}, "optimizer": {"0": "SGD"}, "learning_rate": {"0": 0.005}, "loss": {"0": 0.6754651069641113}, "accuracy": {"0": 0.7202290892601013}, "val_loss": {"0": 0.6747128367424011}, "val_accuracy": {"0": 0.7208967208862305}, "training_time": {"0": 223.0854}}