{"model_id": {"0": "512-256"}, "optimizer": {"0": "Adam"}, "learning_rate": {"0": 0.005}, "loss": {"0": 0.15243150293827057}, "accuracy": {"0": 0.9383641481399536}, "val_loss": {"0": 0.18348771333694458}, "val_accuracy": {"0": 0.9283578395843506}, "training_time": {"0": 228.481286}}