{"model_id": {"0": "512-256-128"}, "optimizer": {"0": "Adagrad"}, "learning_rate": {"0": 0.01}, "loss": {"0": 0.5371703505516052}, "accuracy": {"0": 0.7710719704627991}, "val_loss": {"0": 0.533876895904541}, "val_accuracy": {"0": 0.7736279368400574}, "training_time": {"0": 241.641392}}