{"model_id": {"0": "512-256"}, "optimizer": {"0": "RMSprop"}, "learning_rate": {"0": 0.0005}, "loss": {"0": 0.3220354914665222}, "accuracy": {"0": 0.8658922910690308}, "val_loss": {"0": 0.34372836351394653}, "val_accuracy": {"0": 0.8537467122077942}, "training_time": {"0": 240.356688}}