{"model_id": {"0": "512-256-128"}, "optimizer": {"0": "SGD"}, "learning_rate": {"0": 0.005}, "loss": {"0": 0.6513835787773132}, "accuracy": {"0": 0.7292459607124329}, "val_loss": {"0": 0.6508371829986572}, "val_accuracy": {"0": 0.7282330393791199}, "training_time": {"0": 238.502071}}