{"model_id": {"0": "512-256-128"}, "optimizer": {"0": "SGD"}, "learning_rate": {"0": 0.0001}, "loss": {"0": 1.166938304901123}, "accuracy": {"0": 0.4948820173740387}, "val_loss": {"0": 1.1638245582580566}, "val_accuracy": {"0": 0.4969557523727417}, "training_time": {"0": 238.233743}}