{"model_id": {"0": "512-256-128"}, "optimizer": {"0": "RMSprop"}, "learning_rate": {"0": 0.0005}, "loss": {"0": 0.2322390079498291}, "accuracy": {"0": 0.9056195020675659}, "val_loss": {"0": 0.2618096172809601}, "val_accuracy": {"0": 0.8925797343254089}, "training_time": {"0": 264.265072}}