{"model_id": {"0": "256-256-256"}, "optimizer": {"0": "Adadelta"}, "learning_rate": {"0": 0.01}, "loss": {"0": 0.6352099776268005}, "accuracy": {"0": 0.7333097457885742}, "val_loss": {"0": 0.6349635124206543}, "val_accuracy": {"0": 0.73204106092453}, "training_time": {"0": 228.025169}}