{"model_id": {"0": "512-256"}, "optimizer": {"0": "SGD"}, "learning_rate": {"0": 0.0005}, "loss": {"0": 1.0023049116134644}, "accuracy": {"0": 0.5986427068710327}, "val_loss": {"0": 0.998339056968689}, "val_accuracy": {"0": 0.5983304977416992}, "training_time": {"0": 222.923271}}