{"model_id": {"0": "512-256-128"}, "optimizer": {"0": "Adadelta"}, "learning_rate": {"0": 0.005}, "loss": {"0": 0.6678299307823181}, "accuracy": {"0": 0.7234849333763123}, "val_loss": {"0": 0.6669957637786865}, "val_accuracy": {"0": 0.7230696678161621}, "training_time": {"0": 242.461377}}