{"model_id": {"0": "512-256"}, "optimizer": {"0": "Adadelta"}, "learning_rate": {"0": 0.001}, "loss": {"0": 0.9073476195335388}, "accuracy": {"0": 0.6213999390602112}, "val_loss": {"0": 0.9041865468025208}, "val_accuracy": {"0": 0.6207482814788818}, "training_time": {"0": 227.771903}}