{"model_id": {"0": "512-256"}, "optimizer": {"0": "Adadelta"}, "learning_rate": {"0": 0.005}, "loss": {"0": 0.6962594389915466}, "accuracy": {"0": 0.7142601013183594}, "val_loss": {"0": 0.6947653889656067}, "val_accuracy": {"0": 0.7142273187637329}, "training_time": {"0": 228.040154}}