{"model_id": {"0": "256-256-256"}, "optimizer": {"0": "Nadam"}, "learning_rate": {"0": 0.005}, "loss": {"0": 0.07713820040225983}, "accuracy": {"0": 0.968811571598053}, "val_loss": {"0": 0.12825186550617218}, "val_accuracy": {"0": 0.9540887475013733}, "training_time": {"0": 287.387341}}