{"model_id": {"0": "256-256-256"}, "optimizer": {"0": "Adagrad"}, "learning_rate": {"0": 0.005}, "loss": {"0": 0.5929931402206421}, "accuracy": {"0": 0.7481210827827454}, "val_loss": {"0": 0.593511164188385}, "val_accuracy": {"0": 0.7479184865951538}, "training_time": {"0": 227.696687}}