{"model_id": {"0": "256-256-256"}, "optimizer": {"0": "RMSprop"}, "learning_rate": {"0": 0.0001}, "loss": {"0": 0.43969765305519104}, "accuracy": {"0": 0.8112868666648865}, "val_loss": {"0": 0.45484358072280884}, "val_accuracy": {"0": 0.804113507270813}, "training_time": {"0": 250.918793}}