{"model_id": {"0": "512-256-128"}, "optimizer": {"0": "SGD"}, "learning_rate": {"0": 0.01}, "loss": {"0": 0.6066341996192932}, "accuracy": {"0": 0.7409353256225586}, "val_loss": {"0": 0.6071256995201111}, "val_accuracy": {"0": 0.7390116453170776}, "training_time": {"0": 238.140109}}