{"model_id": {"0": "256-256-256"}, "optimizer": {"0": "SGD"}, "learning_rate": {"0": 0.001}, "loss": {"0": 0.8620213866233826}, "accuracy": {"0": 0.650797963142395}, "val_loss": {"0": 0.8585333228111267}, "val_accuracy": {"0": 0.651104748249054}, "training_time": {"0": 224.129281}}