{"model_id": {"0": "512-256"}, "optimizer": {"0": "Adam"}, "learning_rate": {"0": 0.001}, "loss": {"0": 0.2750275731086731}, "accuracy": {"0": 0.8872559070587158}, "val_loss": {"0": 0.2801796793937683}, "val_accuracy": {"0": 0.8876314759254456}, "training_time": {"0": 228.625571}}