{"model_id": {"0": "512-512"}, "optimizer": {"0": "Adamax"}, "learning_rate": {"0": 0.0001}, "loss": {"0": 0.48794299364089966}, "accuracy": {"0": 0.793064296245575}, "val_loss": {"0": 0.4906846880912781}, "val_accuracy": {"0": 0.7921731472015381}, "training_time": {"0": 259.041579}}