{"model_id": {"0": "512-512"}, "optimizer": {"0": "Adam"}, "learning_rate": {"0": 0.005}, "loss": {"0": 0.12698587775230408}, "accuracy": {"0": 0.9487913846969604}, "val_loss": {"0": 0.1551874727010727}, "val_accuracy": {"0": 0.9418041706085205}, "training_time": {"0": 258.061434}}