{"model_id": {"0": "512-256-128"}, "optimizer": {"0": "Adamax"}, "learning_rate": {"0": 0.005}, "loss": {"0": 0.16017594933509827}, "accuracy": {"0": 0.935273289680481}, "val_loss": {"0": 0.18592287600040436}, "val_accuracy": {"0": 0.9255610108375549}, "training_time": {"0": 243.741076}}