{"model_id": {"0": "512-256"}, "optimizer": {"0": "Adamax"}, "learning_rate": {"0": 0.001}, "loss": {"0": 0.3274379372596741}, "accuracy": {"0": 0.8664349317550659}, "val_loss": {"0": 0.3387855887413025}, "val_accuracy": {"0": 0.8615133166313171}, "training_time": {"0": 228.51293}}