{"model_id": {"0": "512-256-128"}, "optimizer": {"0": "Ftrl"}, "learning_rate": {"0": 0.0001}, "loss": {"0": 1.9180136919021606}, "accuracy": {"0": 0.4874858856201172}, "val_loss": {"0": 1.9179083108901978}, "val_accuracy": {"0": 0.4886082410812378}, "training_time": {"0": 253.182558}}