{"model_id": {"0": "256-256-256"}, "optimizer": {"0": "Nadam"}, "learning_rate": {"0": 0.001}, "loss": {"0": 0.1409420669078827}, "accuracy": {"0": 0.9441156387329102}, "val_loss": {"0": 0.1620595008134842}, "val_accuracy": {"0": 0.9373722672462463}, "training_time": {"0": 282.116424}}