{"model_id": {"0": "256-256-256"}, "optimizer": {"0": "Adagrad"}, "learning_rate": {"0": 0.0005}, "loss": {"0": 0.7824034690856934}, "accuracy": {"0": 0.6705886125564575}, "val_loss": {"0": 0.7795443534851074}, "val_accuracy": {"0": 0.6706826686859131}, "training_time": {"0": 225.736356}}