{"model_id": {"0": "256-256-256"}, "optimizer": {"0": "Adadelta"}, "learning_rate": {"0": 0.0001}, "loss": {"0": 1.2409850358963013}, "accuracy": {"0": 0.4874858856201172}, "val_loss": {"0": 1.2371253967285156}, "val_accuracy": {"0": 0.4886082410812378}, "training_time": {"0": 230.865741}}