{"model_id": {"0": "256-256-256"}, "optimizer": {"0": "Adamax"}, "learning_rate": {"0": 0.0001}, "loss": {"0": 0.47036561369895935}, "accuracy": {"0": 0.7982635498046875}, "val_loss": {"0": 0.47385990619659424}, "val_accuracy": {"0": 0.7968417406082153}, "training_time": {"0": 230.74208}}