{"model_id": {"0": "512-256-128"}, "optimizer": {"0": "Adagrad"}, "learning_rate": {"0": 0.001}, "loss": {"0": 0.6875841617584229}, "accuracy": {"0": 0.7200856804847717}, "val_loss": {"0": 0.6863881349563599}, "val_accuracy": {"0": 0.7203158140182495}, "training_time": {"0": 242.095619}}