{"model_id": {"0": "512-256-128"}, "optimizer": {"0": "Adam"}, "learning_rate": {"0": 0.005}, "loss": {"0": 0.1236543282866478}, "accuracy": {"0": 0.9497092962265015}, "val_loss": {"0": 0.15983562171459198}, "val_accuracy": {"0": 0.9385985732078552}, "training_time": {"0": 244.799019}}