{"model_id": {"0": "256-256-256"}, "optimizer": {"0": "Adagrad"}, "learning_rate": {"0": 0.0001}, "loss": {"0": 1.093561053276062}, "accuracy": {"0": 0.5540198087692261}, "val_loss": {"0": 1.090328574180603}, "val_accuracy": {"0": 0.5545921921730042}, "training_time": {"0": 226.676398}}