{"model_id": {"0": "512-512"}, "optimizer": {"0": "Adagrad"}, "learning_rate": {"0": 0.0005}, "loss": {"0": 0.8215914964675903}, "accuracy": {"0": 0.6494544744491577}, "val_loss": {"0": 0.8190995454788208}, "val_accuracy": {"0": 0.6486736536026001}, "training_time": {"0": 256.414356}}