{"model_id": {"0": "512-256-128"}, "optimizer": {"0": "Nadam"}, "learning_rate": {"0": 0.001}, "loss": {"0": 0.13513681292533875}, "accuracy": {"0": 0.9461331963539124}, "val_loss": {"0": 0.16031792759895325}, "val_accuracy": {"0": 0.937458336353302}, "training_time": {"0": 298.864261}}