{"model_id": {"0": "512-256"}, "optimizer": {"0": "Nadam"}, "learning_rate": {"0": 0.0001}, "loss": {"0": 0.4280385971069336}, "accuracy": {"0": 0.819493293762207}, "val_loss": {"0": 0.4316854476928711}, "val_accuracy": {"0": 0.8170005083084106}, "training_time": {"0": 275.988455}}