{"model_id": {"0": "512-512"}, "optimizer": {"0": "Ftrl"}, "learning_rate": {"0": 0.01}, "loss": {"0": 0.8914917707443237}, "accuracy": {"0": 0.6252605319023132}, "val_loss": {"0": 0.8892318606376648}, "val_accuracy": {"0": 0.6275252103805542}, "training_time": {"0": 265.766095}}