{"model_id": {"0": "512-256"}, "optimizer": {"0": "RMSprop"}, "learning_rate": {"0": 0.001}, "loss": {"0": 0.22841836512088776}, "accuracy": {"0": 0.9063629508018494}, "val_loss": {"0": 0.2593318521976471}, "val_accuracy": {"0": 0.8929885625839233}, "training_time": {"0": 242.936135}}