{"model_id": {"0": "256-256-256"}, "optimizer": {"0": "Ftrl"}, "learning_rate": {"0": 0.0005}, "loss": {"0": 1.3565551042556763}, "accuracy": {"0": 0.4874858856201172}, "val_loss": {"0": 1.352088451385498}, "val_accuracy": {"0": 0.4886082410812378}, "training_time": {"0": 238.530067}}