{"model_id": {"0": "256-256-256"}, "optimizer": {"0": "Nadam"}, "learning_rate": {"0": 0.0001}, "loss": {"0": 0.39578166604042053}, "accuracy": {"0": 0.8344098329544067}, "val_loss": {"0": 0.4069868326187134}, "val_accuracy": {"0": 0.8291129469871521}, "training_time": {"0": 290.631269}}