{"model_id": {"0": "256-256-256"}, "optimizer": {"0": "Adagrad"}, "learning_rate": {"0": 0.001}, "loss": {"0": 0.6896944046020508}, "accuracy": {"0": 0.7210155725479126}, "val_loss": {"0": 0.6885719895362854}, "val_accuracy": {"0": 0.720767617225647}, "training_time": {"0": 225.777343}}