{"model_id": {"0": "512-256-128"}, "optimizer": {"0": "Adagrad"}, "learning_rate": {"0": 0.0001}, "loss": {"0": 1.1014515161514282}, "accuracy": {"0": 0.5190663933753967}, "val_loss": {"0": 1.098244071006775}, "val_accuracy": {"0": 0.5210515856742859}, "training_time": {"0": 241.978052}}