{"model_id": {"0": "512-256-128"}, "optimizer": {"0": "Ftrl"}, "learning_rate": {"0": 0.005}, "loss": {"0": 1.205368995666504}, "accuracy": {"0": 0.4874858856201172}, "val_loss": {"0": 1.203356385231018}, "val_accuracy": {"0": 0.4886082410812378}, "training_time": {"0": 252.821024}}