{"model_id": {"0": "512-512"}, "optimizer": {"0": "Adagrad"}, "learning_rate": {"0": 0.01}, "loss": {"0": 0.5730886459350586}, "accuracy": {"0": 0.7577714323997498}, "val_loss": {"0": 0.5772576928138733}, "val_accuracy": {"0": 0.754695475101471}, "training_time": {"0": 256.237334}}