{"model_id": {"0": "512-256"}, "optimizer": {"0": "Ftrl"}, "learning_rate": {"0": 0.01}, "loss": {"0": 0.8910028338432312}, "accuracy": {"0": 0.6254326701164246}, "val_loss": {"0": 0.8889833688735962}, "val_accuracy": {"0": 0.6245777606964111}, "training_time": {"0": 234.135648}}