{"model_id": {"0": "512-256"}, "optimizer": {"0": "SGD"}, "learning_rate": {"0": 0.001}, "loss": {"0": 0.864104151725769}, "accuracy": {"0": 0.6255378723144531}, "val_loss": {"0": 0.8607476353645325}, "val_accuracy": {"0": 0.6262558698654175}, "training_time": {"0": 221.797189}}