{"model_id": {"0": "512-256"}, "optimizer": {"0": "Adamax"}, "learning_rate": {"0": 0.0001}, "loss": {"0": 0.5091243982315063}, "accuracy": {"0": 0.784157395362854}, "val_loss": {"0": 0.5108685493469238}, "val_accuracy": {"0": 0.782039999961853}, "training_time": {"0": 229.645498}}