{"model_id": {"0": "512-512"}, "optimizer": {"0": "Adagrad"}, "learning_rate": {"0": 0.0001}, "loss": {"0": 1.0844557285308838}, "accuracy": {"0": 0.5445511937141418}, "val_loss": {"0": 1.0816168785095215}, "val_accuracy": {"0": 0.5442008376121521}, "training_time": {"0": 257.90426}}