{"model_id": {"0": "512-512"}, "optimizer": {"0": "Nadam"}, "learning_rate": {"0": 0.005}, "loss": {"0": 0.08928440511226654}, "accuracy": {"0": 0.9642744660377502}, "val_loss": {"0": 0.14279019832611084}, "val_accuracy": {"0": 0.9502162337303162}, "training_time": {"0": 308.784503}}