{"model_id": {"0": "256-256-256"}, "optimizer": {"0": "Adam"}, "learning_rate": {"0": 0.01}, "loss": {"0": 0.1528039425611496}, "accuracy": {"0": 0.9386462569236755}, "val_loss": {"0": 0.17881163954734802}, "val_accuracy": {"0": 0.9302725791931152}, "training_time": {"0": 230.812209}}