{"model_id": {"0": "256-256-256"}, "optimizer": {"0": "RMSprop"}, "learning_rate": {"0": 0.001}, "loss": {"0": 0.16080410778522491}, "accuracy": {"0": 0.9344868063926697}, "val_loss": {"0": 0.20046858489513397}, "val_accuracy": {"0": 0.920806348323822}, "training_time": {"0": 253.90682}}