{"model_id": {"0": "256-256-256"}, "optimizer": {"0": "Adamax"}, "learning_rate": {"0": 0.0005}, "loss": {"0": 0.3448677361011505}, "accuracy": {"0": 0.8582499623298645}, "val_loss": {"0": 0.3502586781978607}, "val_accuracy": {"0": 0.856199324131012}, "training_time": {"0": 228.474711}}