{"model_id": {"0": "512-512"}, "optimizer": {"0": "Ftrl"}, "learning_rate": {"0": 0.0005}, "loss": {"0": 1.188830018043518}, "accuracy": {"0": 0.4874858856201172}, "val_loss": {"0": 1.1853220462799072}, "val_accuracy": {"0": 0.4886082410812378}, "training_time": {"0": 266.586991}}