{"model_id": {"0": "256-256-256"}, "optimizer": {"0": "Adam"}, "learning_rate": {"0": 0.005}, "loss": {"0": 0.11591546982526779}, "accuracy": {"0": 0.9529603719711304}, "val_loss": {"0": 0.15672096610069275}, "val_accuracy": {"0": 0.941632091999054}, "training_time": {"0": 231.586666}}