{"model_id": {"0": "256-256-256"}, "optimizer": {"0": "Ftrl"}, "learning_rate": {"0": 0.01}, "loss": {"0": 1.2051783800125122}, "accuracy": {"0": 0.4874858856201172}, "val_loss": {"0": 1.2031511068344116}, "val_accuracy": {"0": 0.4886082410812378}, "training_time": {"0": 237.942524}}