{"model_id": {"0": "256-256-256"}, "optimizer": {"0": "SGD"}, "learning_rate": {"0": 0.0005}, "loss": {"0": 0.9797791838645935}, "accuracy": {"0": 0.6072483658790588}, "val_loss": {"0": 0.9760985374450684}, "val_accuracy": {"0": 0.607581615447998}, "training_time": {"0": 222.560338}}