{"model_id": {"0": "512-256-128"}, "optimizer": {"0": "Adamax"}, "learning_rate": {"0": 0.0001}, "loss": {"0": 0.46524617075920105}, "accuracy": {"0": 0.8028556704521179}, "val_loss": {"0": 0.46831899881362915}, "val_accuracy": {"0": 0.8018545508384705}, "training_time": {"0": 246.617867}}