{"model_id": {"0": "512-512"}, "optimizer": {"0": "Nadam"}, "learning_rate": {"0": 0.001}, "loss": {"0": 0.1735760122537613}, "accuracy": {"0": 0.9315393567085266}, "val_loss": {"0": 0.1874631941318512}, "val_accuracy": {"0": 0.9268733263015747}, "training_time": {"0": 304.800077}}