{"model_id": {"0": "512-512"}, "optimizer": {"0": "Adagrad"}, "learning_rate": {"0": 0.005}, "loss": {"0": 0.6180413365364075}, "accuracy": {"0": 0.7382986545562744}, "val_loss": {"0": 0.6189555525779724}, "val_accuracy": {"0": 0.7364944815635681}, "training_time": {"0": 257.849939}}