{"model_id": {"0": "512-512"}, "optimizer": {"0": "RMSprop"}, "learning_rate": {"0": 0.005}, "loss": {"0": 0.12028353661298752}, "accuracy": {"0": 0.9521021842956543}, "val_loss": {"0": 0.1683674305677414}, "val_accuracy": {"0": 0.9401475787162781}, "training_time": {"0": 276.605143}}