{"model_id": {"0": "512-256-128"}, "optimizer": {"0": "Ftrl"}, "learning_rate": {"0": 0.01}, "loss": {"0": 1.0104092359542847}, "accuracy": {"0": 0.4874858856201172}, "val_loss": {"0": 1.0039910078048706}, "val_accuracy": {"0": 0.4886082410812378}, "training_time": {"0": 254.508265}}