{"model_id": {"0": "512-256"}, "optimizer": {"0": "SGD"}, "learning_rate": {"0": 0.0001}, "loss": {"0": 1.1629183292388916}, "accuracy": {"0": 0.4894317388534546}, "val_loss": {"0": 1.160103678703308}, "val_accuracy": {"0": 0.4904584586620331}, "training_time": {"0": 223.719867}}