{"model_id": {"0": "512-256-128"}, "optimizer": {"0": "Nadam"}, "learning_rate": {"0": 0.01}, "loss": {"0": 0.0918368324637413}, "accuracy": {"0": 0.9630075097084045}, "val_loss": {"0": 0.14154589176177979}, "val_accuracy": {"0": 0.9498074650764465}, "training_time": {"0": 301.460531}}