{"model_id": {"0": "512-256-128"}, "optimizer": {"0": "SGD"}, "learning_rate": {"0": 0.0005}, "loss": {"0": 0.9687016010284424}, "accuracy": {"0": 0.6201425790786743}, "val_loss": {"0": 0.9645208120346069}, "val_accuracy": {"0": 0.6200813055038452}, "training_time": {"0": 237.455049}}