{"model_id": {"0": "256-256-256"}, "optimizer": {"0": "Adam"}, "learning_rate": {"0": 0.001}, "loss": {"0": 0.20422150194644928}, "accuracy": {"0": 0.9173136949539185}, "val_loss": {"0": 0.21532776951789856}, "val_accuracy": {"0": 0.9152987003326416}, "training_time": {"0": 228.622942}}