{"model_id": {"0": "512-256-128"}, "optimizer": {"0": "Adam"}, "learning_rate": {"0": 0.001}, "loss": {"0": 0.21162259578704834}, "accuracy": {"0": 0.9148802161216736}, "val_loss": {"0": 0.2271018922328949}, "val_accuracy": {"0": 0.9102859497070312}, "training_time": {"0": 241.672069}}