{"model_id": {"0": "512-256-128"}, "optimizer": {"0": "RMSprop"}, "learning_rate": {"0": 0.005}, "loss": {"0": 0.11159149557352066}, "accuracy": {"0": 0.9554775357246399}, "val_loss": {"0": 0.18907368183135986}, "val_accuracy": {"0": 0.9367913603782654}, "training_time": {"0": 262.656525}}