{"model_id": {"0": "512-256"}, "optimizer": {"0": "Adamax"}, "learning_rate": {"0": 0.005}, "loss": {"0": 0.22431357204914093}, "accuracy": {"0": 0.9081247448921204}, "val_loss": {"0": 0.23177804052829742}, "val_accuracy": {"0": 0.9040898680686951}, "training_time": {"0": 228.111471}}