{"model_id": {"0": "512-256"}, "optimizer": {"0": "Nadam"}, "learning_rate": {"0": 0.0005}, "loss": {"0": 0.3037320673465729}, "accuracy": {"0": 0.8765179514884949}, "val_loss": {"0": 0.3099279999732971}, "val_accuracy": {"0": 0.8742712140083313}, "training_time": {"0": 272.838974}}