{"model_id": {"0": "512-256-128"}, "optimizer": {"0": "Adam"}, "learning_rate": {"0": 0.0005}, "loss": {"0": 0.27397382259368896}, "accuracy": {"0": 0.8884057402610779}, "val_loss": {"0": 0.2795712947845459}, "val_accuracy": {"0": 0.8855016231536865}, "training_time": {"0": 241.538133}}