{"model_id": {"0": "512-512"}, "optimizer": {"0": "Adamax"}, "learning_rate": {"0": 0.0005}, "loss": {"0": 0.35963478684425354}, "accuracy": {"0": 0.8520538806915283}, "val_loss": {"0": 0.36495211720466614}, "val_accuracy": {"0": 0.8497665524482727}, "training_time": {"0": 259.256568}}