{"model_id": {"0": "512-512"}, "optimizer": {"0": "Adam"}, "learning_rate": {"0": 0.0001}, "loss": {"0": 0.4142043888568878}, "accuracy": {"0": 0.8249890208244324}, "val_loss": {"0": 0.41874951124191284}, "val_accuracy": {"0": 0.8230890035629272}, "training_time": {"0": 257.884045}}