{"model_id": {"0": "256-256-256"}, "optimizer": {"0": "Adadelta"}, "learning_rate": {"0": 0.005}, "loss": {"0": 0.6769450306892395}, "accuracy": {"0": 0.7203581929206848}, "val_loss": {"0": 0.6761698722839355}, "val_accuracy": {"0": 0.7196058630943298}, "training_time": {"0": 226.885778}}