{"model_id": {"0": "512-512"}, "optimizer": {"0": "SGD"}, "learning_rate": {"0": 0.005}, "loss": {"0": 0.6760486364364624}, "accuracy": {"0": 0.7206832766532898}, "val_loss": {"0": 0.6751425266265869}, "val_accuracy": {"0": 0.7208967208862305}, "training_time": {"0": 253.066053}}