{"model_id": {"0": "256-256-256"}, "optimizer": {"0": "RMSprop"}, "learning_rate": {"0": 0.005}, "loss": {"0": 0.11200723052024841}, "accuracy": {"0": 0.9559795260429382}, "val_loss": {"0": 0.16152577102184296}, "val_accuracy": {"0": 0.9460639953613281}, "training_time": {"0": 248.387655}}