{"model_id": {"0": "256-256-256"}, "optimizer": {"0": "Adam"}, "learning_rate": {"0": 0.0005}, "loss": {"0": 0.2739535868167877}, "accuracy": {"0": 0.8880997896194458}, "val_loss": {"0": 0.28419190645217896}, "val_accuracy": {"0": 0.8840386271476746}, "training_time": {"0": 230.774777}}