{"model_id": {"0": "512-512"}, "optimizer": {"0": "RMSprop"}, "learning_rate": {"0": 0.001}, "loss": {"0": 0.1902342140674591}, "accuracy": {"0": 0.9221328496932983}, "val_loss": {"0": 0.22668984532356262}, "val_accuracy": {"0": 0.9042834639549255}, "training_time": {"0": 278.009333}}