{"model_id": {"0": "256-256-256"}, "optimizer": {"0": "Adamax"}, "learning_rate": {"0": 0.005}, "loss": {"0": 0.1559521108865738}, "accuracy": {"0": 0.9366358518600464}, "val_loss": {"0": 0.17625229060649872}, "val_accuracy": {"0": 0.9300359487533569}, "training_time": {"0": 230.415198}}