{"model_id": {"0": "512-256-128"}, "optimizer": {"0": "Nadam"}, "learning_rate": {"0": 0.0001}, "loss": {"0": 0.37858864665031433}, "accuracy": {"0": 0.8433979749679565}, "val_loss": {"0": 0.3811100721359253}, "val_accuracy": {"0": 0.8432908058166504}, "training_time": {"0": 303.112969}}