{"model_id": {"0": "512-512"}, "optimizer": {"0": "Adam"}, "learning_rate": {"0": 0.001}, "input_prob": {"0": 0.01}, "hidden_prob": {"0": 0.1}, "weight_constraint": {"0": 10}, "loss": {"0": 0.23154199123382568}, "accuracy": {"0": 0.9047995805740356}, "val_loss": {"0": 0.18480299413204193}, "val_accuracy": {"0": 0.9264215230941772}, "training_time": {"0": 414.13453}}