{"model_id": {"0": "256-256-256"}, "optimizer": {"0": "Adam"}, "learning_rate": {"0": 0.001}, "input_prob": {"0": 0.01}, "hidden_prob": {"0": 0.1}, "weight_constraint": {"0": 22}, "loss": {"0": 0.22929547727108002}, "accuracy": {"0": 0.9056912064552307}, "val_loss": {"0": 0.16008847951889038}, "val_accuracy": {"0": 0.9373077154159546}, "training_time": {"0": 511.248816}}