{"model_id": {"0": "512-256-128"}, "optimizer": {"0": "Adam"}, "learning_rate": {"0": 0.001}, "input_prob": {"0": 0.01}, "hidden_prob": {"0": 0.1}, "weight_constraint": {"0": 33}, "loss": {"0": 0.21393123269081116}, "accuracy": {"0": 0.9119877219200134}, "val_loss": {"0": 0.15737402439117432}, "val_accuracy": {"0": 0.9372646808624268}, "training_time": {"0": 534.138763}}