{"model_id": {"0": "256-256-256"}, "optimizer": {"0": "Adam"}, "learning_rate": {"0": 0.005}, "input_prob": {"0": 0.005}, "hidden_prob": {"0": 0.01}, "weight_constraint": {"0": 22}, "loss": {"0": 0.15406371653079987}, "accuracy": {"0": 0.9384286999702454}, "val_loss": {"0": 0.14561228454113007}, "val_accuracy": {"0": 0.9433531761169434}, "training_time": {"0": 494.191793}}