{"model_id": {"0": "256-256-256"}, "optimizer": {"0": "Adam"}, "learning_rate": {"0": 0.001}, "input_prob": {"0": 0.01}, "hidden_prob": {"0": 0.1}, "weight_constraint": {"0": 15}, "loss": {"0": 0.22712062299251556}, "accuracy": {"0": 0.9065828919410706}, "val_loss": {"0": 0.15956324338912964}, "val_accuracy": {"0": 0.9355220198631287}, "training_time": {"0": 520.316258}}