{"model_id": {"0": "512-256-128"}, "optimizer": {"0": "Adam"}, "learning_rate": {"0": 0.001}, "input_prob": {"0": 0.01}, "hidden_prob": {"0": 0.1}, "weight_constraint": {"0": 1}, "loss": {"0": 0.2721764147281647}, "accuracy": {"0": 0.8881810307502747}, "val_loss": {"0": 0.22347137331962585}, "val_accuracy": {"0": 0.9095759391784668}, "training_time": {"0": 523.213726}}