{"model_id": {"0": "256-256-256"}, "optimizer": {"0": "Adam"}, "learning_rate": {"0": 0.005}, "input_prob": {"0": 0.005}, "hidden_prob": {"0": 0.01}, "weight_constraint": {"0": 33}, "loss": {"0": 0.1532513052225113}, "accuracy": {"0": 0.938545823097229}, "val_loss": {"0": 0.14349734783172607}, "val_accuracy": {"0": 0.9424711465835571}, "training_time": {"0": 494.718987}}