{"model_id": {"0": "256-256-256"}, "optimizer": {"0": "Adam"}, "learning_rate": {"0": 0.001}, "input_prob": {"0": 0.01}, "hidden_prob": {"0": 0.1}, "weight_constraint": {"0": 3}, "loss": {"0": 0.2322850078344345}, "accuracy": {"0": 0.9042736887931824}, "val_loss": {"0": 0.1650264859199524}, "val_accuracy": {"0": 0.9334351420402527}, "training_time": {"0": 494.392574}}