{"model_id": {"0": "256-256-256"}, "optimizer": {"0": "Adam"}, "learning_rate": {"0": 0.01}, "input_prob": {"0": 0.0005}, "hidden_prob": {"0": 0.005}, "weight_constraint": {"0": 4}, "loss": {"0": 0.23177888989448547}, "accuracy": {"0": 0.9052633047103882}, "val_loss": {"0": 0.23509345948696136}, "val_accuracy": {"0": 0.9048643708229065}, "training_time": {"0": 488.029044}}