{"model_id": {"0": "512-256"}, "optimizer": {"0": "Adam"}, "learning_rate": {"0": 0.001}, "input_prob": {"0": 0.01}, "hidden_prob": {"0": 0.1}, "weight_constraint": {"0": 1}, "loss": {"0": 0.31394875049591064}, "accuracy": {"0": 0.8708381652832031}, "val_loss": {"0": 0.2745461165904999}, "val_accuracy": {"0": 0.8897183537483215}, "training_time": {"0": 471.027225}}