{"model_id": {"0": "512-256"}, "optimizer": {"0": "Adam"}, "learning_rate": {"0": 0.01}, "input_prob": {"0": 0.0005}, "hidden_prob": {"0": 0.005}, "weight_constraint": {"0": 33}, "loss": {"0": 0.1851477473974228}, "accuracy": {"0": 0.9267775416374207}, "val_loss": {"0": 0.2024899274110794}, "val_accuracy": {"0": 0.9197091460227966}, "training_time": {"0": 457.672724}}