{"model_id": {"0": "256-256-256"}, "optimizer": {"0": "Adam"}, "learning_rate": {"0": 0.01}, "input_prob": {"0": 0.0005}, "hidden_prob": {"0": 0.005}, "weight_constraint": {"0": 1}, "loss": {"0": 0.4298621416091919}, "accuracy": {"0": 0.8173633813858032}, "val_loss": {"0": 0.4268453121185303}, "val_accuracy": {"0": 0.8221208453178406}, "training_time": {"0": 495.063447}}