{"model_id": {"0": "256-256-256"}, "optimizer": {"0": "Adam"}, "learning_rate": {"0": 0.01}, "input_prob": {"0": 0.0005}, "hidden_prob": {"0": 0.005}, "weight_constraint": {"0": 7}, "loss": {"0": 0.2045065462589264}, "accuracy": {"0": 0.917715311050415}, "val_loss": {"0": 0.2020915001630783}, "val_accuracy": {"0": 0.91904217004776}, "training_time": {"0": 493.6656}}