{"model_id": {"0": "512-256"}, "optimizer": {"0": "Adam"}, "learning_rate": {"0": 0.005}, "input_prob": {"0": 0.005}, "hidden_prob": {"0": 0.01}, "weight_constraint": {"0": 2}, "loss": {"0": 0.2874283492565155}, "accuracy": {"0": 0.8812893033027649}, "val_loss": {"0": 0.28122490644454956}, "val_accuracy": {"0": 0.8836298584938049}, "training_time": {"0": 463.036457}}