{"model_id": {"0": "512-256-128"}, "optimizer": {"0": "Adam"}, "learning_rate": {"0": 0.005}, "input_prob": {"0": 0.005}, "hidden_prob": {"0": 0.01}, "weight_constraint": {"0": 15}, "loss": {"0": 0.16338491439819336}, "accuracy": {"0": 0.9342047572135925}, "val_loss": {"0": 0.1549021303653717}, "val_accuracy": {"0": 0.939609706401825}, "training_time": {"0": 407.321796}}