{"model_id": {"0": "256-256-256"}, "optimizer": {"0": "Adam"}, "learning_rate": {"0": 0.01}, "input_prob": {"0": 0.0005}, "hidden_prob": {"0": 0.005}, "weight_constraint": {"0": 22}, "loss": {"0": 0.17903441190719604}, "accuracy": {"0": 0.9297561049461365}, "val_loss": {"0": 0.17947347462177277}, "val_accuracy": {"0": 0.9317355751991272}, "training_time": {"0": 497.835279}}