{"model_id": {"0": "256-256-256"}, "optimizer": {"0": "Adam"}, "learning_rate": {"0": 0.001}, "input_prob": {"0": 0.01}, "hidden_prob": {"0": 0.1}, "weight_constraint": {"0": 50}, "loss": {"0": 0.22833426296710968}, "accuracy": {"0": 0.9058394432067871}, "val_loss": {"0": 0.16217665374279022}, "val_accuracy": {"0": 0.9349411725997925}, "training_time": {"0": 500.403096}}