{"model_id": {"0": "512-512"}, "optimizer": {"0": "Adam"}, "learning_rate": {"0": 0.005}, "input_prob": {"0": 0.005}, "hidden_prob": {"0": 0.01}, "weight_constraint": {"0": 3}, "loss": {"0": 0.23292285203933716}, "accuracy": {"0": 0.9056696891784668}, "val_loss": {"0": 0.22750002145767212}, "val_accuracy": {"0": 0.9087799191474915}, "training_time": {"0": 427.68225}}