{"model_id": {"0": "256-256-256"}, "optimizer": {"0": "Adam"}, "learning_rate": {"0": 0.005}, "input_prob": {"0": 0.005}, "hidden_prob": {"0": 0.01}, "weight_constraint": {"0": 10}, "loss": {"0": 0.16353368759155273}, "accuracy": {"0": 0.9341234564781189}, "val_loss": {"0": 0.1492525041103363}, "val_accuracy": {"0": 0.9411587715148926}, "training_time": {"0": 498.891781}}