{"model_id": {"0": "512-512"}, "optimizer": {"0": "Adam"}, "learning_rate": {"0": 0.001}, "input_prob": {"0": 0.01}, "hidden_prob": {"0": 0.1}, "weight_constraint": {"0": 3}, "loss": {"0": 0.23792873322963715}, "accuracy": {"0": 0.902619481086731}, "val_loss": {"0": 0.1879892200231552}, "val_accuracy": {"0": 0.9268948435783386}, "training_time": {"0": 415.025349}}