{"model_id": {"0": "512-512"}, "optimizer": {"0": "Adam"}, "learning_rate": {"0": 0.001}, "input_prob": {"0": 0.01}, "hidden_prob": {"0": 0.1}, "weight_constraint": {"0": 2}, "loss": {"0": 0.24321390688419342}, "accuracy": {"0": 0.9008170366287231}, "val_loss": {"0": 0.2040536105632782}, "val_accuracy": {"0": 0.9186334013938904}, "training_time": {"0": 413.821163}}