{"model_id": {"0": "256-256-256"}, "optimizer": {"0": "Adam"}, "learning_rate": {"0": 0.001}, "input_prob": {"0": 0.01}, "hidden_prob": {"0": 0.1}, "weight_constraint": {"0": 33}, "loss": {"0": 0.23348641395568848}, "accuracy": {"0": 0.903511106967926}, "val_loss": {"0": 0.16467271745204926}, "val_accuracy": {"0": 0.9347905516624451}, "training_time": {"0": 513.370651}}