{"model_id": {"0": "256-256-256"}, "optimizer": {"0": "Adam"}, "learning_rate": {"0": 0.001}, "input_prob": {"0": 0.01}, "hidden_prob": {"0": 0.1}, "weight_constraint": {"0": 4}, "loss": {"0": 0.23149549961090088}, "accuracy": {"0": 0.9048569798469543}, "val_loss": {"0": 0.1665128469467163}, "val_accuracy": {"0": 0.9334781765937805}, "training_time": {"0": 504.274649}}