{"model_id": {"0": "256-256-256"}, "optimizer": {"0": "Adam"}, "learning_rate": {"0": 0.001}, "input_prob": {"0": 0.01}, "hidden_prob": {"0": 0.1}, "weight_constraint": {"0": 10}, "loss": {"0": 0.2319185435771942}, "accuracy": {"0": 0.9044362306594849}, "val_loss": {"0": 0.1622954159975052}, "val_accuracy": {"0": 0.9355865716934204}, "training_time": {"0": 513.23658}}