{"model_id": {"0": "512-256-128"}, "optimizer": {"0": "Adam"}, "learning_rate": {"0": 0.01}, "input_prob": {"0": 0.0005}, "hidden_prob": {"0": 0.005}, "weight_constraint": {"0": 4}, "loss": {"0": 0.24587026238441467}, "accuracy": {"0": 0.8999660611152649}, "val_loss": {"0": 0.24143660068511963}, "val_accuracy": {"0": 0.9004754424095154}, "training_time": {"0": 422.161135}}