{"model_id": {"0": "512-512"}, "optimizer": {"0": "Adam"}, "learning_rate": {"0": 0.01}, "input_prob": {"0": 0.0005}, "hidden_prob": {"0": 0.005}, "weight_constraint": {"0": 33}, "loss": {"0": 0.16858868300914764}, "accuracy": {"0": 0.9337911605834961}, "val_loss": {"0": 0.1728348433971405}, "val_accuracy": {"0": 0.9326176047325134}, "training_time": {"0": 404.023303}}