{"model_id": {"0": "512-512"}, "optimizer": {"0": "Adam"}, "learning_rate": {"0": 0.001}, "input_prob": {"0": 0.01}, "hidden_prob": {"0": 0.1}, "weight_constraint": {"0": 7}, "loss": {"0": 0.2305784523487091}, "accuracy": {"0": 0.9050481915473938}, "val_loss": {"0": 0.1788577139377594}, "val_accuracy": {"0": 0.9292614459991455}, "training_time": {"0": 415.018245}}