{"model_id": {"0": "256-256-256"}, "optimizer": {"0": "Adam"}, "learning_rate": {"0": 0.01}, "input_prob": {"0": 0.0005}, "hidden_prob": {"0": 0.005}, "weight_constraint": {"0": 50}, "loss": {"0": 0.18684430420398712}, "accuracy": {"0": 0.927217423915863}, "val_loss": {"0": 0.18308904767036438}, "val_accuracy": {"0": 0.9284653663635254}, "training_time": {"0": 496.305935}}