{"model_id": {"0": "512-256"}, "optimizer": {"0": "Adam"}, "learning_rate": {"0": 0.001}, "input_prob": {"0": 0.01}, "hidden_prob": {"0": 0.1}, "weight_constraint": {"0": 7}, "loss": {"0": 0.2507038712501526}, "accuracy": {"0": 0.8964042663574219}, "val_loss": {"0": 0.19705770909786224}, "val_accuracy": {"0": 0.9219035506248474}, "training_time": {"0": 471.3109}}