{"model_id": {"0": "512-512"}, "optimizer": {"0": "Adam"}, "learning_rate": {"0": 0.001}, "input_prob": {"0": 0.01}, "hidden_prob": {"0": 0.1}, "weight_constraint": {"0": 50}, "loss": {"0": 0.22792857885360718}, "accuracy": {"0": 0.9067502021789551}, "val_loss": {"0": 0.17394255101680756}, "val_accuracy": {"0": 0.9311546683311462}, "training_time": {"0": 425.410977}}