{"model_id": {"0": "512-512"}, "optimizer": {"0": "Adam"}, "learning_rate": {"0": 0.001}, "input_prob": {"0": 0.01}, "hidden_prob": {"0": 0.1}, "weight_constraint": {"0": 22}, "loss": {"0": 0.22809948027133942}, "accuracy": {"0": 0.9063534140586853}, "val_loss": {"0": 0.175908163189888}, "val_accuracy": {"0": 0.9292614459991455}, "training_time": {"0": 423.765319}}