{"model_id": {"0": "512-256-128"}, "optimizer": {"0": "Adam"}, "learning_rate": {"0": 0.01}, "input_prob": {"0": 0.0005}, "hidden_prob": {"0": 0.005}, "weight_constraint": {"0": 2}, "loss": {"0": 0.32831284403800964}, "accuracy": {"0": 0.8637217879295349}, "val_loss": {"0": 0.32928818464279175}, "val_accuracy": {"0": 0.8616209030151367}, "training_time": {"0": 415.553322}}