{"model_id": {"0": "512-256-128"}, "optimizer": {"0": "Adam"}, "learning_rate": {"0": 0.001}, "input_prob": {"0": 0.01}, "hidden_prob": {"0": 0.1}, "weight_constraint": {"0": 50}, "loss": {"0": 0.21840329468250275}, "accuracy": {"0": 0.9100514650344849}, "val_loss": {"0": 0.16107067465782166}, "val_accuracy": {"0": 0.9353929758071899}, "training_time": {"0": 526.690009}}