{"model_id": {"0": "256-256-256"}, "optimizer": {"0": "Adam"}, "learning_rate": {"0": 0.005}, "input_prob": {"0": 0.005}, "hidden_prob": {"0": 0.01}, "weight_constraint": {"0": 7}, "loss": {"0": 0.1712503284215927}, "accuracy": {"0": 0.9309489130973816}, "val_loss": {"0": 0.1623469889163971}, "val_accuracy": {"0": 0.9355005025863647}, "training_time": {"0": 496.802672}}