{"model_id": {"0": "512-256"}, "optimizer": {"0": "Adam"}, "learning_rate": {"0": 0.005}, "input_prob": {"0": 0.005}, "hidden_prob": {"0": 0.01}, "weight_constraint": {"0": 50}, "loss": {"0": 0.18543173372745514}, "accuracy": {"0": 0.9258500337600708}, "val_loss": {"0": 0.16480903327465057}, "val_accuracy": {"0": 0.9338439106941223}, "training_time": {"0": 462.818586}}