{"model_id": {"0": "512-256"}, "optimizer": {"0": "Adam"}, "learning_rate": {"0": 0.005}, "input_prob": {"0": 0.005}, "hidden_prob": {"0": 0.01}, "weight_constraint": {"0": 22}, "loss": {"0": 0.18590210378170013}, "accuracy": {"0": 0.9257544279098511}, "val_loss": {"0": 0.16761568188667297}, "val_accuracy": {"0": 0.9334781765937805}, "training_time": {"0": 468.256116}}