{"model_id": {"0": "512-256-128"}, "optimizer": {"0": "Adam"}, "learning_rate": {"0": 0.01}, "input_prob": {"0": 0.0005}, "hidden_prob": {"0": 0.005}, "weight_constraint": {"0": 33}, "loss": {"0": 0.19261924922466278}, "accuracy": {"0": 0.9235312938690186}, "val_loss": {"0": 0.1908649057149887}, "val_accuracy": {"0": 0.9249370694160461}, "training_time": {"0": 421.137617}}