{"model_id": {"0": "512-256"}, "optimizer": {"0": "Adam"}, "learning_rate": {"0": 0.005}, "input_prob": {"0": 0.005}, "hidden_prob": {"0": 0.01}, "weight_constraint": {"0": 10}, "loss": {"0": 0.19202740490436554}, "accuracy": {"0": 0.9229408502578735}, "val_loss": {"0": 0.17708972096443176}, "val_accuracy": {"0": 0.9301219582557678}, "training_time": {"0": 465.023592}}