{"model_id": {"0": "256-256-256"}, "optimizer": {"0": "Adam"}, "learning_rate": {"0": 0.005}, "input_prob": {"0": 0.005}, "hidden_prob": {"0": 0.01}, "weight_constraint": {"0": 15}, "loss": {"0": 0.16218702495098114}, "accuracy": {"0": 0.9351752400398254}, "val_loss": {"0": 0.14712834358215332}, "val_accuracy": {"0": 0.9423635601997375}, "training_time": {"0": 490.113141}}