{"model_id": {"0": "256-256-256"}, "optimizer": {"0": "Adam"}, "learning_rate": {"0": 0.001}, "input_prob": {"0": 0.01}, "hidden_prob": {"0": 0.1}, "weight_constraint": {"0": 1}, "loss": {"0": 0.28014615178108215}, "accuracy": {"0": 0.8849802017211914}, "val_loss": {"0": 0.2303658276796341}, "val_accuracy": {"0": 0.9061552286148071}, "training_time": {"0": 439.034255}}