{"model_id": {"0": "512-256-128"}, "optimizer": {"0": "Adam"}, "learning_rate": {"0": 0.001}, "input_prob": {"0": 0.01}, "hidden_prob": {"0": 0.1}, "weight_constraint": {"0": 10}, "loss": {"0": 0.21604281663894653}, "accuracy": {"0": 0.9110195636749268}, "val_loss": {"0": 0.15600532293319702}, "val_accuracy": {"0": 0.9369850158691406}, "training_time": {"0": 502.063595}}