{"model_id": {"0": "512-256"}, "optimizer": {"0": "Adam"}, "learning_rate": {"0": 0.001}, "input_prob": {"0": 0.01}, "hidden_prob": {"0": 0.1}, "weight_constraint": {"0": 4}, "loss": {"0": 0.25264856219291687}, "accuracy": {"0": 0.8962895274162292}, "val_loss": {"0": 0.2014596313238144}, "val_accuracy": {"0": 0.9202039837837219}, "training_time": {"0": 475.172937}}