{"model_id": {"0": "256-256-256"}, "optimizer": {"0": "Adam"}, "learning_rate": {"0": 0.005}, "input_prob": {"0": 0.005}, "hidden_prob": {"0": 0.01}, "weight_constraint": {"0": 3}, "loss": {"0": 0.2097691148519516}, "accuracy": {"0": 0.9142658114433289}, "val_loss": {"0": 0.19146831333637238}, "val_accuracy": {"0": 0.9234956502914429}, "training_time": {"0": 495.495246}}