{"model_id": {"0": "256-256-256"}, "optimizer": {"0": "Adam"}, "learning_rate": {"0": 0.01}, "input_prob": {"0": 0.0005}, "hidden_prob": {"0": 0.005}, "weight_constraint": {"0": 2}, "loss": {"0": 0.3189862370491028}, "accuracy": {"0": 0.8672022819519043}, "val_loss": {"0": 0.30668866634368896}, "val_accuracy": {"0": 0.8702480792999268}, "training_time": {"0": 489.994659}}