{"model_id": {"0": "512-256-128"}, "optimizer": {"0": "Adam"}, "learning_rate": {"0": 0.001}, "input_prob": {"0": 0.01}, "hidden_prob": {"0": 0.1}, "weight_constraint": {"0": 4}, "loss": {"0": 0.21664394438266754}, "accuracy": {"0": 0.9107064604759216}, "val_loss": {"0": 0.15985962748527527}, "val_accuracy": {"0": 0.9356080889701843}, "training_time": {"0": 497.453772}}