{"model_id": {"0": "512-256-128"}, "optimizer": {"0": "Adam"}, "learning_rate": {"0": 0.01}, "input_prob": {"0": 0.0005}, "hidden_prob": {"0": 0.005}, "weight_constraint": {"0": 7}, "loss": {"0": 0.1980796754360199}, "accuracy": {"0": 0.9201391935348511}, "val_loss": {"0": 0.2025146782398224}, "val_accuracy": {"0": 0.9187625050544739}, "training_time": {"0": 415.634895}}