{"model_id": {"0": "512-512"}, "optimizer": {"0": "Adam"}, "learning_rate": {"0": 0.005}, "input_prob": {"0": 0.005}, "hidden_prob": {"0": 0.01}, "weight_constraint": {"0": 50}, "loss": {"0": 0.16599129140377045}, "accuracy": {"0": 0.9343266487121582}, "val_loss": {"0": 0.1550028920173645}, "val_accuracy": {"0": 0.9385555386543274}, "training_time": {"0": 423.292694}}