{"model_id": {"0": "256-256-256"}, "optimizer": {"0": "Adam"}, "learning_rate": {"0": 0.01}, "input_prob": {"0": 0.0005}, "hidden_prob": {"0": 0.005}, "weight_constraint": {"0": 10}, "loss": {"0": 0.19544418156147003}, "accuracy": {"0": 0.9217479825019836}, "val_loss": {"0": 0.1935868263244629}, "val_accuracy": {"0": 0.9243776798248291}, "training_time": {"0": 489.17841}}