{"model_id": {"0": "256-256-256"}, "optimizer": {"0": "Adam"}, "learning_rate": {"0": 0.001}, "input_prob": {"0": 0.01}, "hidden_prob": {"0": 0.1}, "weight_constraint": {"0": 2}, "loss": {"0": 0.24071849882602692}, "accuracy": {"0": 0.9013238549232483}, "val_loss": {"0": 0.17536747455596924}, "val_accuracy": {"0": 0.9310040473937988}, "training_time": {"0": 508.480589}}