{"model_id": {"0": "512-256-128"}, "optimizer": {"0": "Adam"}, "learning_rate": {"0": 0.005}, "input_prob": {"0": 0.005}, "hidden_prob": {"0": 0.01}, "weight_constraint": {"0": 7}, "loss": {"0": 0.17934642732143402}, "accuracy": {"0": 0.927248477935791}, "val_loss": {"0": 0.16785427927970886}, "val_accuracy": {"0": 0.9340375661849976}, "training_time": {"0": 418.869275}}