{"model_id": {"0": "256-256-256"}, "optimizer": {"0": "Adam"}, "learning_rate": {"0": 0.01}, "input_prob": {"0": 0.0005}, "hidden_prob": {"0": 0.005}, "weight_constraint": {"0": 33}, "loss": {"0": 0.19117401540279388}, "accuracy": {"0": 0.9250587821006775}, "val_loss": {"0": 0.19165942072868347}, "val_accuracy": {"0": 0.9243346452713013}, "training_time": {"0": 489.738006}}