{"model_id": {"0": "512-256-128"}, "optimizer": {"0": "Adam"}, "learning_rate": {"0": 0.005}, "input_prob": {"0": 0.005}, "hidden_prob": {"0": 0.01}, "weight_constraint": {"0": 50}, "loss": {"0": 0.1631724238395691}, "accuracy": {"0": 0.934403121471405}, "val_loss": {"0": 0.15174108743667603}, "val_accuracy": {"0": 0.9417611360549927}, "training_time": {"0": 420.892306}}