{"model_id": {"0": "512-256-128"}, "optimizer": {"0": "Adam"}, "learning_rate": {"0": 0.005}, "input_prob": {"0": 0.005}, "hidden_prob": {"0": 0.01}, "weight_constraint": {"0": 10}, "loss": {"0": 0.17361439764499664}, "accuracy": {"0": 0.9297417402267456}, "val_loss": {"0": 0.16057570278644562}, "val_accuracy": {"0": 0.9355220198631287}, "training_time": {"0": 423.450133}}