{"model_id": {"0": "512-256-128"}, "optimizer": {"0": "Adam"}, "learning_rate": {"0": 0.01}, "input_prob": {"0": 0.0005}, "hidden_prob": {"0": 0.005}, "weight_constraint": {"0": 15}, "loss": {"0": 0.19063618779182434}, "accuracy": {"0": 0.924274742603302}, "val_loss": {"0": 0.18946455419063568}, "val_accuracy": {"0": 0.9243346452713013}, "training_time": {"0": 418.668529}}