{"model_id": {"0": "256-256-256"}, "optimizer": {"0": "Adam"}, "learning_rate": {"0": 0.005}, "input_prob": {"0": 0.005}, "hidden_prob": {"0": 0.01}, "weight_constraint": {"0": 4}, "loss": {"0": 0.1905338615179062}, "accuracy": {"0": 0.9226922392845154}, "val_loss": {"0": 0.17833790183067322}, "val_accuracy": {"0": 0.9286590218544006}, "training_time": {"0": 498.014972}}