{"model_id": {"0": "512-256"}, "optimizer": {"0": "Adam"}, "learning_rate": {"0": 0.001}, "input_prob": {"0": 0.01}, "hidden_prob": {"0": 0.1}, "weight_constraint": {"0": 2}, "loss": {"0": 0.2629998028278351}, "accuracy": {"0": 0.8920679688453674}, "val_loss": {"0": 0.21530668437480927}, "val_accuracy": {"0": 0.9147824048995972}, "training_time": {"0": 469.016068}}