{"model_id": {"0": "512-256-128"}, "optimizer": {"0": "Adam"}, "learning_rate": {"0": 0.001}, "input_prob": {"0": 0.01}, "hidden_prob": {"0": 0.1}, "weight_constraint": {"0": 3}, "loss": {"0": 0.21983088552951813}, "accuracy": {"0": 0.9097645878791809}, "val_loss": {"0": 0.16780440509319305}, "val_accuracy": {"0": 0.9324455261230469}, "training_time": {"0": 501.357887}}