{"model_id": {"0": "512-256"}, "optimizer": {"0": "Adam"}, "learning_rate": {"0": 0.001}, "input_prob": {"0": 0.01}, "hidden_prob": {"0": 0.1}, "weight_constraint": {"0": 15}, "loss": {"0": 0.2529042065143585}, "accuracy": {"0": 0.8955532312393188}, "val_loss": {"0": 0.19707663357257843}, "val_accuracy": {"0": 0.9216023683547974}, "training_time": {"0": 469.55022}}