{"model_id": {"0": "512-512"}, "optimizer": {"0": "Adam"}, "learning_rate": {"0": 0.01}, "input_prob": {"0": 0.0005}, "hidden_prob": {"0": 0.005}, "weight_constraint": {"0": 10}, "loss": {"0": 0.1882685422897339}, "accuracy": {"0": 0.9249345064163208}, "val_loss": {"0": 0.19890955090522766}, "val_accuracy": {"0": 0.9225059747695923}, "training_time": {"0": 412.066054}}