{"model_id": {"0": "512-256"}, "optimizer": {"0": "Adam"}, "learning_rate": {"0": 0.005}, "input_prob": {"0": 0.005}, "hidden_prob": {"0": 0.01}, "weight_constraint": {"0": 3}, "loss": {"0": 0.24619898200035095}, "accuracy": {"0": 0.8995429277420044}, "val_loss": {"0": 0.23080436885356903}, "val_accuracy": {"0": 0.9060261249542236}, "training_time": {"0": 464.934283}}