{"model_id": {"0": "512-256"}, "optimizer": {"0": "Adam"}, "learning_rate": {"0": 0.001}, "input_prob": {"0": 0.01}, "hidden_prob": {"0": 0.1}, "weight_constraint": {"0": 3}, "loss": {"0": 0.2516143023967743}, "accuracy": {"0": 0.8968871235847473}, "val_loss": {"0": 0.20228666067123413}, "val_accuracy": {"0": 0.9200963973999023}, "training_time": {"0": 467.060786}}