{"model_id": {"0": "256-256-256"}, "optimizer": {"0": "Adam"}, "learning_rate": {"0": 0.001}, "input_prob": {"0": 0.002}, "hidden_prob": {"0": 0}, "weight_constraint": {"0": 0}, "loss": {"0": 0.15867994725704193}, "accuracy": {"0": 0.9373027682304382}, "val_loss": {"0": 0.17732444405555725}, "val_accuracy": {"0": 0.9282072186470032}, "training_time": {"0": 403.411911}}