{"model_id": {"0": "512-512"}, "optimizer": {"0": "Adam"}, "learning_rate": {"0": 0.001}, "input_prob": {"0": 0.0002}, "hidden_prob": {"0": 0}, "weight_constraint": {"0": 0}, "loss": {"0": 0.16415393352508545}, "accuracy": {"0": 0.9342644810676575}, "val_loss": {"0": 0.1787477731704712}, "val_accuracy": {"0": 0.9298853278160095}, "training_time": {"0": 419.537318}}