{"model_id": {"0": "512-512"}, "optimizer": {"0": "Adam"}, "learning_rate": {"0": 0.01}, "input_prob": {"0": 0.01}, "hidden_prob": {"0": 0}, "weight_constraint": {"0": 0}, "loss": {"0": 0.20285414159297943}, "accuracy": {"0": 0.9196180701255798}, "val_loss": {"0": 0.19138868153095245}, "val_accuracy": {"0": 0.9249155521392822}, "training_time": {"0": 397.824336}}