{"model_id": {"0": "256-256-256"}, "optimizer": {"0": "Adam"}, "learning_rate": {"0": 0.01}, "input_prob": {"0": 0.0005}, "hidden_prob": {"0": 0}, "weight_constraint": {"0": 0}, "loss": {"0": 0.16387207806110382}, "accuracy": {"0": 0.9355242848396301}, "val_loss": {"0": 0.1800086349248886}, "val_accuracy": {"0": 0.9311761856079102}, "training_time": {"0": 458.598382}}