{"model_id": {"0": "512-256-128"}, "optimizer": {"0": "Adam"}, "learning_rate": {"0": 0.001}, "input_prob": {"0": 0.05}, "hidden_prob": {"0": 0}, "weight_constraint": {"0": 0}, "loss": {"0": 0.24876472353935242}, "accuracy": {"0": 0.8966098427772522}, "val_loss": {"0": 0.27105918526649475}, "val_accuracy": {"0": 0.8895893096923828}, "training_time": {"0": 412.517419}}