{"model_id": {"0": "512-256"}, "optimizer": {"0": "Adam"}, "learning_rate": {"0": 0.01}, "input_prob": {"0": 0.002}, "hidden_prob": {"0": 0}, "weight_constraint": {"0": 0}, "loss": {"0": 0.1815297156572342}, "accuracy": {"0": 0.9294500946998596}, "val_loss": {"0": 0.1873360127210617}, "val_accuracy": {"0": 0.927949070930481}, "training_time": {"0": 390.208183}}