{"model_id": {"0": "512-256-128"}, "optimizer": {"0": "Adam"}, "learning_rate": {"0": 0.01}, "input_prob": {"0": 0.1}, "hidden_prob": {"0": 0}, "weight_constraint": {"0": 0}, "loss": {"0": 0.3523766100406647}, "accuracy": {"0": 0.8502418994903564}, "val_loss": {"0": 0.7440999150276184}, "val_accuracy": {"0": 0.75411456823349}, "training_time": {"0": 406.43956}}