{"model_id": {"0": "256-256-256"}, "optimizer": {"0": "Adam"}, "learning_rate": {"0": 0.001}, "input_prob": {"0": 0.0002}, "hidden_prob": {"0": 0}, "weight_constraint": {"0": 0}, "loss": {"0": 0.15195229649543762}, "accuracy": {"0": 0.9395521879196167}, "val_loss": {"0": 0.16968432068824768}, "val_accuracy": {"0": 0.9327682256698608}, "training_time": {"0": 445.599679}}