{"model_id": {"0": "512-256-128"}, "optimizer": {"0": "Adam"}, "learning_rate": {"0": 0.01}, "input_prob": {"0": 0.0002}, "hidden_prob": {"0": 0}, "weight_constraint": {"0": 0}, "loss": {"0": 0.16398809850215912}, "accuracy": {"0": 0.9352589249610901}, "val_loss": {"0": 0.19617365300655365}, "val_accuracy": {"0": 0.9250446557998657}, "training_time": {"0": 412.781041}}