{"model_id": {"0": "512-256-128"}, "optimizer": {"0": "Adam"}, "learning_rate": {"0": 0.001}, "input_prob": {"0": 0.01}, "hidden_prob": {"0": 0}, "weight_constraint": {"0": 0}, "loss": {"0": 0.1832781732082367}, "accuracy": {"0": 0.9264882802963257}, "val_loss": {"0": 0.17273126542568207}, "val_accuracy": {"0": 0.9311546683311462}, "training_time": {"0": 411.143875}}