{"model_id": {"0": "512-256"}, "optimizer": {"0": "Adam"}, "learning_rate": {"0": 0.001}, "input_prob": {"0": 0.001}, "hidden_prob": {"0": 0}, "weight_constraint": {"0": 0}, "loss": {"0": 0.21096056699752808}, "accuracy": {"0": 0.9160372018814087}, "val_loss": {"0": 0.21868623793125153}, "val_accuracy": {"0": 0.9126740097999573}, "training_time": {"0": 390.991613}}