{"model_id": {"0": "512-512"}, "optimizer": {"0": "Adam"}, "learning_rate": {"0": 0.01}, "input_prob": {"0": 0.005}, "hidden_prob": {"0": 0}, "weight_constraint": {"0": 0}, "loss": {"0": 0.1799641251564026}, "accuracy": {"0": 0.9293831586837769}, "val_loss": {"0": 0.18286944925785065}, "val_accuracy": {"0": 0.9272820949554443}, "training_time": {"0": 407.557995}}