{"model_id": {"0": "256-256-256"}, "optimizer": {"0": "Adam"}, "learning_rate": {"0": 0.01}, "input_prob": {"0": 0.001}, "hidden_prob": {"0": 0}, "weight_constraint": {"0": 0}, "loss": {"0": 0.1707204282283783}, "accuracy": {"0": 0.9333465695381165}, "val_loss": {"0": 0.18146006762981415}, "val_accuracy": {"0": 0.9299283623695374}, "training_time": {"0": 403.579901}}