{"model_id": {"0": "512-256-128"}, "optimizer": {"0": "Adam"}, "learning_rate": {"0": 0.01}, "input_prob": {"0": 0.001}, "hidden_prob": {"0": 0}, "weight_constraint": {"0": 0}, "loss": {"0": 0.17028316855430603}, "accuracy": {"0": 0.9330310225486755}, "val_loss": {"0": 0.1918417364358902}, "val_accuracy": {"0": 0.9255824685096741}, "training_time": {"0": 416.050994}}