{"model_id": {"0": "512-512"}, "optimizer": {"0": "Adam"}, "learning_rate": {"0": 0.001}, "input_prob": {"0": 0.0001}, "hidden_prob": {"0": 0}, "weight_constraint": {"0": 0}, "loss": {"0": 0.17111623287200928}, "accuracy": {"0": 0.9311401844024658}, "val_loss": {"0": 0.18756626546382904}, "val_accuracy": {"0": 0.9263355135917664}, "training_time": {"0": 423.968292}}