{"model_id": {"0": "512-256-128"}, "optimizer": {"0": "Adam"}, "learning_rate": {"0": 0.01}, "input_prob": {"0": 0.005}, "hidden_prob": {"0": 0}, "weight_constraint": {"0": 0}, "loss": {"0": 0.19317583739757538}, "accuracy": {"0": 0.9232205152511597}, "val_loss": {"0": 0.18942007422447205}, "val_accuracy": {"0": 0.9260127544403076}, "training_time": {"0": 402.897103}}