{"model_id": {"0": "512-256-128"}, "optimizer": {"0": "Adam"}, "learning_rate": {"0": 0.001}, "input_prob": {"0": 0.0001}, "hidden_prob": {"0": 0}, "weight_constraint": {"0": 0}, "loss": {"0": 0.14961253106594086}, "accuracy": {"0": 0.9399083852767944}, "val_loss": {"0": 0.17295129597187042}, "val_accuracy": {"0": 0.9321873188018799}, "training_time": {"0": 411.749036}}