{"model_id": {"0": "512-256-128"}, "optimizer": {"0": "Adam"}, "learning_rate": {"0": 0.001}, "input_prob": {"0": 0.2}, "hidden_prob": {"0": 0}, "weight_constraint": {"0": 0}, "loss": {"0": 0.40301603078842163}, "accuracy": {"0": 0.8241666555404663}, "val_loss": {"0": 1.4576925039291382}, "val_accuracy": {"0": 0.6080763936042786}, "training_time": {"0": 417.438303}}