{"model_id": {"0": "512-256-128"}, "optimizer": {"0": "Adam"}, "learning_rate": {"0": 0.01}, "input_prob": {"0": 0.2}, "hidden_prob": {"0": 0}, "weight_constraint": {"0": 0}, "loss": {"0": 0.4703061580657959}, "accuracy": {"0": 0.7955431938171387}, "val_loss": {"0": 1.6472021341323853}, "val_accuracy": {"0": 0.5931886434555054}, "training_time": {"0": 417.009214}}