{"model_id": {"0": "512-512"}, "optimizer": {"0": "Adam"}, "learning_rate": {"0": 0.01}, "input_prob": {"0": 0.02}, "hidden_prob": {"0": 0}, "weight_constraint": {"0": 0}, "loss": {"0": 0.22824889421463013}, "accuracy": {"0": 0.9075701236724854}, "val_loss": {"0": 0.2062322199344635}, "val_accuracy": {"0": 0.918160080909729}, "training_time": {"0": 399.687262}}