{"model_id": {"0": "256-256-256"}, "optimizer": {"0": "Adam"}, "learning_rate": {"0": 0.001}, "input_prob": {"0": 0.005}, "hidden_prob": {"0": 0}, "weight_constraint": {"0": 0}, "loss": {"0": 0.17601871490478516}, "accuracy": {"0": 0.9304230213165283}, "val_loss": {"0": 0.17185468971729279}, "val_accuracy": {"0": 0.9314988851547241}, "training_time": {"0": 391.686787}}