{"model_id": {"0": "512-256-128"}, "optimizer": {"0": "Adam"}, "learning_rate": {"0": 0.001}, "input_prob": {"0": 0.005}, "hidden_prob": {"0": 0}, "weight_constraint": {"0": 0}, "loss": {"0": 0.17745162546634674}, "accuracy": {"0": 0.9298636317253113}, "val_loss": {"0": 0.18084630370140076}, "val_accuracy": {"0": 0.9267227649688721}, "training_time": {"0": 406.381364}}