{"model_id": {"0": "512-256"}, "optimizer": {"0": "Adam"}, "learning_rate": {"0": 0.01}, "input_prob": {"0": 0.01}, "hidden_prob": {"0": 0}, "weight_constraint": {"0": 0}, "loss": {"0": 0.2171347290277481}, "accuracy": {"0": 0.913589358329773}, "val_loss": {"0": 0.20665594935417175}, "val_accuracy": {"0": 0.9159656763076782}, "training_time": {"0": 388.848509}}