{"model_id": {"0": "512-512"}, "optimizer": {"0": "Adam"}, "learning_rate": {"0": 0.01}, "input_prob": {"0": 0.2}, "hidden_prob": {"0": 0}, "weight_constraint": {"0": 0}, "loss": {"0": 0.4569740891456604}, "accuracy": {"0": 0.8003982305526733}, "val_loss": {"0": 1.762154459953308}, "val_accuracy": {"0": 0.5645747780799866}, "training_time": {"0": 433.053379}}