{"model_id": {"0": "512-256"}, "optimizer": {"0": "Adam"}, "learning_rate": {"0": 0.001}, "input_prob": {"0": 0.0002}, "hidden_prob": {"0": 0}, "weight_constraint": {"0": 0}, "loss": {"0": 0.20825105905532837}, "accuracy": {"0": 0.9157766103744507}, "val_loss": {"0": 0.2232135385274887}, "val_accuracy": {"0": 0.9085002541542053}, "training_time": {"0": 384.16021}}