{"model_id": {"0": "256-256-256", "1": "256-256-256", "2": "256-256-256", "3": "512-256", "4": "512-256", "5": "512-256", "6": "512-256-128", "7": "512-256-128", "8": "512-256-128", "9": "512-512", "10": "512-512", "11": "512-512"}, "optimizer": {"0": "Adam", "1": "Adam", "2": "Adam", "3": "Adam", "4": "Adam", "5": "Adam", "6": "Adam", "7": "Adam", "8": "Adam", "9": "Adam", "10": "Adam", "11": "Adam"}, "learning_rate": {"0": 0.001, "1": 0.005, "2": 0.01, "3": 0.001, "4": 0.005, "5": 0.01, "6": 0.001, "7": 0.005, "8": 0.01, "9": 0.001, "10": 0.005, "11": 0.01}, "input_prob": {"0": 0.0, "1": 0.0, "2": 0.0, "3": 0.0, "4": 0.0, "5": 0.0, "6": 0.0, "7": 0.0, "8": 0.0, "9": 0.0, "10": 0.0, "11": 0.0}, "hidden_prob": {"0": 0.0, "1": 0.0, "2": 0.0, "3": 0.0, "4": 0.0, "5": 0.0, "6": 0.0, "7": 0.0, "8": 0.0, "9": 0.0, "10": 0.0, "11": 0.0}, "weight_constraint": {"0": 0, "1": 0, "2": 0, "3": 0, "4": 0, "5": 0, "6": 0, "7": 0, "8": 0, "9": 0, "10": 0, "11": 0}, "loss": {"0": 0.14506833255290985, "1": 0.10855891555547714, "2": 0.14960794150829315, "3": 0.20293062925338745, "4": 0.13432849943637848, "5": 0.16832731664180756, "6": 0.1452406644821167, "7": 0.11647115647792816, "8": 0.15948042273521423, "9": 0.16873015463352203, "10": 0.11294923722743988, "11": 0.14523658156394958}, "accuracy": {"0": 0.9410677552223206, "1": 0.9563046097755432, "2": 0.9408119916915894, "3": 0.9179663062095642, "4": 0.9461547136306763, "5": 0.9325768351554871, "6": 0.9412136077880859, "7": 0.9528910517692566, "8": 0.9368151426315308, "9": 0.9316182732582092, "10": 0.9547340869903564, "11": 0.9422295689582825}, "val_loss": {"0": 0.16547663509845734, "1": 0.14560163021087646, "2": 0.18220831453800201, "3": 0.21659332513809204, "4": 0.1816382259130478, "5": 0.19618470966815948, "6": 0.1722225844860077, "7": 0.15848037600517273, "8": 0.18250414729118347, "9": 0.19012756645679474, "10": 0.15672068297863007, "11": 0.19509899616241455}, "val_accuracy": {"0": 0.9347690343856812, "1": 0.9472257494926453, "2": 0.9309825301170349, "3": 0.9138572812080383, "4": 0.9317140579223633, "5": 0.9242056012153625, "6": 0.932402491569519, "7": 0.9400830268859863, "8": 0.930337131023407, "9": 0.9236246943473816, "10": 0.9441922307014465, "11": 0.9291968941688538}, "training_time": {"0": 330.503106, "1": 319.023617, "2": 326.109336, "3": 323.095061, "4": 312.144355, "5": 319.805532, "6": 342.052464, "7": 329.271779, "8": 343.742363, "9": 350.771393, "10": 341.636586, "11": 340.160252}}