{"model_id": {"0": "256-256-256", "1": "512-256", "2": "512-256-128", "3": "512-512"}, "optimizer": {"0": "Adam", "1": "Adam", "2": "Adam", "3": "Adam"}, "learning_rate": {"0": 0.005, "1": 0.005, "2": 0.005, "3": 0.005}, "input_prob": {"0": 0.01, "1": 0.01, "2": 0.01, "3": 0.01}, "hidden_prob": {"0": 0.1, "1": 0.1, "2": 0.1, "3": 0.1}, "weight_constraint": {"0": 0, "1": 0, "2": 0, "3": 0}, "loss": {"0": 0.25096574425697327, "1": 0.23951351642608643, "2": 0.24581599235534668, "3": 0.22195382416248322}, "accuracy": {"0": 0.8975445032119751, "1": 0.9009270071983337, "2": 0.8992249965667725, "3": 0.9090665578842163}, "val_loss": {"0": 0.1823521852493286, "1": 0.18432974815368652, "2": 0.17635799944400787, "3": 0.16771665215492249}, "val_accuracy": {"0": 0.9270239472389221, "1": 0.9255179762840271, "2": 0.9293904900550842, "3": 0.9350702166557312}, "training_time": {"0": 368.727407, "1": 346.407223, "2": 377.419034, "3": 391.819344}}