{"model_id": {"0": "256-256-256"}, "optimizer": {"0": "Adam"}, "learning_rate": {"0": 0.005}, "input_prob": {"0": 0.0005}, "hidden_prob": {"0": 0.5}, "weight_constraint": {"0": 0}, "loss": {"0": 0.48790982365608215}, "accuracy": {"0": 0.79632967710495}, "val_loss": {"0": 0.38974061608314514}, "val_accuracy": {"0": 0.8369225859642029}, "training_time": {"0": 360.799053}}