{"model_id": {"0": "512-256-128"}, "optimizer": {"0": "Adam"}, "learning_rate": {"0": 0.005}, "input_prob": {"0": 0.05}, "hidden_prob": {"0": 0.005}, "weight_constraint": {"0": 0}, "loss": {"0": 0.24603107571601868}, "accuracy": {"0": 0.8970735669136047}, "val_loss": {"0": 0.2937983572483063}, "val_accuracy": {"0": 0.8863621950149536}, "training_time": {"0": 382.897591}}