{"model_id": {"0": "512-512"}, "optimizer": {"0": "Adam"}, "learning_rate": {"0": 0.005}, "input_prob": {"0": 0.0005}, "hidden_prob": {"0": 0.0005}, "weight_constraint": {"0": 0}, "loss": {"0": 0.12851835787296295}, "accuracy": {"0": 0.9499436020851135}, "val_loss": {"0": 0.16014470160007477}, "val_accuracy": {"0": 0.9384909868240356}, "training_time": {"0": 391.651467}}