{"model_id": {"0": "512-256-128"}, "optimizer": {"0": "Adam"}, "learning_rate": {"0": 0.005}, "input_prob": {"0": 0.005}, "hidden_prob": {"0": 0.0005}, "weight_constraint": {"0": 0}, "loss": {"0": 0.14211827516555786}, "accuracy": {"0": 0.9432048797607422}, "val_loss": {"0": 0.1639484316110611}, "val_accuracy": {"0": 0.936898946762085}, "training_time": {"0": 378.841521}}