{"model_id": {"0": "256-256-256"}, "optimizer": {"0": "Adam"}, "learning_rate": {"0": 0.005}, "input_prob": {"0": 0.5}, "hidden_prob": {"0": 0.005}, "weight_constraint": {"0": 0}, "loss": {"0": 0.6985018253326416}, "accuracy": {"0": 0.6848884224891663}, "val_loss": {"0": 2.643604278564453}, "val_accuracy": {"0": 0.37772423028945923}, "training_time": {"0": 362.112878}}