{"model_id": {"0": "512-512"}, "optimizer": {"0": "Adam"}, "learning_rate": {"0": 0.005}, "input_prob": {"0": 0.005}, "hidden_prob": {"0": 0.5}, "weight_constraint": {"0": 0}, "loss": {"0": 0.4023074805736542}, "accuracy": {"0": 0.8321102261543274}, "val_loss": {"0": 0.3311305046081543}, "val_accuracy": {"0": 0.8724855184555054}, "training_time": {"0": 399.973934}}