{"model_id": {"0": "512-256-128"}, "optimizer": {"0": "Adam"}, "learning_rate": {"0": 0.005}, "input_prob": {"0": 0.0005}, "hidden_prob": {"0": 0.05}, "weight_constraint": {"0": 0}, "loss": {"0": 0.17757630348205566}, "accuracy": {"0": 0.9279010891914368}, "val_loss": {"0": 0.15639503300189972}, "val_accuracy": {"0": 0.9373722672462463}, "training_time": {"0": 381.623952}}