{"model_id": {"0": "512-256"}, "optimizer": {"0": "Adam"}, "learning_rate": {"0": 0.005}, "input_prob": {"0": 0.0005}, "hidden_prob": {"0": 0.0005}, "weight_constraint": {"0": 0}, "loss": {"0": 0.14407920837402344}, "accuracy": {"0": 0.9435036778450012}, "val_loss": {"0": 0.16611194610595703}, "val_accuracy": {"0": 0.9350487589836121}, "training_time": {"0": 350.964085}}