{"model_id": {"0": "512-512"}, "optimizer": {"0": "Adam"}, "learning_rate": {"0": 0.005}, "input_prob": {"0": 0.05}, "hidden_prob": {"0": 0.5}, "weight_constraint": {"0": 0}, "loss": {"0": 0.484683096408844}, "accuracy": {"0": 0.7937933802604675}, "val_loss": {"0": 0.42112115025520325}, "val_accuracy": {"0": 0.827004611492157}, "training_time": {"0": 386.052772}}