{"model_id": {"0": "256-256-256"}, "optimizer": {"0": "Adam"}, "learning_rate": {"0": 0.005}, "input_prob": {"0": 0.005}, "hidden_prob": {"0": 0.005}, "weight_constraint": {"0": 0}, "loss": {"0": 0.14984682202339172}, "accuracy": {"0": 0.9398964643478394}, "val_loss": {"0": 0.14481252431869507}, "val_accuracy": {"0": 0.9434607625007629}, "training_time": {"0": 367.203243}}