{"model_id": {"0": "512-256"}, "optimizer": {"0": "Adam"}, "learning_rate": {"0": 0.005}, "input_prob": {"0": 0.05}, "hidden_prob": {"0": 0.005}, "weight_constraint": {"0": 0}, "loss": {"0": 0.2624388635158539}, "accuracy": {"0": 0.8907842636108398}, "val_loss": {"0": 0.27127861976623535}, "val_accuracy": {"0": 0.8898904919624329}, "training_time": {"0": 350.935434}}