{"model_id": {"0": "512-512"}, "optimizer": {"0": "Adam"}, "learning_rate": {"0": 0.005}, "input_prob": {"0": 0.0005}, "hidden_prob": {"0": 0.05}, "weight_constraint": {"0": 0}, "loss": {"0": 0.1640383005142212}, "accuracy": {"0": 0.9341473579406738}, "val_loss": {"0": 0.1556021124124527}, "val_accuracy": {"0": 0.938082218170166}, "training_time": {"0": 388.784331}}