{"model_id": {"0": "512-256-128"}, "optimizer": {"0": "Adam"}, "learning_rate": {"0": 0.005}, "input_prob": {"0": 0.5}, "hidden_prob": {"0": 0.5}, "weight_constraint": {"0": 0}, "loss": {"0": 0.8374046683311462}, "accuracy": {"0": 0.6295729875564575}, "val_loss": {"0": 2.765451431274414}, "val_accuracy": {"0": 0.308276504278183}, "training_time": {"0": 384.492878}}