{"model_id": {"0": "512-256-128"}, "optimizer": {"0": "Adam"}, "learning_rate": {"0": 0.005}, "input_prob": {"0": 0.05}, "hidden_prob": {"0": 0.0005}, "weight_constraint": {"0": 0}, "loss": {"0": 0.2361060529947281}, "accuracy": {"0": 0.9012951850891113}, "val_loss": {"0": 0.30657023191452026}, "val_accuracy": {"0": 0.8823820352554321}, "training_time": {"0": 384.190267}}