{"model_id": {"0": "512-512"}, "optimizer": {"0": "Adam"}, "learning_rate": {"0": 0.005}, "input_prob": {"0": 0.05}, "hidden_prob": {"0": 0.005}, "weight_constraint": {"0": 0}, "loss": {"0": 0.24237358570098877}, "accuracy": {"0": 0.8990265727043152}, "val_loss": {"0": 0.26303353905677795}, "val_accuracy": {"0": 0.8948817849159241}, "training_time": {"0": 393.082238}}