{"model_id": {"0": "512-512"}, "optimizer": {"0": "Adam"}, "learning_rate": {"0": 0.005}, "input_prob": {"0": 0.0005}, "hidden_prob": {"0": 0.005}, "weight_constraint": {"0": 0}, "loss": {"0": 0.13514067232608795}, "accuracy": {"0": 0.9471108913421631}, "val_loss": {"0": 0.1551060527563095}, "val_accuracy": {"0": 0.941373884677887}, "training_time": {"0": 394.943039}}