{"model_id": {"0": "512-256-128"}, "optimizer": {"0": "Adam"}, "learning_rate": {"0": 0.005}, "input_prob": {"0": 0.5}, "hidden_prob": {"0": 0.005}, "weight_constraint": {"0": 0}, "loss": {"0": 0.700358510017395}, "accuracy": {"0": 0.6839107275009155}, "val_loss": {"0": 2.9618232250213623}, "val_accuracy": {"0": 0.3003162443637848}, "training_time": {"0": 383.13987}}