{"model_id": {"0": "512-256"}, "optimizer": {"0": "Adam"}, "learning_rate": {"0": 0.005}, "input_prob": {"0": 0.005}, "hidden_prob": {"0": 0.05}, "weight_constraint": {"0": 0}, "loss": {"0": 0.20061202347278595}, "accuracy": {"0": 0.9183535575866699}, "val_loss": {"0": 0.16592805087566376}, "val_accuracy": {"0": 0.9339945316314697}, "training_time": {"0": 359.763063}}