{"model_id": {"0": "512-512"}, "optimizer": {"0": "Adam"}, "learning_rate": {"0": 0.005}, "input_prob": {"0": 0.005}, "hidden_prob": {"0": 0.005}, "weight_constraint": {"0": 0}, "loss": {"0": 0.16016016900539398}, "accuracy": {"0": 0.9375920295715332}, "val_loss": {"0": 0.15823952853679657}, "val_accuracy": {"0": 0.9388567209243774}, "training_time": {"0": 390.861225}}