{"model_id": {"0": "512-256"}, "optimizer": {"0": "Adam"}, "learning_rate": {"0": 0.005}, "input_prob": {"0": 0.5}, "hidden_prob": {"0": 0.0005}, "weight_constraint": {"0": 0}, "loss": {"0": 0.7026463150978088}, "accuracy": {"0": 0.6824644804000854}, "val_loss": {"0": 2.8223538398742676}, "val_accuracy": {"0": 0.31283751130104065}, "training_time": {"0": 349.335917}}