{"model_id": {"0": "512-512"}, "optimizer": {"0": "Adam"}, "learning_rate": {"0": 0.005}, "input_prob": {"0": 0.5}, "hidden_prob": {"0": 0.05}, "weight_constraint": {"0": 0}, "loss": {"0": 0.7190973162651062}, "accuracy": {"0": 0.6745830774307251}, "val_loss": {"0": 3.158447742462158}, "val_accuracy": {"0": 0.4943525195121765}, "training_time": {"0": 386.878797}}