{"model_id": {"0": "512-256"}, "optimizer": {"0": "Adam"}, "learning_rate": {"0": 0.005}, "input_prob": {"0": 0.0005}, "hidden_prob": {"0": 0.05}, "weight_constraint": {"0": 0}, "loss": {"0": 0.18554513156414032}, "accuracy": {"0": 0.9249536395072937}, "val_loss": {"0": 0.17270192503929138}, "val_accuracy": {"0": 0.930659830570221}, "training_time": {"0": 350.433476}}