{"model_id": {"0": "512-512"}, "optimizer": {"0": "Adam"}, "learning_rate": {"0": 0.005}, "input_prob": {"0": 0.0005}, "hidden_prob": {"0": 0.5}, "weight_constraint": {"0": 0}, "loss": {"0": 0.3827713429927826}, "accuracy": {"0": 0.8410266637802124}, "val_loss": {"0": 0.31074240803718567}, "val_accuracy": {"0": 0.8797358274459839}, "training_time": {"0": 391.422377}}