{"model_id": {"0": "256-256-256"}, "optimizer": {"0": "Adam"}, "learning_rate": {"0": 0.005}, "input_prob": {"0": 0.5}, "hidden_prob": {"0": 0.05}, "weight_constraint": {"0": 0}, "loss": {"0": 0.7273414134979248}, "accuracy": {"0": 0.6712268590927124}, "val_loss": {"0": 3.0346293449401855}, "val_accuracy": {"0": 0.3432154953479767}, "training_time": {"0": 371.353169}}