{"model_id": {"0": "512-256-128"}, "optimizer": {"0": "Adam"}, "learning_rate": {"0": 0.005}, "input_prob": {"0": 0.05}, "hidden_prob": {"0": 0.05}, "weight_constraint": {"0": 0}, "loss": {"0": 0.2935155928134918}, "accuracy": {"0": 0.876470148563385}, "val_loss": {"0": 0.27045878767967224}, "val_accuracy": {"0": 0.8890084028244019}, "training_time": {"0": 378.646127}}