{"model_id": {"0": "256-256-256"}, "optimizer": {"0": "Adam"}, "learning_rate": {"0": 0.005}, "input_prob": {"0": 0.05}, "hidden_prob": {"0": 0.005}, "weight_constraint": {"0": 0}, "loss": {"0": 0.23739472031593323}, "accuracy": {"0": 0.9014983177185059}, "val_loss": {"0": 0.29864293336868286}, "val_accuracy": {"0": 0.8847271203994751}, "training_time": {"0": 365.855431}}