{"model_id": {"0": "512-256"}, "optimizer": {"0": "Adam"}, "learning_rate": {"0": 0.005}, "input_prob": {"0": 0.05}, "hidden_prob": {"0": 0.0005}, "weight_constraint": {"0": 0}, "loss": {"0": 0.2625748813152313}, "accuracy": {"0": 0.8907532095909119}, "val_loss": {"0": 0.27403080463409424}, "val_accuracy": {"0": 0.8857167363166809}, "training_time": {"0": 355.054794}}