{"model_id": {"0": "512-512"}, "optimizer": {"0": "Adam"}, "learning_rate": {"0": 0.005}, "input_prob": {"0": 0.005}, "hidden_prob": {"0": 0.0005}, "weight_constraint": {"0": 0}, "loss": {"0": 0.15520960092544556}, "accuracy": {"0": 0.9396048188209534}, "val_loss": {"0": 0.15632905066013336}, "val_accuracy": {"0": 0.9388352036476135}, "training_time": {"0": 389.859378}}