{"model_id": {"0": "512-256-128"}, "optimizer": {"0": "Adam"}, "learning_rate": {"0": 0.005}, "input_prob": {"0": 0.005}, "hidden_prob": {"0": 0.05}, "weight_constraint": {"0": 0}, "loss": {"0": 0.19635769724845886}, "accuracy": {"0": 0.9199671149253845}, "val_loss": {"0": 0.1576942354440689}, "val_accuracy": {"0": 0.936275064945221}, "training_time": {"0": 377.445931}}