{"model_id": {"0": "512-512"}, "optimizer": {"0": "Adam"}, "learning_rate": {"0": 0.005}, "input_prob": {"0": 0.05}, "hidden_prob": {"0": 0.0005}, "weight_constraint": {"0": 0}, "loss": {"0": 0.23498675227165222}, "accuracy": {"0": 0.9024306535720825}, "val_loss": {"0": 0.3092900812625885}, "val_accuracy": {"0": 0.8762074708938599}, "training_time": {"0": 396.761243}}