{"model_id": {"0": "256-256-256"}, "optimizer": {"0": "Adam"}, "learning_rate": {"0": 0.005}, "input_prob": {"0": 0.005}, "hidden_prob": {"0": 0.05}, "weight_constraint": {"0": 0}, "loss": {"0": 0.19682440161705017}, "accuracy": {"0": 0.9197567701339722}, "val_loss": {"0": 0.1555042266845703}, "val_accuracy": {"0": 0.9388997554779053}, "training_time": {"0": 363.818608}}