{"model_id": {"0": "256-256-256"}, "optimizer": {"0": "Adam"}, "learning_rate": {"0": 0.005}, "input_prob": {"0": 0.05}, "hidden_prob": {"0": 0.5}, "weight_constraint": {"0": 0}, "loss": {"0": 0.565952718257904}, "accuracy": {"0": 0.7623204588890076}, "val_loss": {"0": 0.4809539020061493}, "val_accuracy": {"0": 0.7935500741004944}, "training_time": {"0": 375.631762}}