{"model_id": {"0": "512-256"}, "optimizer": {"0": "Adam"}, "learning_rate": {"0": 0.005}, "input_prob": {"0": 0.05}, "hidden_prob": {"0": 0.05}, "weight_constraint": {"0": 0}, "loss": {"0": 0.29514509439468384}, "accuracy": {"0": 0.8753585815429688}, "val_loss": {"0": 0.27778393030166626}, "val_accuracy": {"0": 0.8847056031227112}, "training_time": {"0": 354.761046}}