{"model_id": {"0": "512-256-128"}, "optimizer": {"0": "Adam"}, "learning_rate": {"0": 0.005}, "input_prob": {"0": 0.0005}, "hidden_prob": {"0": 0.5}, "weight_constraint": {"0": 0}, "loss": {"0": 0.45967698097229004}, "accuracy": {"0": 0.8095561265945435}, "val_loss": {"0": 0.361271470785141}, "val_accuracy": {"0": 0.8504980802536011}, "training_time": {"0": 385.873971}}