{"model_id": {"0": "512-256-128"}, "optimizer": {"0": "Adam"}, "learning_rate": {"0": 0.005}, "input_prob": {"0": 0.005}, "hidden_prob": {"0": 0.005}, "weight_constraint": {"0": 0}, "loss": {"0": 0.15561699867248535}, "accuracy": {"0": 0.9376804828643799}, "val_loss": {"0": 0.1457022875547409}, "val_accuracy": {"0": 0.9428368806838989}, "training_time": {"0": 383.745289}}