{"model_id": {"0": "512-512"}, "optimizer": {"0": "Adam"}, "learning_rate": {"0": 0.005}, "input_prob": {"0": 0.01}, "hidden_prob": {"0": 0.1}, "weight_constraint": {"0": 4}, "loss": {"0": 0.2646455764770508}, "accuracy": {"0": 0.891331672668457}, "val_loss": {"0": 0.22134363651275635}, "val_accuracy": {"0": 0.9123942852020264}, "training_time": {"0": 504.056169}}