{"model_id": {"0": "512-256"}, "optimizer": {"0": "Adam"}, "learning_rate": {"0": 0.005}, "input_prob": {"0": 0.01}, "hidden_prob": {"0": 0.1}, "weight_constraint": {"0": 1}, "loss": {"0": 0.4377438426017761}, "accuracy": {"0": 0.8136940598487854}, "val_loss": {"0": 0.4088645875453949}, "val_accuracy": {"0": 0.8261655569076538}, "training_time": {"0": 458.134359}}