{"model_id": {"0": "512-256"}, "optimizer": {"0": "Adam"}, "learning_rate": {"0": 0.005}, "input_prob": {"0": 0.01}, "hidden_prob": {"0": 0.1}, "weight_constraint": {"0": 7}, "loss": {"0": 0.2542356550693512}, "accuracy": {"0": 0.8950321078300476}, "val_loss": {"0": 0.19795218110084534}, "val_accuracy": {"0": 0.9217314720153809}, "training_time": {"0": 453.189474}}