{"model_id": {"0": "512-256-128"}, "optimizer": {"0": "Adam"}, "learning_rate": {"0": 0.005}, "input_prob": {"0": 0.01}, "hidden_prob": {"0": 0.1}, "weight_constraint": {"0": 2}, "loss": {"0": 0.34229233860969543}, "accuracy": {"0": 0.8571097254753113}, "val_loss": {"0": 0.2822343707084656}, "val_accuracy": {"0": 0.8823174834251404}, "training_time": {"0": 498.378353}}