{"model_id": {"0": "512-256"}, "optimizer": {"0": "Adam"}, "learning_rate": {"0": 0.005}, "input_prob": {"0": 0.01}, "hidden_prob": {"0": 0.1}, "weight_constraint": {"0": 33}, "loss": {"0": 0.23857951164245605}, "accuracy": {"0": 0.901739776134491}, "val_loss": {"0": 0.18555107712745667}, "val_accuracy": {"0": 0.9265721440315247}, "training_time": {"0": 455.580884}}