{"model_id": {"0": "512-512"}, "optimizer": {"0": "Adam"}, "learning_rate": {"0": 0.005}, "input_prob": {"0": 0.01}, "hidden_prob": {"0": 0.1}, "weight_constraint": {"0": 2}, "loss": {"0": 0.3341592848300934}, "accuracy": {"0": 0.8607791066169739}, "val_loss": {"0": 0.29331985116004944}, "val_accuracy": {"0": 0.8799509406089783}, "training_time": {"0": 498.987734}}