{"model_id": {"0": "512-256-128"}, "optimizer": {"0": "Adam"}, "learning_rate": {"0": 0.005}, "input_prob": {"0": 0.01}, "hidden_prob": {"0": 0.1}, "weight_constraint": {"0": 50}, "loss": {"0": 0.24641314148902893}, "accuracy": {"0": 0.8985723853111267}, "val_loss": {"0": 0.1802365928888321}, "val_accuracy": {"0": 0.9270884990692139}, "training_time": {"0": 491.376926}}