{"model_id": {"0": "512-256-128"}, "optimizer": {"0": "Adam"}, "learning_rate": {"0": 0.005}, "input_prob": {"0": 0.01}, "hidden_prob": {"0": 0.1}, "weight_constraint": {"0": 33}, "loss": {"0": 0.25062909722328186}, "accuracy": {"0": 0.8966671824455261}, "val_loss": {"0": 0.18007612228393555}, "val_accuracy": {"0": 0.9280565977096558}, "training_time": {"0": 504.325387}}