{"model_id": {"0": "512-256"}, "optimizer": {"0": "Adam"}, "learning_rate": {"0": 0.005}, "input_prob": {"0": 0.01}, "hidden_prob": {"0": 0.1}, "weight_constraint": {"0": 50}, "loss": {"0": 0.23994594812393188}, "accuracy": {"0": 0.9005995392799377}, "val_loss": {"0": 0.1848662942647934}, "val_accuracy": {"0": 0.9259912371635437}, "training_time": {"0": 460.658982}}