{"model_id": {"0": "256-256-256"}, "optimizer": {"0": "Adam"}, "learning_rate": {"0": 0.005}, "input_prob": {"0": 0.01}, "hidden_prob": {"0": 0.1}, "weight_constraint": {"0": 2}, "loss": {"0": 0.3339052200317383}, "accuracy": {"0": 0.8614412546157837}, "val_loss": {"0": 0.2803869843482971}, "val_accuracy": {"0": 0.8821669220924377}, "training_time": {"0": 441.952246}}