{"model_id": {"0": "512-256-128"}, "optimizer": {"0": "Adam"}, "learning_rate": {"0": 0.005}, "input_prob": {"0": 0.01}, "hidden_prob": {"0": 0.1}, "weight_constraint": {"0": 3}, "loss": {"0": 0.30197247862815857}, "accuracy": {"0": 0.8752844929695129}, "val_loss": {"0": 0.24903780221939087}, "val_accuracy": {"0": 0.8964307904243469}, "training_time": {"0": 501.574455}}