{"model_id": {"0": "512-256"}, "optimizer": {"0": "Adam"}, "learning_rate": {"0": 0.005}, "input_prob": {"0": 0.01}, "hidden_prob": {"0": 0.1}, "weight_constraint": {"0": 4}, "loss": {"0": 0.2810644805431366}, "accuracy": {"0": 0.8834694027900696}, "val_loss": {"0": 0.2477182000875473}, "val_accuracy": {"0": 0.8977001309394836}, "training_time": {"0": 454.662496}}