{"model_id": {"0": "512-512"}, "optimizer": {"0": "Adam"}, "learning_rate": {"0": 0.005}, "input_prob": {"0": 0.01}, "hidden_prob": {"0": 0.1}, "weight_constraint": {"0": 1}, "loss": {"0": 0.4268547594547272}, "accuracy": {"0": 0.8184247612953186}, "val_loss": {"0": 0.387220561504364}, "val_accuracy": {"0": 0.8341257572174072}, "training_time": {"0": 492.736894}}