{"model_id": {"0": "256-256-256"}, "optimizer": {"0": "Adam"}, "learning_rate": {"0": 0.005}, "input_prob": {"0": 0.01}, "hidden_prob": {"0": 0.1}, "weight_constraint": {"0": 33}, "loss": {"0": 0.25488048791885376}, "accuracy": {"0": 0.8956273794174194}, "val_loss": {"0": 0.17422346770763397}, "val_accuracy": {"0": 0.9305307269096375}, "training_time": {"0": 497.298219}}