{"model_id": {"0": "512-512"}, "optimizer": {"0": "Adam"}, "learning_rate": {"0": 0.005}, "input_prob": {"0": 0.01}, "hidden_prob": {"0": 0.1}, "weight_constraint": {"0": 33}, "loss": {"0": 0.2209383249282837}, "accuracy": {"0": 0.9098028540611267}, "val_loss": {"0": 0.1700197458267212}, "val_accuracy": {"0": 0.930638313293457}, "training_time": {"0": 490.319298}}