{"model_id": {"0": "256-256-256"}, "optimizer": {"0": "Adam"}, "learning_rate": {"0": 0.005}, "input_prob": {"0": 0.01}, "hidden_prob": {"0": 0.1}, "weight_constraint": {"0": 4}, "loss": {"0": 0.2783125340938568}, "accuracy": {"0": 0.8852288126945496}, "val_loss": {"0": 0.20413897931575775}, "val_accuracy": {"0": 0.9176437854766846}, "training_time": {"0": 478.373519}}