{"model_id": {"0": "256-256-256"}, "optimizer": {"0": "Adam"}, "learning_rate": {"0": 0.005}, "input_prob": {"0": 0.01}, "hidden_prob": {"0": 0.1}, "weight_constraint": {"0": 22}, "loss": {"0": 0.24796649813652039}, "accuracy": {"0": 0.8982903361320496}, "val_loss": {"0": 0.17396287620067596}, "val_accuracy": {"0": 0.9303801655769348}, "training_time": {"0": 490.617088}}