{"model_id": {"0": "512-512"}, "optimizer": {"0": "Adam"}, "learning_rate": {"0": 0.005}, "input_prob": {"0": 0.01}, "hidden_prob": {"0": 0.1}, "weight_constraint": {"0": 10}, "loss": {"0": 0.22692164778709412}, "accuracy": {"0": 0.9071542024612427}, "val_loss": {"0": 0.17968611419200897}, "val_accuracy": {"0": 0.9275187849998474}, "training_time": {"0": 499.384263}}