{"model_id": {"0": "256-256-256"}, "optimizer": {"0": "Adam"}, "learning_rate": {"0": 0.005}, "input_prob": {"0": 0.01}, "hidden_prob": {"0": 0.1}, "weight_constraint": {"0": 1}, "loss": {"0": 0.4235089123249054}, "accuracy": {"0": 0.8213841915130615}, "val_loss": {"0": 0.40733906626701355}, "val_accuracy": {"0": 0.8265958428382874}, "training_time": {"0": 526.468739}}