{"model_id": {"0": "512-512"}, "optimizer": {"0": "Adam"}, "learning_rate": {"0": 0.005}, "input_prob": {"0": 0.01}, "hidden_prob": {"0": 0.1}, "weight_constraint": {"0": 3}, "loss": {"0": 0.29126060009002686}, "accuracy": {"0": 0.879441499710083}, "val_loss": {"0": 0.2544802725315094}, "val_accuracy": {"0": 0.8942578434944153}, "training_time": {"0": 493.778008}}