{"model_id": {"0": "512-256-128"}, "optimizer": {"0": "Adam"}, "learning_rate": {"0": 0.005}, "input_prob": {"0": 0.01}, "hidden_prob": {"0": 0.1}, "weight_constraint": {"0": 4}, "loss": {"0": 0.2820031940937042}, "accuracy": {"0": 0.8830917477607727}, "val_loss": {"0": 0.22288386523723602}, "val_accuracy": {"0": 0.9103504419326782}, "training_time": {"0": 503.632283}}