{"model_id": {"0": "512-512"}, "optimizer": {"0": "Adam"}, "learning_rate": {"0": 0.005}, "input_prob": {"0": 0.01}, "hidden_prob": {"0": 0.1}, "weight_constraint": {"0": 15}, "loss": {"0": 0.2206394076347351}, "accuracy": {"0": 0.9098578095436096}, "val_loss": {"0": 0.1686715930700302}, "val_accuracy": {"0": 0.9325960874557495}, "training_time": {"0": 501.977678}}