{"model_id": {"0": "256-256-256"}, "optimizer": {"0": "Adam"}, "learning_rate": {"0": 0.005}, "input_prob": {"0": 0.05}, "hidden_prob": {"0": 0.05}, "weight_constraint": {"0": 3}, "loss": {"0": 0.3324701488018036}, "accuracy": {"0": 0.8602508306503296}, "val_loss": {"0": 0.3265318274497986}, "val_accuracy": {"0": 0.8621156811714172}, "training_time": {"0": 399.026364}}