{"model_id": {"0": "512-256"}, "optimizer": {"0": "Adam"}, "learning_rate": {"0": 0.005}, "input_prob": {"0": 0.005}, "hidden_prob": {"0": 0.005}, "weight_constraint": {"0": 10}, "loss": {"0": 0.18484583497047424}, "accuracy": {"0": 0.9258906841278076}, "val_loss": {"0": 0.17750711739063263}, "val_accuracy": {"0": 0.9281857013702393}, "training_time": {"0": 374.189881}}