{"model_id": {"0": "512-256-128"}, "optimizer": {"0": "Adam"}, "learning_rate": {"0": 0.005}, "input_prob": {"0": 0.05}, "hidden_prob": {"0": 0.05}, "weight_constraint": {"0": 10}, "loss": {"0": 0.2957150936126709}, "accuracy": {"0": 0.8759800791740417}, "val_loss": {"0": 0.2974056899547577}, "val_accuracy": {"0": 0.8777349591255188}, "training_time": {"0": 409.934751}}