{"model_id": {"0": "256-256-256"}, "optimizer": {"0": "Adam"}, "learning_rate": {"0": 0.005}, "input_prob": {"0": 0.005}, "hidden_prob": {"0": 0.005}, "weight_constraint": {"0": 1}, "loss": {"0": 0.34617793560028076}, "accuracy": {"0": 0.8561033606529236}, "val_loss": {"0": 0.3331955075263977}, "val_accuracy": {"0": 0.8629762530326843}, "training_time": {"0": 393.647389}}