{"model_id": {"0": "512-256-128"}, "optimizer": {"0": "Adam"}, "learning_rate": {"0": 0.005}, "input_prob": {"0": 0.005}, "hidden_prob": {"0": 0.005}, "weight_constraint": {"0": 1}, "loss": {"0": 0.35732853412628174}, "accuracy": {"0": 0.8511694073677063}, "val_loss": {"0": 0.35384073853492737}, "val_accuracy": {"0": 0.8512941002845764}, "training_time": {"0": 411.967489}}