{"model_id": {"0": "512-512"}, "optimizer": {"0": "Adam"}, "learning_rate": {"0": 0.005}, "input_prob": {"0": 0.05}, "hidden_prob": {"0": 0.05}, "weight_constraint": {"0": 3}, "loss": {"0": 0.34096965193748474}, "accuracy": {"0": 0.8560531735420227}, "val_loss": {"0": 0.39162352681159973}, "val_accuracy": {"0": 0.8412899971008301}, "training_time": {"0": 409.898582}}