{"model_id": {"0": "512-256"}, "optimizer": {"0": "Adam"}, "learning_rate": {"0": 0.005}, "input_prob": {"0": 0.005}, "hidden_prob": {"0": 0.005}, "weight_constraint": {"0": 1}, "loss": {"0": 0.3705141246318817}, "accuracy": {"0": 0.8450570106506348}, "val_loss": {"0": 0.3649190068244934}, "val_accuracy": {"0": 0.8448182940483093}, "training_time": {"0": 367.341082}}