{"model_id": {"0": "512-256-128"}, "optimizer": {"0": "Adam"}, "learning_rate": {"0": 0.005}, "input_prob": {"0": 0.05}, "hidden_prob": {"0": 0.05}, "weight_constraint": {"0": 3}, "loss": {"0": 0.3468055725097656}, "accuracy": {"0": 0.853351891040802}, "val_loss": {"0": 0.3438667058944702}, "val_accuracy": {"0": 0.8551881313323975}, "training_time": {"0": 408.697961}}