{"model_id": {"0": "256-256-256"}, "optimizer": {"0": "Adam"}, "learning_rate": {"0": 0.005}, "input_prob": {"0": 0.005}, "hidden_prob": {"0": 0.005}, "weight_constraint": {"0": 3}, "loss": {"0": 0.20903392136096954}, "accuracy": {"0": 0.9150068759918213}, "val_loss": {"0": 0.19584964215755463}, "val_accuracy": {"0": 0.9210215210914612}, "training_time": {"0": 397.297034}}