{"model_id": {"0": "512-256-128"}, "optimizer": {"0": "Adam"}, "learning_rate": {"0": 0.01}, "input_prob": {"0": 0}, "hidden_prob": {"0": 0}, "weight_constraint": {"0": 0}, "loss": {"0": 0.15948042273521423}, "accuracy": {"0": 0.9368151426315308}, "val_loss": {"0": 0.18250414729118347}, "val_accuracy": {"0": 0.930337131023407}, "training_time": {"0": 343.742363}}