{"model_id": {"0": "256-256-256", "1": "256-256-256", "2": "512-256", "3": "512-256", "4": "512-256-128", "5": "512-256-128", "6": "512-512", "7": "512-512"}, "optimizer": {"0": "Adam", "1": "Adam", "2": "Adam", "3": "Adam", "4": "Adam", "5": "Adam", "6": "Adam", "7": "Adam"}, "learning_rate": {"0": 0.001, "1": 0.01, "2": 0.001, "3": 0.01, "4": 0.001, "5": 0.01, "6": 0.001, "7": 0.01}, "input_prob": {"0": 0.01, "1": 0.01, "2": 0.01, "3": 0.01, "4": 0.01, "5": 0.01, "6": 0.01, "7": 0.01}, "hidden_prob": {"0": 0.1, "1": 0.1, "2": 0.1, "3": 0.1, "4": 0.1, "5": 0.1, "6": 0.1, "7": 0.1}, "weight_constraint": {"0": 0, "1": 0, "2": 0, "3": 0, "4": 0, "5": 0, "6": 0, "7": 0}, "loss": {"0": 0.2297641634941101, "1": 0.3242611885070801, "2": 0.2531582713127136, "3": 0.284393310546875, "4": 0.2168593853712082, "5": 0.33028873801231384, "6": 0.23267482221126556, "7": 0.2874421775341034}, "accuracy": {"0": 0.9061358571052551, "1": 0.8667791485786438, "2": 0.8958185911178589, "3": 0.8823698163032532, "4": 0.9105797410011292, "5": 0.8651489019393921, "6": 0.9051868319511414, "7": 0.8823626637458801}, "val_loss": {"0": 0.15851299464702606, "1": 0.23481927812099457, "2": 0.20194870233535767, "3": 0.22248652577400208, "4": 0.161376491189003, "5": 0.24281632900238037, "6": 0.17804154753684998, "7": 0.22291788458824158}, "val_accuracy": {"0": 0.9368559122085571, "1": 0.9051870703697205, "2": 0.9186118841171265, "3": 0.9086723327636719, "4": 0.934812068939209, "5": 0.8993567228317261, "6": 0.9310255646705627, "7": 0.9111034870147705}, "training_time": {"0": 595.825446, "1": 503.977441, "2": 453.298571, "3": 493.308547, "4": 554.698888, "5": 488.891693, "6": 524.631618, "7": 533.249939}}