{"model_id": {"0": "256-256-256"}, "optimizer": {"0": "Adam"}, "learning_rate": {"0": 0.001}, "input_prob": {"0": 0.005}, "hidden_prob": {"0": 0.005}, "weight_constraint": {"0": 10}, "loss": {"0": 0.1718483567237854}, "accuracy": {"0": 0.9315417408943176}, "val_loss": {"0": 0.15211200714111328}, "val_accuracy": {"0": 0.9390288591384888}, "training_time": {"0": 390.401916}}