{"model_id": {"0": "512-512"}, "optimizer": {"0": "Adam"}, "learning_rate": {"0": 0.001}, "input_prob": {"0": 0.05}, "hidden_prob": {"0": 0.05}, "weight_constraint": {"0": 10}, "loss": {"0": 0.2889501750469208}, "accuracy": {"0": 0.8787004351615906}, "val_loss": {"0": 0.29522421956062317}, "val_accuracy": {"0": 0.8782297968864441}, "training_time": {"0": 405.091214}}