{"model_id": {"0": "256-256-256"}, "optimizer": {"0": "Adam"}, "learning_rate": {"0": 0.001}, "input_prob": {"0": 0.005}, "hidden_prob": {"0": 0.005}, "weight_constraint": {"0": 1}, "loss": {"0": 0.23583614826202393}, "accuracy": {"0": 0.9052370190620422}, "val_loss": {"0": 0.2120930254459381}, "val_accuracy": {"0": 0.9155353903770447}, "training_time": {"0": 527.597329}}