{"model_id": {"0": "512-256-128"}, "optimizer": {"0": "Adam"}, "learning_rate": {"0": 0.001}, "input_prob": {"0": 0.05}, "hidden_prob": {"0": 0.05}, "weight_constraint": {"0": 3}, "loss": {"0": 0.2684081494808197}, "accuracy": {"0": 0.8869499564170837}, "val_loss": {"0": 0.26559197902679443}, "val_accuracy": {"0": 0.8909232020378113}, "training_time": {"0": 403.188446}}