{"model_id": {"0": "256-256-256"}, "optimizer": {"0": "Adam"}, "learning_rate": {"0": 0.01}, "input_prob": {"0": 0.05}, "hidden_prob": {"0": 0.05}, "weight_constraint": {"0": 3}, "loss": {"0": 0.42194071412086487}, "accuracy": {"0": 0.8208080530166626}, "val_loss": {"0": 0.4115495979785919}, "val_accuracy": {"0": 0.8239065408706665}, "training_time": {"0": 393.341982}}