{"model_id": {"0": "512-512"}, "optimizer": {"0": "Adam"}, "learning_rate": {"0": 0.01}, "input_prob": {"0": 0.005}, "hidden_prob": {"0": 0.005}, "weight_constraint": {"0": 10}, "loss": {"0": 0.21653549373149872}, "accuracy": {"0": 0.9131279587745667}, "val_loss": {"0": 0.20407071709632874}, "val_accuracy": {"0": 0.9193434119224548}, "training_time": {"0": 403.782104}}