{"model_id": {"0": "512-256-128"}, "optimizer": {"0": "Adam"}, "learning_rate": {"0": 0.01}, "input_prob": {"0": 0.05}, "hidden_prob": {"0": 0.05}, "weight_constraint": {"0": 3}, "loss": {"0": 0.4282812774181366}, "accuracy": {"0": 0.8184367418289185}, "val_loss": {"0": 0.43123069405555725}, "val_accuracy": {"0": 0.81842041015625}, "training_time": {"0": 405.138702}}