{"model_id": {"0": "512-512"}, "optimizer": {"0": "Adam"}, "learning_rate": {"0": 0.001}, "input_prob": {"0": 0.005}, "hidden_prob": {"0": 0.005}, "weight_constraint": {"0": 1}, "loss": {"0": 0.2754170000553131}, "accuracy": {"0": 0.8877579569816589}, "val_loss": {"0": 0.26232245564460754}, "val_accuracy": {"0": 0.8927949070930481}, "training_time": {"0": 406.844385}}