{"model_id": {"0": "512-256-128"}, "optimizer": {"0": "Adam"}, "learning_rate": {"0": 0.01}, "input_prob": {"0": 0.05}, "hidden_prob": {"0": 0.05}, "weight_constraint": {"0": 1}, "loss": {"0": 0.570942223072052}, "accuracy": {"0": 0.7519577741622925}, "val_loss": {"0": 0.5638990998268127}, "val_accuracy": {"0": 0.7511886358261108}, "training_time": {"0": 403.053014}}