{"model_id": {"0": "512-256-128"}, "optimizer": {"0": "Adam"}, "learning_rate": {"0": 0.001}, "input_prob": {"0": 0.005}, "hidden_prob": {"0": 0.005}, "weight_constraint": {"0": 3}, "loss": {"0": 0.18891523778438568}, "accuracy": {"0": 0.924279510974884}, "val_loss": {"0": 0.18001990020275116}, "val_accuracy": {"0": 0.9281426668167114}, "training_time": {"0": 408.521742}}