{"model_id": {"0": "512-256"}, "optimizer": {"0": "Adam"}, "learning_rate": {"0": 0.01}, "input_prob": {"0": 0.005}, "hidden_prob": {"0": 0.005}, "weight_constraint": {"0": 1}, "loss": {"0": 0.4684801995754242}, "accuracy": {"0": 0.7983018159866333}, "val_loss": {"0": 0.46204429864883423}, "val_accuracy": {"0": 0.7997031211853027}, "training_time": {"0": 370.948689}}