{"model_id": {"0": "512-512"}, "optimizer": {"0": "Adam"}, "learning_rate": {"0": 0.01}, "input_prob": {"0": 0.005}, "hidden_prob": {"0": 0.005}, "weight_constraint": {"0": 1}, "loss": {"0": 0.4618740677833557}, "accuracy": {"0": 0.800747275352478}, "val_loss": {"0": 0.4487929344177246}, "val_accuracy": {"0": 0.8081581592559814}, "training_time": {"0": 414.227887}}