{"model_id": {"0": "512-256-128"}, "optimizer": {"0": "Adam"}, "learning_rate": {"0": 0.01}, "input_prob": {"0": 0.05}, "hidden_prob": {"0": 0.05}, "weight_constraint": {"0": 10}, "loss": {"0": 0.3576500117778778}, "accuracy": {"0": 0.8487980961799622}, "val_loss": {"0": 0.3373883068561554}, "val_accuracy": {"0": 0.8568447232246399}, "training_time": {"0": 404.744977}}