{"model_id": {"0": "256-256-256"}, "optimizer": {"0": "Adam"}, "learning_rate": {"0": 0.01}, "input_prob": {"0": 0.005}, "hidden_prob": {"0": 0.005}, "weight_constraint": {"0": 10}, "loss": {"0": 0.20927131175994873}, "accuracy": {"0": 0.9160467386245728}, "val_loss": {"0": 0.19157856702804565}, "val_accuracy": {"0": 0.9242701530456543}, "training_time": {"0": 391.926472}}