{"model_id": {"0": "512-512"}, "optimizer": {"0": "Adam"}, "learning_rate": {"0": 0.001}, "input_prob": {"0": 0.05}, "hidden_prob": {"0": 0.05}, "weight_constraint": {"0": 3}, "loss": {"0": 0.29691648483276367}, "accuracy": {"0": 0.8757434487342834}, "val_loss": {"0": 0.2678731083869934}, "val_accuracy": {"0": 0.887459397315979}, "training_time": {"0": 399.101172}}