{"model_id": {"0": "256-256-256", "1": "256-256-256", "2": "256-256-256", "3": "256-256-256", "4": "256-256-256", "5": "256-256-256", "6": "512-256", "7": "512-256", "8": "512-256", "9": "512-256", "10": "512-256", "11": "512-256", "12": "512-256-128", "13": "512-256-128", "14": "512-256-128", "15": "512-256-128", "16": "512-256-128", "17": "512-256-128", "18": "512-512", "19": "512-512", "20": "512-512", "21": "512-512", "22": "512-512", "23": "512-512"}, "optimizer": {"0": "Adam", "1": "Adam", "2": "Adam", "3": "Adam", "4": "Adam", "5": "Adam", "6": "Adam", "7": "Adam", "8": "Adam", "9": "Adam", "10": "Adam", "11": "Adam", "12": "Adam", "13": "Adam", "14": "Adam", "15": "Adam", "16": "Adam", "17": "Adam", "18": "Adam", "19": "Adam", "20": "Adam", "21": "Adam", "22": "Adam", "23": "Adam"}, "learning_rate": {"0": 0.005, "1": 0.005, "2": 0.005, "3": 0.005, "4": 0.005, "5": 0.005, "6": 0.005, "7": 0.005, "8": 0.005, "9": 0.005, "10": 0.005, "11": 0.005, "12": 0.005, "13": 0.005, "14": 0.005, "15": 0.005, "16": 0.005, "17": 0.005, "18": 0.005, "19": 0.005, "20": 0.005, "21": 0.005, "22": 0.005, "23": 0.005}, "input_prob": {"0": 0.005, "1": 0.005, "2": 0.005, "3": 0.05, "4": 0.05, "5": 0.05, "6": 0.005, "7": 0.005, "8": 0.005, "9": 0.05, "10": 0.05, "11": 0.05, "12": 0.005, "13": 0.005, "14": 0.005, "15": 0.05, "16": 0.05, "17": 0.05, "18": 0.005, "19": 0.005, "20": 0.005, "21": 0.05, "22": 0.05, "23": 0.05}, "hidden_prob": {"0": 0.005, "1": 0.005, "2": 0.005, "3": 0.05, "4": 0.05, "5": 0.05, "6": 0.005, "7": 0.005, "8": 0.005, "9": 0.05, "10": 0.05, "11": 0.05, "12": 0.005, "13": 0.005, "14": 0.005, "15": 0.05, "16": 0.05, "17": 0.05, "18": 0.005, "19": 0.005, "20": 0.005, "21": 0.05, "22": 0.05, "23": 0.05}, "weight_constraint": {"0": 1, "1": 3, "2": 10, "3": 1, "4": 3, "5": 10, "6": 1, "7": 3, "8": 10, "9": 1, "10": 3, "11": 10, "12": 1, "13": 3, "14": 10, "15": 1, "16": 3, "17": 10, "18": 1, "19": 3, "20": 10, "21": 1, "22": 3, "23": 10}, "loss": {"0": 0.34617793560028076, "1": 0.20903392136096954, "2": 0.15196460485458374, "3": 0.45803308486938477, "4": 0.3324701488018036, "5": 0.2885972559452057, "6": 0.3705141246318817, "7": 0.24225695431232452, "8": 0.18484583497047424, "9": 0.47478118538856506, "10": 0.34906086325645447, "11": 0.2992947995662689, "12": 0.35732853412628174, "13": 0.21747079491615295, "14": 0.1664547622203827, "15": 0.46336665749549866, "16": 0.3468055725097656, "17": 0.2957150936126709, "18": 0.36113327741622925, "19": 0.22687676548957825, "20": 0.17109212279319763, "21": 0.46539315581321716, "22": 0.34096965193748474, "23": 0.2771824896335602}, "accuracy": {"0": 0.8561033606529236, "1": 0.9150068759918213, "2": 0.938832700252533, "3": 0.8035249710083008, "4": 0.8602508306503296, "5": 0.8787530064582825, "6": 0.8450570106506348, "7": 0.901421844959259, "8": 0.9258906841278076, "9": 0.7947065234184265, "10": 0.852699339389801, "11": 0.8735083341598511, "12": 0.8511694073677063, "13": 0.9112729430198669, "14": 0.9324334263801575, "15": 0.8018492460250854, "16": 0.853351891040802, "17": 0.8759800791740417, "18": 0.8491040468215942, "19": 0.9080697298049927, "20": 0.9322087168693542, "21": 0.7987416386604309, "22": 0.8560531735420227, "23": 0.8832160234451294}, "val_loss": {"0": 0.3331955075263977, "1": 0.19584964215755463, "2": 0.14862853288650513, "3": 0.46772852540016174, "4": 0.3265318274497986, "5": 0.27817586064338684, "6": 0.3649190068244934, "7": 0.23482327163219452, "8": 0.17750711739063263, "9": 0.4471331834793091, "10": 0.3532997667789459, "11": 0.3053300976753235, "12": 0.35384073853492737, "13": 0.21648968756198883, "14": 0.15792015194892883, "15": 0.44717276096343994, "16": 0.3438667058944702, "17": 0.2974056899547577, "18": 0.35969898104667664, "19": 0.22276970744132996, "20": 0.16797582805156708, "21": 0.4997725486755371, "22": 0.39162352681159973, "23": 0.31279802322387695}, "val_accuracy": {"0": 0.8629762530326843, "1": 0.9210215210914612, "2": 0.9416965842247009, "3": 0.7941954731941223, "4": 0.8621156811714172, "5": 0.8849637508392334, "6": 0.8448182940483093, "7": 0.9035089612007141, "8": 0.9281857013702393, "9": 0.8098362684249878, "10": 0.8538972735404968, "11": 0.8769389390945435, "12": 0.8512941002845764, "13": 0.9129106402397156, "14": 0.9373722672462463, "15": 0.808889627456665, "16": 0.8551881313323975, "17": 0.8777349591255188, "18": 0.8466470241546631, "19": 0.9088014364242554, "20": 0.9343817830085754, "21": 0.7839117050170898, "22": 0.8412899971008301, "23": 0.8726576566696167}, "training_time": {"0": 393.647389, "1": 397.297034, "2": 396.111537, "3": 398.710642, "4": 399.026364, "5": 400.480882, "6": 367.341082, "7": 371.867374, "8": 374.189881, "9": 369.282651, "10": 365.641952, "11": 372.306469, "12": 411.967489, "13": 409.134192, "14": 409.850704, "15": 413.663054, "16": 408.697961, "17": 409.934751, "18": 412.392447, "19": 405.918543, "20": 407.695516, "21": 415.717219, "22": 409.898582, "23": 406.01547}}