{"model_id": {"0": "512-512"}, "optimizer": {"0": "Adam"}, "learning_rate": {"0": 0.01}, "input_prob": {"0": 0}, "hidden_prob": {"0": 0.005}, "weight_constraint": {"0": 0}, "loss": {"0": 0.16786830127239227}, "accuracy": {"0": 0.9336071014404297}, "val_loss": {"0": 0.17106501758098602}, "val_accuracy": {"0": 0.9345969557762146}, "training_time": {"0": 472.433076}}