{"model_id": {"0": "256-256-256"}, "optimizer": {"0": "Adam"}, "learning_rate": {"0": 0.001}, "input_prob": {"0": 0}, "hidden_prob": {"0": 0.001}, "weight_constraint": {"0": 0}, "loss": {"0": 0.14090320467948914}, "accuracy": {"0": 0.9431403279304504}, "val_loss": {"0": 0.15613777935504913}, "val_accuracy": {"0": 0.938663125038147}, "training_time": {"0": 419.000377}}