{"model_id": {"0": "512-512"}, "optimizer": {"0": "Adam"}, "learning_rate": {"0": 0.001}, "input_prob": {"0": 0}, "hidden_prob": {"0": 0.02}, "weight_constraint": {"0": 0}, "loss": {"0": 0.18874725699424744}, "accuracy": {"0": 0.9234452247619629}, "val_loss": {"0": 0.17911073565483093}, "val_accuracy": {"0": 0.9291108250617981}, "training_time": {"0": 472.490488}}