{"model_id": {"0": "512-512"}, "optimizer": {"0": "Adam"}, "learning_rate": {"0": 0.001}, "input_prob": {"0": 0}, "hidden_prob": {"0": 0.1}, "weight_constraint": {"0": 0}, "loss": {"0": 0.18805989623069763}, "accuracy": {"0": 0.9232062101364136}, "val_loss": {"0": 0.16553720831871033}, "val_accuracy": {"0": 0.9342526793479919}, "training_time": {"0": 468.411476}}