{"model_id": {"0": "256-256-256"}, "optimizer": {"0": "Adam"}, "learning_rate": {"0": 0.001}, "input_prob": {"0": 0}, "hidden_prob": {"0": 0.2}, "weight_constraint": {"0": 0}, "loss": {"0": 0.24072960019111633}, "accuracy": {"0": 0.9008839726448059}, "val_loss": {"0": 0.18047583103179932}, "val_accuracy": {"0": 0.9271100163459778}, "training_time": {"0": 400.596851}}