{"model_id": {"0": "512-256"}, "optimizer": {"0": "Adam"}, "learning_rate": {"0": 0.01}, "input_prob": {"0": 0}, "hidden_prob": {"0": 0.02}, "weight_constraint": {"0": 0}, "loss": {"0": 0.1932951658964157}, "accuracy": {"0": 0.9222930073738098}, "val_loss": {"0": 0.1864893138408661}, "val_accuracy": {"0": 0.9273466467857361}, "training_time": {"0": 388.65346}}