{"model_id": {"0": "256-256-256"}, "optimizer": {"0": "Adam"}, "learning_rate": {"0": 0.01}, "input_prob": {"0": 0}, "hidden_prob": {"0": 0.01}, "weight_constraint": {"0": 0}, "loss": {"0": 0.1862277239561081}, "accuracy": {"0": 0.925804615020752}, "val_loss": {"0": 0.18407103419303894}, "val_accuracy": {"0": 0.9295195937156677}, "training_time": {"0": 402.689599}}