{"model_id": {"0": "512-512"}, "optimizer": {"0": "Adam"}, "learning_rate": {"0": 0.01}, "input_prob": {"0": 0}, "hidden_prob": {"0": 0.002}, "weight_constraint": {"0": 0}, "loss": {"0": 0.15485911071300507}, "accuracy": {"0": 0.9386796951293945}, "val_loss": {"0": 0.1842765510082245}, "val_accuracy": {"0": 0.9316925406455994}, "training_time": {"0": 467.321899}}