{"model_id": {"0": "512-256-128"}, "optimizer": {"0": "Adam"}, "learning_rate": {"0": 0.01}, "input_prob": {"0": 0}, "hidden_prob": {"0": 0.1}, "weight_constraint": {"0": 0}, "loss": {"0": 0.27467769384384155}, "accuracy": {"0": 0.8874185085296631}, "val_loss": {"0": 0.21384485065937042}, "val_accuracy": {"0": 0.9120500683784485}, "training_time": {"0": 419.103996}}