{"model_id": {"0": "512-512"}, "optimizer": {"0": "Adam"}, "learning_rate": {"0": 0.001}, "input_prob": {"0": 0}, "hidden_prob": {"0": 0.002}, "weight_constraint": {"0": 0}, "loss": {"0": 0.18368323147296906}, "accuracy": {"0": 0.9255560040473938}, "val_loss": {"0": 0.19232787191867828}, "val_accuracy": {"0": 0.9217099547386169}, "training_time": {"0": 476.83677}}