{"model_id": {"0": "256-256-256"}, "optimizer": {"0": "Adam"}, "learning_rate": {"0": 0.001}, "input_prob": {"0": 0}, "hidden_prob": {"0": 0.0005}, "weight_constraint": {"0": 0}, "loss": {"0": 0.15577846765518188}, "accuracy": {"0": 0.9371306896209717}, "val_loss": {"0": 0.17357732355594635}, "val_accuracy": {"0": 0.9305952787399292}, "training_time": {"0": 448.074871}}