{"model_id": {"0": "512-256-128"}, "optimizer": {"0": "Adam"}, "learning_rate": {"0": 0.01}, "input_prob": {"0": 0}, "hidden_prob": {"0": 0.005}, "weight_constraint": {"0": 0}, "loss": {"0": 0.17394350469112396}, "accuracy": {"0": 0.9306907653808594}, "val_loss": {"0": 0.17942868173122406}, "val_accuracy": {"0": 0.9289171695709229}, "training_time": {"0": 421.894727}}