{"model_id": {"0": "512-512"}, "optimizer": {"0": "Adam"}, "learning_rate": {"0": 0.01}, "input_prob": {"0": 0}, "hidden_prob": {"0": 0.0001}, "weight_constraint": {"0": 0}, "loss": {"0": 0.14618436992168427}, "accuracy": {"0": 0.9419618248939514}, "val_loss": {"0": 0.1847362220287323}, "val_accuracy": {"0": 0.9307889342308044}, "training_time": {"0": 432.869424}}