{"model_id": {"0": "512-256-128"}, "optimizer": {"0": "Adam"}, "learning_rate": {"0": 0.001}, "input_prob": {"0": 0}, "hidden_prob": {"0": 0.002}, "weight_constraint": {"0": 0}, "loss": {"0": 0.14413759112358093}, "accuracy": {"0": 0.9421387314796448}, "val_loss": {"0": 0.15408849716186523}, "val_accuracy": {"0": 0.9398894309997559}, "training_time": {"0": 426.676052}}