{"model_id": {"0": "256-256-256"}, "optimizer": {"0": "Adam"}, "learning_rate": {"0": 0.01}, "input_prob": {"0": 0}, "hidden_prob": {"0": 0.001}, "weight_constraint": {"0": 0}, "loss": {"0": 0.15498165786266327}, "accuracy": {"0": 0.938835084438324}, "val_loss": {"0": 0.17168301343917847}, "val_accuracy": {"0": 0.9338869452476501}, "training_time": {"0": 444.483852}}