{"model_id": {"0": "256-256-256"}, "optimizer": {"0": "Adam"}, "learning_rate": {"0": 0.01}, "input_prob": {"0": 0}, "hidden_prob": {"0": 0.0001}, "weight_constraint": {"0": 0}, "loss": {"0": 0.15126124024391174}, "accuracy": {"0": 0.940312385559082}, "val_loss": {"0": 0.1753537803888321}, "val_accuracy": {"0": 0.9339084625244141}, "training_time": {"0": 443.638847}}