{"model_id": {"0": "512-512"}, "optimizer": {"0": "Adam"}, "learning_rate": {"0": 0.01}, "input_prob": {"0": 0}, "hidden_prob": {"0": 0.02}, "weight_constraint": {"0": 0}, "loss": {"0": 0.18506252765655518}, "accuracy": {"0": 0.9262444972991943}, "val_loss": {"0": 0.17617373168468475}, "val_accuracy": {"0": 0.9321228265762329}, "training_time": {"0": 473.820948}}