{"model_id": {"0": "512-256-128"}, "optimizer": {"0": "Adam"}, "learning_rate": {"0": 0.01}, "input_prob": {"0": 0}, "hidden_prob": {"0": 0.05}, "weight_constraint": {"0": 0}, "loss": {"0": 0.24633698165416718}, "accuracy": {"0": 0.8999875783920288}, "val_loss": {"0": 0.20096492767333984}, "val_accuracy": {"0": 0.9194079041481018}, "training_time": {"0": 420.115196}}