{"model_id": {"0": "512-256-128"}, "optimizer": {"0": "Adam"}, "learning_rate": {"0": 0.001}, "input_prob": {"0": 0}, "hidden_prob": {"0": 0.0005}, "weight_constraint": {"0": 0}, "loss": {"0": 0.15099391341209412}, "accuracy": {"0": 0.9391434192657471}, "val_loss": {"0": 0.16439110040664673}, "val_accuracy": {"0": 0.9361459612846375}, "training_time": {"0": 423.222057}}