{"model_id": {"0": "512-256-128"}, "optimizer": {"0": "Adam"}, "learning_rate": {"0": 0.001}, "input_prob": {"0": 0}, "hidden_prob": {"0": 0.0001}, "weight_constraint": {"0": 0}, "loss": {"0": 0.15118667483329773}, "accuracy": {"0": 0.9391840696334839}, "val_loss": {"0": 0.17739321291446686}, "val_accuracy": {"0": 0.9288956522941589}, "training_time": {"0": 423.394866}}