{"model_id": {"0": "512-256"}, "optimizer": {"0": "Adam"}, "learning_rate": {"0": 0.001}, "input_prob": {"0": 0}, "hidden_prob": {"0": 0.2}, "weight_constraint": {"0": 0}, "loss": {"0": 0.22879216074943542}, "accuracy": {"0": 0.9056481719017029}, "val_loss": {"0": 0.18704937398433685}, "val_accuracy": {"0": 0.9271960854530334}, "training_time": {"0": 386.266918}}