{"model_id": {"0": "256-256-256"}, "optimizer": {"0": "Adam"}, "learning_rate": {"0": 0.001}, "input_prob": {"0": 0}, "hidden_prob": {"0": 0.005}, "weight_constraint": {"0": 0}, "loss": {"0": 0.14816002547740936}, "accuracy": {"0": 0.9398749470710754}, "val_loss": {"0": 0.15698422491550446}, "val_accuracy": {"0": 0.9372431635856628}, "training_time": {"0": 430.843041}}