{"model_id": {"0": "256-256-256", "1": "512-256", "2": "512-256-128", "3": "512-512"}, "optimizer": {"0": "Adam", "1": "Adam", "2": "Adam", "3": "Adam"}, "learning_rate": {"0": 0.005, "1": 0.005, "2": 0.005, "3": 0.005}, "input_prob": {"0": 0.0, "1": 0.0, "2": 0.0, "3": 0.0}, "hidden_prob": {"0": 0.0, "1": 0.0, "2": 0.0, "3": 0.0}, "weight_constraint": {"0": 0, "1": 0, "2": 0, "3": 0}, "loss": {"0": 0.10855891555547714, "1": 0.13432849943637848, "2": 0.11647115647792816, "3": 0.11294923722743988}, "accuracy": {"0": 0.9563046097755432, "1": 0.9461547136306763, "2": 0.9528910517692566, "3": 0.9547340869903564}, "val_loss": {"0": 0.14560163021087646, "1": 0.1816382259130478, "2": 0.15848037600517273, "3": 0.15672068297863007}, "val_accuracy": {"0": 0.9472257494926453, "1": 0.9317140579223633, "2": 0.9400830268859863, "3": 0.9441922307014465}, "training_time": {"0": 319.023617, "1": 312.144355, "2": 329.271779, "3": 341.636586}}