{"model_id": {"0": "512-256-128"}, "optimizer": {"0": "Adam"}, "learning_rate": {"0": 0.001}, "input_prob": {"0": 0.01}, "hidden_prob": {"0": 0.1}, "weight_constraint": {"0": 15}, "loss": {"0": 0.21676288545131683}, "accuracy": {"0": 0.9104028344154358}, "val_loss": {"0": 0.15808622539043427}, "val_accuracy": {"0": 0.936898946762085}, "training_time": {"0": 520.73714}}