{"model_id": {"0": "512-512"}, "optimizer": {"0": "Adam"}, "learning_rate": {"0": 0.001}, "input_prob": {"0": 0.01}, "hidden_prob": {"0": 0.1}, "weight_constraint": {"0": 2}, "loss": {"0": 0.244772270321846}, "accuracy": {"0": 0.8995931148529053}, "val_loss": {"0": 0.20827239751815796}, "val_accuracy": {"0": 0.9149544835090637}, "training_time": {"0": 506.89872}}