{"model_id": {"0": "512-256-128"}, "optimizer": {"0": "Adam"}, "learning_rate": {"0": 0.01}, "input_prob": {"0": 0.01}, "hidden_prob": {"0": 0.1}, "weight_constraint": {"0": 50}, "loss": {"0": 0.32050609588623047}, "accuracy": {"0": 0.8683305978775024}, "val_loss": {"0": 0.2343105971813202}, "val_accuracy": {"0": 0.9063273072242737}, "training_time": {"0": 519.661653}}