{"model_id": {"0": "256-256-256"}, "optimizer": {"0": "Adam"}, "learning_rate": {"0": 0.01}, "input_prob": {"0": 0.01}, "hidden_prob": {"0": 0.1}, "weight_constraint": {"0": 7}, "loss": {"0": 0.3359907269477844}, "accuracy": {"0": 0.8609177470207214}, "val_loss": {"0": 0.2551497220993042}, "val_accuracy": {"0": 0.8951399326324463}, "training_time": {"0": 492.930729}}