{"model_id": {"0": "512-256"}, "optimizer": {"0": "Adam"}, "learning_rate": {"0": 0.001}, "input_prob": {"0": 0.01}, "hidden_prob": {"0": 0.1}, "weight_constraint": {"0": 1}, "loss": {"0": 0.31234970688819885}, "accuracy": {"0": 0.8714214563369751}, "val_loss": {"0": 0.26443225145339966}, "val_accuracy": {"0": 0.8947096467018127}, "training_time": {"0": 472.925681}}