{"model_id": {"0": "512-256-128"}, "optimizer": {"0": "Adam"}, "learning_rate": {"0": 0.01}, "input_prob": {"0": 0.01}, "hidden_prob": {"0": 0.1}, "weight_constraint": {"0": 1}, "loss": {"0": 0.5554576516151428}, "accuracy": {"0": 0.7621985673904419}, "val_loss": {"0": 0.5218858122825623}, "val_accuracy": {"0": 0.7761881351470947}, "training_time": {"0": 516.954464}}