{"model_id": {"0": "512-256"}, "optimizer": {"0": "Adam"}, "learning_rate": {"0": 0.01}, "input_prob": {"0": 0.01}, "hidden_prob": {"0": 0.1}, "weight_constraint": {"0": 10}, "loss": {"0": 0.2964176833629608}, "accuracy": {"0": 0.8777012228965759}, "val_loss": {"0": 0.234817236661911}, "val_accuracy": {"0": 0.9031862616539001}, "training_time": {"0": 469.010958}}