{"model_id": {"0": "512-512"}, "optimizer": {"0": "Adam"}, "learning_rate": {"0": 0.001}, "input_prob": {"0": 0.01}, "hidden_prob": {"0": 0.1}, "weight_constraint": {"0": 7}, "loss": {"0": 0.2321300208568573}, "accuracy": {"0": 0.9047397971153259}, "val_loss": {"0": 0.18027953803539276}, "val_accuracy": {"0": 0.9307028651237488}, "training_time": {"0": 489.153361}}