{"model_id": {"0": "512-256"}, "optimizer": {"0": "Adam"}, "learning_rate": {"0": 0.01}, "input_prob": {"0": 0.01}, "hidden_prob": {"0": 0.1}, "weight_constraint": {"0": 15}, "loss": {"0": 0.296070396900177}, "accuracy": {"0": 0.8781411051750183}, "val_loss": {"0": 0.23196561634540558}, "val_accuracy": {"0": 0.9073600172996521}, "training_time": {"0": 471.501326}}