{"model_id": {"0": "256-256-256"}, "optimizer": {"0": "Adam"}, "learning_rate": {"0": 0.001}, "input_prob": {"0": 0.01}, "hidden_prob": {"0": 0.1}, "weight_constraint": {"0": 1}, "loss": {"0": 0.2805343568325043}, "accuracy": {"0": 0.8847292065620422}, "val_loss": {"0": 0.2259877771139145}, "val_accuracy": {"0": 0.9082850813865662}, "training_time": {"0": 671.424818}}