{"model_id": {"0": "256-256-256"}, "optimizer": {"0": "Adam"}, "learning_rate": {"0": 0.01}, "input_prob": {"0": 0.01}, "hidden_prob": {"0": 0.1}, "weight_constraint": {"0": 50}, "loss": {"0": 0.33805105090141296}, "accuracy": {"0": 0.8609655499458313}, "val_loss": {"0": 0.2500278949737549}, "val_accuracy": {"0": 0.8989479541778564}, "training_time": {"0": 494.271457}}