{"model_id": {"0": "256-256-256"}, "optimizer": {"0": "Adam"}, "learning_rate": {"0": 0.01}, "input_prob": {"0": 0.01}, "hidden_prob": {"0": 0.1}, "weight_constraint": {"0": 15}, "loss": {"0": 0.33317553997039795}, "accuracy": {"0": 0.8628898859024048}, "val_loss": {"0": 0.24782618880271912}, "val_accuracy": {"0": 0.9007336497306824}, "training_time": {"0": 497.247204}}