{"model_id": {"0": "512-256"}, "optimizer": {"0": "Adam"}, "learning_rate": {"0": 0.01}, "input_prob": {"0": 0.01}, "hidden_prob": {"0": 0.1}, "weight_constraint": {"0": 1}, "loss": {"0": 0.5443276762962341}, "accuracy": {"0": 0.7646631598472595}, "val_loss": {"0": 0.5337773561477661}, "val_accuracy": {"0": 0.771390438079834}, "training_time": {"0": 468.756789}}