{"model_id": {"0": "256-256-256"}, "optimizer": {"0": "Adam"}, "learning_rate": {"0": 0.001}, "input_prob": {"0": 0.01}, "hidden_prob": {"0": 0.1}, "weight_constraint": {"0": 2}, "loss": {"0": 0.23974333703517914}, "accuracy": {"0": 0.9016106724739075}, "val_loss": {"0": 0.17765335738658905}, "val_accuracy": {"0": 0.9289602041244507}, "training_time": {"0": 510.255748}}