{"model_id": {"0": "512-512"}, "optimizer": {"0": "Adam"}, "learning_rate": {"0": 0.01}, "input_prob": {"0": 0.01}, "hidden_prob": {"0": 0.1}, "weight_constraint": {"0": 1}, "loss": {"0": 0.5419250130653381}, "accuracy": {"0": 0.7653539776802063}, "val_loss": {"0": 0.5055296421051025}, "val_accuracy": {"0": 0.7833307981491089}, "training_time": {"0": 489.733247}}