{"model_id": {"0": "512-256-128"}, "optimizer": {"0": "Adam"}, "learning_rate": {"0": 0.01}, "input_prob": {"0": 0.01}, "hidden_prob": {"0": 0.1}, "weight_constraint": {"0": 3}, "loss": {"0": 0.3957854211330414}, "accuracy": {"0": 0.8344624042510986}, "val_loss": {"0": 0.32788026332855225}, "val_accuracy": {"0": 0.8645898103713989}, "training_time": {"0": 520.67963}}