{"model_id": {"0": "512-256-128"}, "optimizer": {"0": "Adam"}, "learning_rate": {"0": 0.001}, "input_prob": {"0": 0.01}, "hidden_prob": {"0": 0.1}, "weight_constraint": {"0": 3}, "loss": {"0": 0.22067807614803314}, "accuracy": {"0": 0.9095566272735596}, "val_loss": {"0": 0.16279707849025726}, "val_accuracy": {"0": 0.9353499412536621}, "training_time": {"0": 512.580183}}