{"model_id": {"0": "512-256-128"}, "optimizer": {"0": "Adam"}, "learning_rate": {"0": 0.001}, "input_prob": {"0": 0.01}, "hidden_prob": {"0": 0.1}, "weight_constraint": {"0": 7}, "loss": {"0": 0.21607466042041779}, "accuracy": {"0": 0.9108235836029053}, "val_loss": {"0": 0.15345026552677155}, "val_accuracy": {"0": 0.9385555386543274}, "training_time": {"0": 518.886978}}