{"model_id": {"0": "512-256-128"}, "optimizer": {"0": "Adam"}, "learning_rate": {"0": 0.001}, "input_prob": {"0": 0.01}, "hidden_prob": {"0": 0.1}, "weight_constraint": {"0": 50}, "loss": {"0": 0.2143726646900177}, "accuracy": {"0": 0.9117582440376282}, "val_loss": {"0": 0.16197462379932404}, "val_accuracy": {"0": 0.9342957139015198}, "training_time": {"0": 520.864348}}