{"model_id": {"0": "512-256-128"}, "optimizer": {"0": "Adam"}, "learning_rate": {"0": 0.001}, "input_prob": {"0": 0.01}, "hidden_prob": {"0": 0.1}, "weight_constraint": {"0": 2}, "loss": {"0": 0.22822783887386322}, "accuracy": {"0": 0.9063414335250854}, "val_loss": {"0": 0.17244908213615417}, "val_accuracy": {"0": 0.9311116337776184}, "training_time": {"0": 520.103322}}