{"model_id": {"0": "512-256"}, "optimizer": {"0": "Adam"}, "learning_rate": {"0": 0.01}, "input_prob": {"0": 0.01}, "hidden_prob": {"0": 0.1}, "weight_constraint": {"0": 33}, "loss": {"0": 0.29314669966697693}, "accuracy": {"0": 0.878882110118866}, "val_loss": {"0": 0.22701318562030792}, "val_accuracy": {"0": 0.9058755040168762}, "training_time": {"0": 470.266165}}