{"model_id": {"0": "512-512"}, "optimizer": {"0": "Adam"}, "learning_rate": {"0": 0.01}, "input_prob": {"0": 0.01}, "hidden_prob": {"0": 0.1}, "weight_constraint": {"0": 10}, "loss": {"0": 0.29938939213752747}, "accuracy": {"0": 0.8769577741622925}, "val_loss": {"0": 0.22938133776187897}, "val_accuracy": {"0": 0.9079623818397522}, "training_time": {"0": 518.539718}}