{"model_id": {"0": "512-256"}, "optimizer": {"0": "Adam"}, "learning_rate": {"0": 0.001}, "input_prob": {"0": 0}, "hidden_prob": {"0": 0.0001}, "weight_constraint": {"0": 0}, "loss": {"0": 0.21097518503665924}, "accuracy": {"0": 0.9145025014877319}, "val_loss": {"0": 0.2339458018541336}, "val_accuracy": {"0": 0.9051440358161926}, "training_time": {"0": 387.283054}}