{"model_id": {"0": "512-256"}, "optimizer": {"0": "Adam"}, "learning_rate": {"0": 0.001}, "input_prob": {"0": 0}, "hidden_prob": {"0": 0.0005}, "weight_constraint": {"0": 0}, "loss": {"0": 0.21578752994537354}, "accuracy": {"0": 0.9126307368278503}, "val_loss": {"0": 0.22400794923305511}, "val_accuracy": {"0": 0.9088229537010193}, "training_time": {"0": 388.6984}}