{"model_id": {"0": "512-512"}, "optimizer": {"0": "Adam"}, "learning_rate": {"0": 0.01}, "input_prob": {"0": 0}, "hidden_prob": {"0": 0.2}, "weight_constraint": {"0": 0}, "loss": {"0": 0.29741278290748596}, "accuracy": {"0": 0.878270149230957}, "val_loss": {"0": 0.23622824251651764}, "val_accuracy": {"0": 0.9076827168464661}, "training_time": {"0": 468.617261}}