{"model_id": {"0": "512-256-128"}, "optimizer": {"0": "Adam"}, "learning_rate": {"0": 0.01}, "input_prob": {"0": 0}, "hidden_prob": {"0": 0.5}, "weight_constraint": {"0": 0}, "loss": {"0": 0.6174405217170715}, "accuracy": {"0": 0.744676411151886}, "val_loss": {"0": 0.5736674070358276}, "val_accuracy": {"0": 0.7543512582778931}, "training_time": {"0": 421.56495}}