{"model_id": {"0": "256-256-256"}, "optimizer": {"0": "Adam"}, "learning_rate": {"0": 0.01}, "input_prob": {"0": 0}, "hidden_prob": {"0": 0.0002}, "weight_constraint": {"0": 0}, "loss": {"0": 0.151078999042511}, "accuracy": {"0": 0.9400685429573059}, "val_loss": {"0": 0.17733299732208252}, "val_accuracy": {"0": 0.9338439106941223}, "training_time": {"0": 419.252266}}