{"model_id": {"0": "512-256-128"}, "optimizer": {"0": "Adam"}, "learning_rate": {"0": 0.001}, "input_prob": {"0": 0}, "hidden_prob": {"0": 0.1}, "weight_constraint": {"0": 0}, "loss": {"0": 0.17331643402576447}, "accuracy": {"0": 0.9286875128746033}, "val_loss": {"0": 0.14661553502082825}, "val_accuracy": {"0": 0.9411157369613647}, "training_time": {"0": 420.570607}}