{"model_id": {"0": "512-256-128"}, "optimizer": {"0": "Adam"}, "learning_rate": {"0": 0.01}, "input_prob": {"0": 0}, "hidden_prob": {"0": 0.2}, "weight_constraint": {"0": 0}, "loss": {"0": 0.3544805645942688}, "accuracy": {"0": 0.8542196750640869}, "val_loss": {"0": 0.2723277807235718}, "val_accuracy": {"0": 0.8883630037307739}, "training_time": {"0": 424.75623}}