{"model_id": {"0": "256-256-256"}, "optimizer": {"0": "Adam"}, "learning_rate": {"0": 0.01}, "input_prob": {"0": 0}, "hidden_prob": {"0": 0.005}, "weight_constraint": {"0": 0}, "loss": {"0": 0.17538274824619293}, "accuracy": {"0": 0.9306477308273315}, "val_loss": {"0": 0.18438920378684998}, "val_accuracy": {"0": 0.9275618195533752}, "training_time": {"0": 430.295387}}