{"model_id": {"0": "512-256-128"}, "optimizer": {"0": "Adam"}, "learning_rate": {"0": 0.001}, "input_prob": {"0": 0}, "hidden_prob": {"0": 0.01}, "weight_constraint": {"0": 0}, "loss": {"0": 0.14565235376358032}, "accuracy": {"0": 0.9404988288879395}, "val_loss": {"0": 0.14640410244464874}, "val_accuracy": {"0": 0.9424711465835571}, "training_time": {"0": 419.173228}}