{"model_id": {"0": "512-512"}, "optimizer": {"0": "Adam"}, "learning_rate": {"0": 0.01}, "input_prob": {"0": 0}, "hidden_prob": {"0": 0.0005}, "weight_constraint": {"0": 0}, "loss": {"0": 0.14895430207252502}, "accuracy": {"0": 0.9404630064964294}, "val_loss": {"0": 0.17931680381298065}, "val_accuracy": {"0": 0.9341236352920532}, "training_time": {"0": 473.188859}}