{"model_id": {"0": "256-256-256"}, "optimizer": {"0": "Adam"}, "learning_rate": {"0": 0.01}, "input_prob": {"0": 0}, "hidden_prob": {"0": 0.1}, "weight_constraint": {"0": 0}, "loss": {"0": 0.30284684896469116}, "accuracy": {"0": 0.8757816553115845}, "val_loss": {"0": 0.22888636589050293}, "val_accuracy": {"0": 0.9061337113380432}, "training_time": {"0": 402.576821}}