{"model_id": {"0": "512-256-128"}, "optimizer": {"0": "Adam"}, "learning_rate": {"0": 0.01}, "input_prob": {"0": 0}, "hidden_prob": {"0": 0.0005}, "weight_constraint": {"0": 0}, "loss": {"0": 0.15984556078910828}, "accuracy": {"0": 0.9363370537757874}, "val_loss": {"0": 0.1911722868680954}, "val_accuracy": {"0": 0.928551435470581}, "training_time": {"0": 423.93818}}