{"model_id": {"0": "512-256"}, "optimizer": {"0": "Adam"}, "learning_rate": {"0": 0.01}, "input_prob": {"0": 0}, "hidden_prob": {"0": 0.0001}, "weight_constraint": {"0": 0}, "loss": {"0": 0.16065621376037598}, "accuracy": {"0": 0.9354621171951294}, "val_loss": {"0": 0.19626553356647491}, "val_accuracy": {"0": 0.9260557889938354}, "training_time": {"0": 392.575209}}