{"model_id": {"0": "256-256-256"}, "optimizer": {"0": "Adam"}, "learning_rate": {"0": 0.001}, "input_prob": {"0": 0}, "hidden_prob": {"0": 0.01}, "weight_constraint": {"0": 0}, "loss": {"0": 0.1509142816066742}, "accuracy": {"0": 0.9387561678886414}, "val_loss": {"0": 0.15040647983551025}, "val_accuracy": {"0": 0.9417611360549927}, "training_time": {"0": 393.38955}}