{"model_id": {"0": "256-256-256"}, "optimizer": {"0": "Adam"}, "learning_rate": {"0": 0.01}, "input_prob": {"0": 0}, "hidden_prob": {"0": 0.5}, "weight_constraint": {"0": 0}, "loss": {"0": 0.6373752355575562}, "accuracy": {"0": 0.73540860414505}, "val_loss": {"0": 0.5964167714118958}, "val_accuracy": {"0": 0.7480260729789734}, "training_time": {"0": 404.375193}}