{"model_id": {"0": "512-256"}, "optimizer": {"0": "Adam"}, "learning_rate": {"0": 0.01}, "input_prob": {"0": 0}, "hidden_prob": {"0": 0.05}, "weight_constraint": {"0": 0}, "loss": {"0": 0.21864528954029083}, "accuracy": {"0": 0.9108522534370422}, "val_loss": {"0": 0.19476674497127533}, "val_accuracy": {"0": 0.920806348323822}, "training_time": {"0": 384.729421}}