{"model_id": {"0": "512-256"}, "optimizer": {"0": "Adam"}, "learning_rate": {"0": 0.01}, "input_prob": {"0": 0}, "hidden_prob": {"0": 0.001}, "weight_constraint": {"0": 0}, "loss": {"0": 0.16603852808475494}, "accuracy": {"0": 0.9335975646972656}, "val_loss": {"0": 0.18690218031406403}, "val_accuracy": {"0": 0.928874135017395}, "training_time": {"0": 388.071565}}