{"model_id": {"0": "512-256"}, "optimizer": {"0": "Adam"}, "learning_rate": {"0": 0.01}, "input_prob": {"0": 0}, "hidden_prob": {"0": 0.005}, "weight_constraint": {"0": 0}, "loss": {"0": 0.17503643035888672}, "accuracy": {"0": 0.930210292339325}, "val_loss": {"0": 0.19408082962036133}, "val_accuracy": {"0": 0.9257976412773132}, "training_time": {"0": 391.846735}}