{"model_id": {"0": "512-256-128"}, "optimizer": {"0": "Adam"}, "learning_rate": {"0": 0.001}, "input_prob": {"0": 0}, "hidden_prob": {"0": 0.005}, "weight_constraint": {"0": 0}, "loss": {"0": 0.148448646068573}, "accuracy": {"0": 0.94034343957901}, "val_loss": {"0": 0.1571919023990631}, "val_accuracy": {"0": 0.9367913603782654}, "training_time": {"0": 429.963486}}