{"model_id": {"0": "512-256-128"}, "optimizer": {"0": "Adam"}, "learning_rate": {"0": 0.01}, "input_prob": {"0": 0}, "hidden_prob": {"0": 0.0001}, "weight_constraint": {"0": 0}, "loss": {"0": 0.16030120849609375}, "accuracy": {"0": 0.9362390041351318}, "val_loss": {"0": 0.18395276367664337}, "val_accuracy": {"0": 0.9285944700241089}, "training_time": {"0": 426.877481}}