{"model_id": {"0": "512-256-128"}, "optimizer": {"0": "Adam"}, "learning_rate": {"0": 0.01}, "input_prob": {"0": 0}, "hidden_prob": {"0": 0.001}, "weight_constraint": {"0": 0}, "loss": {"0": 0.17712315917015076}, "accuracy": {"0": 0.9293209910392761}, "val_loss": {"0": 0.19241489470005035}, "val_accuracy": {"0": 0.9264000058174133}, "training_time": {"0": 421.219491}}