{"model_id": {"0": "512-256"}, "optimizer": {"0": "Adam"}, "learning_rate": {"0": 0.001}, "input_prob": {"0": 0}, "hidden_prob": {"0": 0.1}, "weight_constraint": {"0": 0}, "loss": {"0": 0.20665082335472107}, "accuracy": {"0": 0.9148706197738647}, "val_loss": {"0": 0.17767255008220673}, "val_accuracy": {"0": 0.9287020564079285}, "training_time": {"0": 390.321832}}