{"model_id": {"0": "512-512"}, "optimizer": {"0": "Adam"}, "learning_rate": {"0": 0.01}, "input_prob": {"0": 0}, "hidden_prob": {"0": 0.001}, "weight_constraint": {"0": 0}, "loss": {"0": 0.1521044820547104}, "accuracy": {"0": 0.9396717548370361}, "val_loss": {"0": 0.17742981016635895}, "val_accuracy": {"0": 0.9352208375930786}, "training_time": {"0": 473.314269}}