{"model_id": {"0": "512-256"}, "optimizer": {"0": "Adam"}, "learning_rate": {"0": 0.001}, "input_prob": {"0": 0}, "hidden_prob": {"0": 0.01}, "weight_constraint": {"0": 0}, "loss": {"0": 0.2138260304927826}, "accuracy": {"0": 0.9132021069526672}, "val_loss": {"0": 0.2123672068119049}, "val_accuracy": {"0": 0.9140723943710327}, "training_time": {"0": 393.781958}}