{"model_id": {"0": "512-256"}, "optimizer": {"0": "Adam"}, "learning_rate": {"0": 0.01}, "input_prob": {"0": 0}, "hidden_prob": {"0": 0.002}, "weight_constraint": {"0": 0}, "loss": {"0": 0.1687583327293396}, "accuracy": {"0": 0.9324119091033936}, "val_loss": {"0": 0.181869775056839}, "val_accuracy": {"0": 0.9292829036712646}, "training_time": {"0": 388.49316}}