{"model_id": {"0": "256-256-256"}, "optimizer": {"0": "Adam"}, "learning_rate": {"0": 0.001}, "input_prob": {"0": 0}, "hidden_prob": {"0": 0.002}, "weight_constraint": {"0": 0}, "loss": {"0": 0.15057656168937683}, "accuracy": {"0": 0.9395617842674255}, "val_loss": {"0": 0.16310849785804749}, "val_accuracy": {"0": 0.9363395571708679}, "training_time": {"0": 457.101367}}