{"model_id": {"0": "512-256-128"}, "optimizer": {"0": "Adam"}, "learning_rate": {"0": 0.001}, "input_prob": {"0": 0}, "hidden_prob": {"0": 0.2}, "weight_constraint": {"0": 0}, "loss": {"0": 0.21686597168445587}, "accuracy": {"0": 0.910300076007843}, "val_loss": {"0": 0.16703706979751587}, "val_accuracy": {"0": 0.9316925406455994}, "training_time": {"0": 423.186175}}