{"model_id": {"0": "512-512"}, "optimizer": {"0": "Adam"}, "learning_rate": {"0": 0.001}, "input_prob": {"0": 0}, "hidden_prob": {"0": 0.001}, "weight_constraint": {"0": 0}, "loss": {"0": 0.1770983189344406}, "accuracy": {"0": 0.9285393357276917}, "val_loss": {"0": 0.2076929211616516}, "val_accuracy": {"0": 0.9145026803016663}, "training_time": {"0": 471.206098}}