{"model_id": {"0": "256-256-256"}, "optimizer": {"0": "Adam"}, "learning_rate": {"0": 0.001}, "input_prob": {"0": 0}, "hidden_prob": {"0": 0.0001}, "weight_constraint": {"0": 0}, "loss": {"0": 0.14325004816055298}, "accuracy": {"0": 0.9419713616371155}, "val_loss": {"0": 0.16812703013420105}, "val_accuracy": {"0": 0.9332630634307861}, "training_time": {"0": 473.89342}}