{"model_id": {"0": "256-256-256"}, "optimizer": {"0": "Adam"}, "learning_rate": {"0": 0.01}, "input_prob": {"0": 0}, "hidden_prob": {"0": 0.05}, "weight_constraint": {"0": 0}, "loss": {"0": 0.23092368245124817}, "accuracy": {"0": 0.9059135317802429}, "val_loss": {"0": 0.18859440088272095}, "val_accuracy": {"0": 0.9241625666618347}, "training_time": {"0": 400.843223}}