{"model_id": {"0": "512-512"}, "optimizer": {"0": "Adam"}, "learning_rate": {"0": 0.001}, "input_prob": {"0": 0}, "hidden_prob": {"0": 0.5}, "weight_constraint": {"0": 0}, "loss": {"0": 0.3180997371673584}, "accuracy": {"0": 0.8674747943878174}, "val_loss": {"0": 0.25124391913414}, "val_accuracy": {"0": 0.9036595821380615}, "training_time": {"0": 468.489564}}