{"model_id": {"0": "512-512"}, "optimizer": {"0": "Adam"}, "learning_rate": {"0": 0.001}, "input_prob": {"0": 0}, "hidden_prob": {"0": 0.05}, "weight_constraint": {"0": 0}, "loss": {"0": 0.18579283356666565}, "accuracy": {"0": 0.9241695404052734}, "val_loss": {"0": 0.17135827243328094}, "val_accuracy": {"0": 0.9310901165008545}, "training_time": {"0": 473.150131}}