{"model_id": {"0": "512-256"}, "optimizer": {"0": "Adam"}, "learning_rate": {"0": 0.01}, "input_prob": {"0": 0}, "hidden_prob": {"0": 0.0002}, "weight_constraint": {"0": 0}, "loss": {"0": 0.15574589371681213}, "accuracy": {"0": 0.9378740787506104}, "val_loss": {"0": 0.17716863751411438}, "val_accuracy": {"0": 0.9324670433998108}, "training_time": {"0": 385.853734}}