{"model_id": {"0": "256-256-256"}, "optimizer": {"0": "Adam"}, "learning_rate": {"0": 0.005}, "input_prob": {"0": 0}, "hidden_prob": {"0": 0}, "weight_constraint": {"0": 0}, "loss": {"0": 0.10855891555547714}, "accuracy": {"0": 0.9563046097755432}, "val_loss": {"0": 0.14560163021087646}, "val_accuracy": {"0": 0.9472257494926453}, "training_time": {"0": 319.023617}}