{"model_id": {"0": "512-512"}, "optimizer": {"0": "Adam"}, "learning_rate": {"0": 0.005}, "input_prob": {"0": 0}, "hidden_prob": {"0": 0}, "weight_constraint": {"0": 0}, "loss": {"0": 0.11294923722743988}, "accuracy": {"0": 0.9547340869903564}, "val_loss": {"0": 0.15672068297863007}, "val_accuracy": {"0": 0.9441922307014465}, "training_time": {"0": 341.636586}}