{"model_id": {"0": "512-256"}, "optimizer": {"0": "Adam"}, "learning_rate": {"0": 0.005}, "input_prob": {"0": 0}, "hidden_prob": {"0": 0}, "weight_constraint": {"0": 0}, "loss": {"0": 0.13432849943637848}, "accuracy": {"0": 0.9461547136306763}, "val_loss": {"0": 0.1816382259130478}, "val_accuracy": {"0": 0.9317140579223633}, "training_time": {"0": 312.144355}}