{"model_id": {"0": "256-256-256"}, "optimizer": {"0": "Adam"}, "learning_rate": {"0": 0.01}, "input_prob": {"0": 0.05}, "hidden_prob": {"0": 0.05}, "weight_constraint": {"0": 1}, "loss": {"0": 0.5670344233512878}, "accuracy": {"0": 0.7529857158660889}, "val_loss": {"0": 0.5051621198654175}, "val_accuracy": {"0": 0.7837826013565063}, "training_time": {"0": 392.031955}}