{"model_id": {"0": "512-256-128"}, "optimizer": {"0": "Adam"}, "learning_rate": {"0": 0.01}, "input_prob": {"0": 0.005}, "hidden_prob": {"0": 0.005}, "weight_constraint": {"0": 3}, "loss": {"0": 0.2999314069747925}, "accuracy": {"0": 0.8762239217758179}, "val_loss": {"0": 0.2821510434150696}, "val_accuracy": {"0": 0.883866548538208}, "training_time": {"0": 405.75623}}