{"model_id": {"0": "512-256-128"}, "optimizer": {"0": "Adam"}, "learning_rate": {"0": 0.01}, "input_prob": {"0": 0.005}, "hidden_prob": {"0": 0.005}, "weight_constraint": {"0": 1}, "loss": {"0": 0.4590126574039459}, "accuracy": {"0": 0.8039959073066711}, "val_loss": {"0": 0.4673072099685669}, "val_accuracy": {"0": 0.8017469644546509}, "training_time": {"0": 406.193932}}