{"model_id": {"0": "512-512"}, "optimizer": {"0": "Adam"}, "learning_rate": {"0": 0.001}, "input_prob": {"0": 0.05}, "hidden_prob": {"0": 0.05}, "weight_constraint": {"0": 1}, "loss": {"0": 0.34723201394081116}, "accuracy": {"0": 0.8541479706764221}, "val_loss": {"0": 0.37663671374320984}, "val_accuracy": {"0": 0.8392461538314819}, "training_time": {"0": 405.963396}}