{"model_id": {"0": "512-256-128"}, "optimizer": {"0": "Adam"}, "learning_rate": {"0": 0.001}, "input_prob": {"0": 0.005}, "hidden_prob": {"0": 0.005}, "weight_constraint": {"0": 1}, "loss": {"0": 0.2464810311794281}, "accuracy": {"0": 0.9000258445739746}, "val_loss": {"0": 0.23192927241325378}, "val_accuracy": {"0": 0.9088659882545471}, "training_time": {"0": 405.805473}}