{"model_id": {"0": "256-256-256"}, "optimizer": {"0": "Adam"}, "learning_rate": {"0": 0.01}, "input_prob": {"0": 0.005}, "hidden_prob": {"0": 0.005}, "weight_constraint": {"0": 3}, "loss": {"0": 0.28723445534706116}, "accuracy": {"0": 0.8820232152938843}, "val_loss": {"0": 0.27284902334213257}, "val_accuracy": {"0": 0.8884275555610657}, "training_time": {"0": 392.937776}}