{"model_id": {"0": "512-512"}, "optimizer": {"0": "Adam"}, "learning_rate": {"0": 0.001}, "input_prob": {"0": 0.005}, "hidden_prob": {"0": 0.005}, "weight_constraint": {"0": 10}, "loss": {"0": 0.21338994801044464}, "accuracy": {"0": 0.9147606492042542}, "val_loss": {"0": 0.19473911821842194}, "val_accuracy": {"0": 0.9225490093231201}, "training_time": {"0": 410.336615}}