{"model_id": {"0": "512-256-128"}, "optimizer": {"0": "Adam"}, "learning_rate": {"0": 0.01}, "input_prob": {"0": 0.005}, "hidden_prob": {"0": 0.005}, "weight_constraint": {"0": 10}, "loss": {"0": 0.22722753882408142}, "accuracy": {"0": 0.9074769020080566}, "val_loss": {"0": 0.2102869302034378}, "val_accuracy": {"0": 0.9161807894706726}, "training_time": {"0": 409.107937}}