{"model_id": {"0": "512-256"}, "optimizer": {"0": "Adam"}, "learning_rate": {"0": 0.01}, "input_prob": {"0": 0.05}, "hidden_prob": {"0": 0.05}, "weight_constraint": {"0": 3}, "loss": {"0": 0.4316886067390442}, "accuracy": {"0": 0.8150278925895691}, "val_loss": {"0": 0.43624645471572876}, "val_accuracy": {"0": 0.8151932954788208}, "training_time": {"0": 368.332357}}