{"model_id": {"0": "256-256-256"}, "optimizer": {"0": "Adam"}, "learning_rate": {"0": 0.005}, "input_prob": {"0": 0.005}, "hidden_prob": {"0": 0.01}, "weight_constraint": {"0": 0}, "loss": {"0": 0.16292142868041992}, "accuracy": {"0": 0.9349290728569031}, "val_loss": {"0": 0.15174512565135956}, "val_accuracy": {"0": 0.9398033618927002}, "training_time": {"0": 367.635293}}