{"model_id": {"0": "512-512"}, "optimizer": {"0": "Adam"}, "learning_rate": {"0": 0.005}, "input_prob": {"0": 0.005}, "hidden_prob": {"0": 0.01}, "weight_constraint": {"0": 0}, "loss": {"0": 0.16292235255241394}, "accuracy": {"0": 0.9352158904075623}, "val_loss": {"0": 0.1528112143278122}, "val_accuracy": {"0": 0.9410296678543091}, "training_time": {"0": 395.178285}}