{"model_id": {"0": "256-256-256"}, "optimizer": {"0": "Adam"}, "learning_rate": {"0": 0.001}, "input_prob": {"0": 0.01}, "hidden_prob": {"0": 0.1}, "weight_constraint": {"0": 0}, "loss": {"0": 0.22846153378486633}, "accuracy": {"0": 0.9058179259300232}, "val_loss": {"0": 0.16032695770263672}, "val_accuracy": {"0": 0.9364041090011597}, "training_time": {"0": 387.700654}}