{"model_id": {"0": "512-256"}, "optimizer": {"0": "Adam"}, "learning_rate": {"0": 0.001}, "input_prob": {"0": 0.01}, "hidden_prob": {"0": 0.1}, "weight_constraint": {"0": 0}, "loss": {"0": 0.2494346797466278}, "accuracy": {"0": 0.8968178033828735}, "val_loss": {"0": 0.19404803216457367}, "val_accuracy": {"0": 0.9230653643608093}, "training_time": {"0": 352.173506}}