{"model_id": {"0": "256-256-256"}, "optimizer": {"0": "Adam"}, "learning_rate": {"0": 0.01}, "input_prob": {"0": 0.0005}, "hidden_prob": {"0": 0.005}, "weight_constraint": {"0": 0}, "loss": {"0": 0.19042377173900604}, "accuracy": {"0": 0.9253337383270264}, "val_loss": {"0": 0.18693014979362488}, "val_accuracy": {"0": 0.9277338981628418}, "training_time": {"0": 361.855323}}