{"model_id": {"0": "512-256"}, "optimizer": {"0": "Adam"}, "learning_rate": {"0": 0.005}, "input_prob": {"0": 0.005}, "hidden_prob": {"0": 0.01}, "weight_constraint": {"0": 0}, "loss": {"0": 0.18469153344631195}, "accuracy": {"0": 0.9259767532348633}, "val_loss": {"0": 0.168802410364151}, "val_accuracy": {"0": 0.9328112602233887}, "training_time": {"0": 356.652952}}