{"model_id": {"0": "512-256-128"}, "optimizer": {"0": "Adam"}, "learning_rate": {"0": 0.01}, "input_prob": {"0": 0.0005}, "hidden_prob": {"0": 0.005}, "weight_constraint": {"0": 0}, "loss": {"0": 0.19063062965869904}, "accuracy": {"0": 0.9250420928001404}, "val_loss": {"0": 0.19290347397327423}, "val_accuracy": {"0": 0.9238613843917847}, "training_time": {"0": 390.080447}}