{"model_id": {"0": "512-256-128"}, "optimizer": {"0": "Adam"}, "learning_rate": {"0": 0.001}, "input_prob": {"0": 0.01}, "hidden_prob": {"0": 0.1}, "weight_constraint": {"0": 0}, "loss": {"0": 0.21381127834320068}, "accuracy": {"0": 0.9119494557380676}, "val_loss": {"0": 0.15526430308818817}, "val_accuracy": {"0": 0.93840491771698}, "training_time": {"0": 388.814714}}