{"model_id": {"0": "512-512"}, "optimizer": {"0": "Adam"}, "learning_rate": {"0": 0.001}, "input_prob": {"0": 0.01}, "hidden_prob": {"0": 0.1}, "weight_constraint": {"0": 0}, "loss": {"0": 0.2316621094942093}, "accuracy": {"0": 0.9051510095596313}, "val_loss": {"0": 0.17808322608470917}, "val_accuracy": {"0": 0.9290462732315063}, "training_time": {"0": 396.651984}}