{"model_id": {"0": "256-256-256", "1": "256-256-256", "2": "256-256-256", "3": "512-256", "4": "512-256", "5": "512-256", "6": "512-256-128", "7": "512-256-128", "8": "512-256-128", "9": "512-512", "10": "512-512", "11": "512-512"}, "optimizer": {"0": "Adam", "1": "Adam", "2": "Adam", "3": "Adam", "4": "Adam", "5": "Adam", "6": "Adam", "7": "Adam", "8": "Adam", "9": "Adam", "10": "Adam", "11": "Adam"}, "learning_rate": {"0": 0.001, "1": 0.005, "2": 0.01, "3": 0.001, "4": 0.005, "5": 0.01, "6": 0.001, "7": 0.005, "8": 0.01, "9": 0.001, "10": 0.005, "11": 0.01}, "input_prob": {"0": 0.01, "1": 0.01, "2": 0.01, "3": 0.01, "4": 0.01, "5": 0.01, "6": 0.01, "7": 0.01, "8": 0.01, "9": 0.01, "10": 0.01, "11": 0.01}, "hidden_prob": {"0": 0.1, "1": 0.1, "2": 0.1, "3": 0.1, "4": 0.1, "5": 0.1, "6": 0.1, "7": 0.1, "8": 0.1, "9": 0.1, "10": 0.1, "11": 0.1}, "weight_constraint": {"0": 0, "1": 0, "2": 0, "3": 0, "4": 0, "5": 0, "6": 0, "7": 0, "8": 0, "9": 0, "10": 0, "11": 0}, "loss": {"0": 0.2297641634941101, "1": 0.25096574425697327, "2": 0.3242611885070801, "3": 0.2531582713127136, "4": 0.23951351642608643, "5": 0.284393310546875, "6": 0.2168593853712082, "7": 0.24581599235534668, "8": 0.33028873801231384, "9": 0.23267482221126556, "10": 0.22195382416248322, "11": 0.2874421775341034}, "accuracy": {"0": 0.9061358571052551, "1": 0.8975445032119751, "2": 0.8667791485786438, "3": 0.8958185911178589, "4": 0.9009270071983337, "5": 0.8823698163032532, "6": 0.9105797410011292, "7": 0.8992249965667725, "8": 0.8651489019393921, "9": 0.9051868319511414, "10": 0.9090665578842163, "11": 0.8823626637458801}, "val_loss": {"0": 0.15851299464702606, "1": 0.1823521852493286, "2": 0.23481927812099457, "3": 0.20194870233535767, "4": 0.18432974815368652, "5": 0.22248652577400208, "6": 0.161376491189003, "7": 0.17635799944400787, "8": 0.24281632900238037, "9": 0.17804154753684998, "10": 0.16771665215492249, "11": 0.22291788458824158}, "val_accuracy": {"0": 0.9368559122085571, "1": 0.9270239472389221, "2": 0.9051870703697205, "3": 0.9186118841171265, "4": 0.9255179762840271, "5": 0.9086723327636719, "6": 0.934812068939209, "7": 0.9293904900550842, "8": 0.8993567228317261, "9": 0.9310255646705627, "10": 0.9350702166557312, "11": 0.9111034870147705}, "training_time": {"0": 595.825446, "1": 368.727407, "2": 503.977441, "3": 453.298571, "4": 346.407223, "5": 493.308547, "6": 554.698888, "7": 377.419034, "8": 488.891693, "9": 524.631618, "10": 391.819344, "11": 533.249939}}