{"model_id": {"0": "512-256"}, "optimizer": {"0": "Adam"}, "learning_rate": {"0": 0.005}, "input_prob": {"0": 0}, "hidden_prob": {"0": 0.005}, "weight_constraint": {"0": 0}, "loss": {"0": 0.14201651513576508}, "accuracy": {"0": 0.9430064558982849}, "val_loss": {"0": 0.16188883781433105}, "val_accuracy": {"0": 0.9364901781082153}, "training_time": {"0": 342.721649}}