{"model_id": {"0": "512-512"}, "optimizer": {"0": "Adam"}, "learning_rate": {"0": 0.005}, "input_prob": {"0": 0}, "hidden_prob": {"0": 0.05}, "weight_constraint": {"0": 0}, "loss": {"0": 0.15240606665611267}, "accuracy": {"0": 0.9379434585571289}, "val_loss": {"0": 0.15340770781040192}, "val_accuracy": {"0": 0.9401906132698059}, "training_time": {"0": 384.776093}}