{"model_id": {"0": "512-256"}, "optimizer": {"0": "Adam"}, "learning_rate": {"0": 0.005}, "input_prob": {"0": 0}, "hidden_prob": {"0": 0.002}, "weight_constraint": {"0": 0}, "loss": {"0": 0.1412523090839386}, "accuracy": {"0": 0.9433315396308899}, "val_loss": {"0": 0.166139617562294}, "val_accuracy": {"0": 0.9375013709068298}, "training_time": {"0": 341.036238}}