{"model_id": {"0": "512-512"}, "optimizer": {"0": "Adam"}, "learning_rate": {"0": 0.005}, "input_prob": {"0": 0}, "hidden_prob": {"0": 0.001}, "weight_constraint": {"0": 0}, "loss": {"0": 0.11612191796302795}, "accuracy": {"0": 0.9533834457397461}, "val_loss": {"0": 0.1514328271150589}, "val_accuracy": {"0": 0.9444719552993774}, "training_time": {"0": 381.124189}}