{"model_id": {"0": "256-256-256"}, "optimizer": {"0": "Adam"}, "learning_rate": {"0": 0.005}, "input_prob": {"0": 0}, "hidden_prob": {"0": 0.05}, "weight_constraint": {"0": 0}, "loss": {"0": 0.17467255890369415}, "accuracy": {"0": 0.9286779761314392}, "val_loss": {"0": 0.15160168707370758}, "val_accuracy": {"0": 0.9398679137229919}, "training_time": {"0": 362.812764}}