{"model_id": {"0": "512-256-128"}, "optimizer": {"0": "Adam"}, "learning_rate": {"0": 0.005}, "input_prob": {"0": 0}, "hidden_prob": {"0": 0.0005}, "weight_constraint": {"0": 0}, "loss": {"0": 0.1161276176571846}, "accuracy": {"0": 0.9532232880592346}, "val_loss": {"0": 0.1509367823600769}, "val_accuracy": {"0": 0.9429659247398376}, "training_time": {"0": 374.641884}}