{"model_id": {"0": "512-256"}, "optimizer": {"0": "Adam"}, "learning_rate": {"0": 0.005}, "input_prob": {"0": 0}, "hidden_prob": {"0": 0.01}, "weight_constraint": {"0": 0}, "loss": {"0": 0.14624209702014923}, "accuracy": {"0": 0.9413044452667236}, "val_loss": {"0": 0.16080714762210846}, "val_accuracy": {"0": 0.9387921690940857}, "training_time": {"0": 339.957314}}