{"model_id": {"0": "256-256-256"}, "optimizer": {"0": "Adam"}, "learning_rate": {"0": 0.005}, "input_prob": {"0": 0}, "hidden_prob": {"0": 0.5}, "weight_constraint": {"0": 0}, "loss": {"0": 0.48690927028656006}, "accuracy": {"0": 0.7975990176200867}, "val_loss": {"0": 0.3931087553501129}, "val_accuracy": {"0": 0.8401927947998047}, "training_time": {"0": 361.596051}}