{"model_id": {"0": "512-256"}, "optimizer": {"0": "Adam"}, "learning_rate": {"0": 0.005}, "input_prob": {"0": 0}, "hidden_prob": {"0": 0.0001}, "weight_constraint": {"0": 0}, "loss": {"0": 0.1340087652206421}, "accuracy": {"0": 0.9465252161026001}, "val_loss": {"0": 0.17496474087238312}, "val_accuracy": {"0": 0.9345539212226868}, "training_time": {"0": 348.486464}}