{"model_id": {"0": "256-256-256"}, "optimizer": {"0": "Adam"}, "learning_rate": {"0": 0.005}, "input_prob": {"0": 0}, "hidden_prob": {"0": 0.0002}, "weight_constraint": {"0": 0}, "loss": {"0": 0.10906200855970383}, "accuracy": {"0": 0.9563069939613342}, "val_loss": {"0": 0.15005646646022797}, "val_accuracy": {"0": 0.9454400539398193}, "training_time": {"0": 365.618267}}