{"model_id": {"0": "512-256-128"}, "optimizer": {"0": "Adam"}, "learning_rate": {"0": 0.005}, "input_prob": {"0": 0}, "hidden_prob": {"0": 0.0002}, "weight_constraint": {"0": 0}, "loss": {"0": 0.11328055709600449}, "accuracy": {"0": 0.9543014168739319}, "val_loss": {"0": 0.15920309722423553}, "val_accuracy": {"0": 0.940169095993042}, "training_time": {"0": 378.292831}}