{"model_id": {"0": "256-256-256"}, "optimizer": {"0": "Adam"}, "learning_rate": {"0": 0.005}, "input_prob": {"0": 0}, "hidden_prob": {"0": 0.02}, "weight_constraint": {"0": 0}, "loss": {"0": 0.14316979050636292}, "accuracy": {"0": 0.9422295689582825}, "val_loss": {"0": 0.1470157653093338}, "val_accuracy": {"0": 0.9433316588401794}, "training_time": {"0": 359.099031}}