{"model_id": {"0": "512-256-128"}, "optimizer": {"0": "Adam"}, "learning_rate": {"0": 0.005}, "input_prob": {"0": 0}, "hidden_prob": {"0": 0.005}, "weight_constraint": {"0": 0}, "loss": {"0": 0.1315365433692932}, "accuracy": {"0": 0.9471036791801453}, "val_loss": {"0": 0.1539568305015564}, "val_accuracy": {"0": 0.9412233233451843}, "training_time": {"0": 373.156612}}