{"model_id": {"0": "512-512"}, "optimizer": {"0": "Adam"}, "learning_rate": {"0": 0.005}, "input_prob": {"0": 0}, "hidden_prob": {"0": 0.005}, "weight_constraint": {"0": 0}, "loss": {"0": 0.12256552278995514}, "accuracy": {"0": 0.9507061243057251}, "val_loss": {"0": 0.17015311121940613}, "val_accuracy": {"0": 0.9385125041007996}, "training_time": {"0": 383.732066}}