{"model_id": {"0": "256-256-256"}, "optimizer": {"0": "Adam"}, "learning_rate": {"0": 0.005}, "input_prob": {"0": 0}, "hidden_prob": {"0": 0.0005}, "weight_constraint": {"0": 0}, "loss": {"0": 0.11053027957677841}, "accuracy": {"0": 0.9559651613235474}, "val_loss": {"0": 0.1494850218296051}, "val_accuracy": {"0": 0.9440847039222717}, "training_time": {"0": 358.849757}}