{"model_id": {"0": "256-256-256"}, "optimizer": {"0": "Adam"}, "learning_rate": {"0": 0.005}, "input_prob": {"0": 0}, "hidden_prob": {"0": 0.0001}, "weight_constraint": {"0": 0}, "loss": {"0": 0.10969028621912003}, "accuracy": {"0": 0.9556065797805786}, "val_loss": {"0": 0.14724941551685333}, "val_accuracy": {"0": 0.9462360739707947}, "training_time": {"0": 360.589241}}