{"model_id": {"0": "256-256-256"}, "optimizer": {"0": "Adam"}, "learning_rate": {"0": 0.005}, "input_prob": {"0": 0}, "hidden_prob": {"0": 0.002}, "weight_constraint": {"0": 0}, "loss": {"0": 0.11634117364883423}, "accuracy": {"0": 0.9533834457397461}, "val_loss": {"0": 0.15489743649959564}, "val_accuracy": {"0": 0.9409220814704895}, "training_time": {"0": 359.809039}}